mut_name,position,mutation,line,passage,read_count,freq,protein,syn_nonsyn,stop_codon,adaptive_moi0.1,weak_adaptive_moi0.1,adaptive_2plus_lines_def
1000GA,1000.0,GA,1,3,1,0.0007639419404125,mat,nonsyn,False,nonada,nonada,nonada
1000GA,1000.0,GA,3,7,1,0.0007639419404125,mat,nonsyn,False,nonada,nonada,nonada
1001TC,1001.0,TC,3,10,1,0.0007639419404125,mat,nonsyn,False,nonada,nonada,nonada
1001TG,1001.0,TG,1,10,1,0.0007639419404125,mat,nonsyn,False,nonada,nonada,nonada
1002GA,1002.0,GA,2,10,1,0.0007639419404125,mat,syn,False,nonada,nonada,nonada
1002GA,1002.0,GA,3,7,1,0.0007639419404125,mat,syn,False,nonada,nonada,nonada
1002GT,1002.0,GT,1,7,1,0.0007639419404125,mat,syn,False,nonada,nonada,nonada
1003CA,1003.0,CA,3,3,2,0.001527883880825,mat,nonsyn,False,nonada,nonada,nonada
1003CG,1003.0,CG,2,3,1,0.0007639419404125,mat,nonsyn,False,nonada,nonada,nonada
1003CT,1003.0,CT,1,3,1,0.0007639419404125,mat,nonsyn,False,nonada,nonada,nonada
1003CT,1003.0,CT,1,7,1,0.0007639419404125,mat,nonsyn,False,nonada,nonada,nonada
1003CT,1003.0,CT,2,10,2,0.001527883880825,mat,nonsyn,False,nonada,nonada,nonada
1004CT,1004.0,CT,1,3,8,0.0061115355233002,mat,nonsyn,False,nonada,nonada,nonada
1004CT,1004.0,CT,1,7,10,0.0076394194041252,mat,nonsyn,False,nonada,nonada,nonada
1004CT,1004.0,CT,1,10,7,0.0053475935828877,mat,nonsyn,False,nonada,nonada,nonada
1004CT,1004.0,CT,2,3,5,0.0038197097020626,mat,nonsyn,False,nonada,nonada,nonada
1004CT,1004.0,CT,2,7,7,0.0053475935828877,mat,nonsyn,False,nonada,nonada,nonada
1004CT,1004.0,CT,2,10,11,0.0084033613445378,mat,nonsyn,False,nonada,nonada,nonada
1004CT,1004.0,CT,3,3,14,0.0106951871657754,mat,nonsyn,False,nonada,nonada,nonada
1004CT,1004.0,CT,3,7,14,0.0106951871657754,mat,nonsyn,False,nonada,nonada,nonada
1004CT,1004.0,CT,3,10,12,0.0091673032849503,mat,nonsyn,False,nonada,nonada,nonada
1005TC,1005.0,TC,1,7,2,0.001527883880825,mat,syn,False,nonada,nonada,nonada
1005TC,1005.0,TC,2,7,1,0.0007639419404125,mat,syn,False,nonada,nonada,nonada
1005TC,1005.0,TC,2,10,1,0.0007639419404125,mat,syn,False,nonada,nonada,nonada
1005TC,1005.0,TC,3,7,1,0.0007639419404125,mat,syn,False,nonada,nonada,nonada
1006TC,1006.0,TC,2,7,1,0.0007639419404125,mat,nonsyn,False,nonada,nonada,nonada
1006TC,1006.0,TC,2,10,1,0.0007639419404125,mat,nonsyn,False,nonada,nonada,nonada
1008CT,1008.0,CT,2,3,1,0.0007639419404125,mat,syn,False,nonada,nonada,nonada
1009TC,1009.0,TC,2,3,1,0.0007639419404125,mat,nonsyn,False,nonada,nonada,nonada
1010CT,1010.0,CT,2,10,1,0.0007639419404125,mat,nonsyn,False,nonada,nonada,nonada
1011AG,1011.0,AG,2,7,2,0.001527883880825,mat,syn,False,nonada,nonada,nonada
1011AT,1011.0,AT,2,7,1,0.0007639419404125,mat,syn,False,nonada,nonada,nonada
1011AT,1011.0,AT,2,10,1,0.0007639419404125,mat,syn,False,nonada,nonada,nonada
1012TC,1012.0,TC,1,10,1,0.0007639419404125,mat,nonsyn,False,nonada,nonada,nonada
1012TC,1012.0,TC,2,7,1,0.0007639419404125,mat,nonsyn,False,nonada,nonada,nonada
1013TC,1013.0,TC,3,3,1,0.0007639419404125,mat,nonsyn,False,nonada,nonada,nonada
1014CT,1014.0,CT,1,10,1,0.0007639419404125,mat,syn,False,nonada,nonada,nonada
1014CT,1014.0,CT,3,7,1,0.0007639419404125,mat,syn,False,nonada,nonada,nonada
1015GA,1015.0,GA,1,7,1,0.0007639419404125,mat,nonsyn,False,nonada,nonada,nonada
1015GA,1015.0,GA,1,10,1,0.0007639419404125,mat,nonsyn,False,nonada,nonada,nonada
1015GA,1015.0,GA,2,10,1,0.0007639419404125,mat,nonsyn,False,nonada,nonada,nonada
1015GT,1015.0,GT,1,7,1,0.0007639419404125,mat,nonsyn,False,nonada,nonada,nonada
1016TC,1016.0,TC,1,3,2,0.001527883880825,mat,nonsyn,False,nonada,nonada,nonada
1017TC,1017.0,TC,1,7,1,0.0007639419404125,mat,syn,False,nonada,nonada,nonada
1017TC,1017.0,TC,1,10,1,0.0007639419404125,mat,syn,False,nonada,nonada,nonada
1017TC,1017.0,TC,3,3,1,0.0007639419404125,mat,syn,False,nonada,nonada,nonada
1017TC,1017.0,TC,3,7,3,0.0022918258212375,mat,syn,False,nonada,nonada,nonada
1017TG,1017.0,TG,3,7,1,0.0007639419404125,mat,syn,False,nonada,nonada,nonada
1018GA,1018.0,GA,1,3,1,0.0007639419404125,mat,nonsyn,False,nonada,nonada,nonada
1018GA,1018.0,GA,1,7,1,0.0007639419404125,mat,nonsyn,False,nonada,nonada,nonada
1018GA,1018.0,GA,3,7,2,0.001527883880825,mat,nonsyn,False,nonada,nonada,nonada
1018GA,1018.0,GA,3,10,1,0.0007639419404125,mat,nonsyn,False,nonada,nonada,nonada
1018GT,1018.0,GT,2,10,1,0.0007639419404125,mat,nonsyn,False,nonada,nonada,nonada
1018GT,1018.0,GT,3,7,1,0.0007639419404125,mat,nonsyn,False,nonada,nonada,nonada
1020CT,1020.0,CT,1,3,1,0.0007639419404125,mat,syn,False,nonada,nonada,nonada
1020CT,1020.0,CT,2,7,2,0.001527883880825,mat,syn,False,nonada,nonada,nonada
1021GA,1021.0,GA,1,3,1,0.0007639419404125,mat,nonsyn,False,nonada,nonada,nonada
1021GA,1021.0,GA,2,10,1,0.0007639419404125,mat,nonsyn,False,nonada,nonada,nonada
1021GA,1021.0,GA,3,10,1,0.0007639419404125,mat,nonsyn,False,nonada,nonada,nonada
1022AG,1022.0,AG,1,7,1,0.0007639419404125,mat,nonsyn,False,nonada,nonada,nonada
1022AG,1022.0,AG,2,10,1,0.0007639419404125,mat,nonsyn,False,nonada,nonada,nonada
1023CT,1023.0,CT,1,10,1,0.0007639419404125,mat,syn,False,nonada,nonada,nonada
1023CT,1023.0,CT,3,7,1,0.0007639419404125,mat,syn,False,nonada,nonada,nonada
1023CT,1023.0,CT,3,10,1,0.0007639419404125,mat,syn,False,nonada,nonada,nonada
1024TC,1024.0,TC,1,7,1,0.0007639419404125,mat,nonsyn,False,nonada,nonada,nonada
1024TC,1024.0,TC,2,7,1,0.0007639419404125,mat,nonsyn,False,nonada,nonada,nonada
1024TG,1024.0,TG,2,10,1,0.0007639419404125,mat,nonsyn,False,nonada,nonada,nonada
1025GA,1025.0,GA,2,3,2,0.001527883880825,mat,nonsyn,True,nonada,nonada,nonada
1026GA,1026.0,GA,3,10,1,0.0007639419404125,mat,nonsyn,True,nonada,nonada,nonada
1027CG,1027.0,CG,3,7,1,0.0007639419404125,mat,nonsyn,False,nonada,nonada,nonada
1027CT,1027.0,CT,2,10,1,0.0007639419404125,mat,nonsyn,False,nonada,nonada,nonada
1028TC,1028.0,TC,1,3,2,0.001527883880825,mat,nonsyn,False,nonada,nonada,nonada
1028TC,1028.0,TC,1,10,1,0.0007639419404125,mat,nonsyn,False,nonada,nonada,nonada
1028TC,1028.0,TC,2,10,2,0.001527883880825,mat,nonsyn,False,nonada,nonada,nonada
1029CG,1029.0,CG,1,10,1,0.0007639419404125,mat,syn,False,nonada,nonada,nonada
1029CT,1029.0,CT,1,7,1,0.0007639419404125,mat,syn,False,nonada,nonada,nonada
1029CT,1029.0,CT,2,3,1,0.0007639419404125,mat,syn,False,nonada,nonada,nonada
1029CT,1029.0,CT,2,10,1,0.0007639419404125,mat,syn,False,nonada,nonada,nonada
1029CT,1029.0,CT,3,3,1,0.0007639419404125,mat,syn,False,nonada,nonada,nonada
1029CT,1029.0,CT,3,7,1,0.0007639419404125,mat,syn,False,nonada,nonada,nonada
1030CT,1030.0,CT,2,3,1,0.0007639419404125,mat,syn,False,nonada,nonada,nonada
1031TC,1031.0,TC,1,7,1,0.0007639419404125,mat,nonsyn,False,nonada,nonada,nonada
1031TC,1031.0,TC,2,10,1,0.0007639419404125,mat,nonsyn,False,nonada,nonada,nonada
1032AG,1032.0,AG,2,3,1,0.0007639419404125,mat,syn,False,nonada,nonada,nonada
1032AG,1032.0,AG,2,10,1,0.0007639419404125,mat,syn,False,nonada,nonada,nonada
1032AG,1032.0,AG,3,7,1,0.0007639419404125,mat,syn,False,nonada,nonada,nonada
1032AG,1032.0,AG,3,10,1,0.0007639419404125,mat,syn,False,nonada,nonada,nonada
1032AT,1032.0,AT,2,7,1,0.0007639419404125,mat,syn,False,nonada,nonada,nonada
1033CA,1033.0,CA,1,3,1,0.0007639419404125,mat,nonsyn,False,nonada,nonada,nonada
1034CT,1034.0,CT,1,7,1,0.0007639419404125,mat,nonsyn,False,nonada,nonada,nonada
1035TC,1035.0,TC,2,3,3,0.0022918258212375,mat,syn,False,nonada,nonada,nonada
1035TC,1035.0,TC,2,10,2,0.001527883880825,mat,syn,False,nonada,nonada,nonada
1035TC,1035.0,TC,3,3,1,0.0007639419404125,mat,syn,False,nonada,nonada,nonada
1035TC,1035.0,TC,3,7,1,0.0007639419404125,mat,syn,False,nonada,nonada,nonada
1035TG,1035.0,TG,2,7,1,0.0007639419404125,mat,syn,False,nonada,nonada,nonada
1036GA,1036.0,GA,1,3,1,0.0007639419404125,mat,nonsyn,False,nonada,nonada,nonada
1036GA,1036.0,GA,2,10,1,0.0007639419404125,mat,nonsyn,False,nonada,nonada,nonada
1038AG,1038.0,AG,1,10,1,0.0007639419404125,mat,syn,False,nonada,nonada,nonada
1038AG,1038.0,AG,3,3,1,0.0007639419404125,mat,syn,False,nonada,nonada,nonada
1038AG,1038.0,AG,3,7,1,0.0007639419404125,mat,syn,False,nonada,nonada,nonada
1038AG,1038.0,AG,3,10,2,0.001527883880825,mat,syn,False,nonada,nonada,nonada
1039GA,1039.0,GA,1,7,2,0.001527883880825,mat,nonsyn,False,nonada,nonada,nonada
1039GA,1039.0,GA,1,10,2,0.001527883880825,mat,nonsyn,False,nonada,nonada,nonada
1039GA,1039.0,GA,2,3,1,0.0007639419404125,mat,nonsyn,False,nonada,nonada,nonada
1039GA,1039.0,GA,2,7,1,0.0007639419404125,mat,nonsyn,False,nonada,nonada,nonada
1039GT,1039.0,GT,3,10,1,0.0007639419404125,mat,nonsyn,False,nonada,nonada,nonada
1040GA,1040.0,GA,2,7,1,0.0007639419404125,mat,nonsyn,False,nonada,nonada,nonada
1040GA,1040.0,GA,3,3,1,0.0007639419404125,mat,nonsyn,False,nonada,nonada,nonada
1040GC,1040.0,GC,3,10,1,0.0007639419404125,mat,nonsyn,False,nonada,nonada,nonada
1041TC,1041.0,TC,2,3,1,0.0007639419404125,mat,syn,False,nonada,nonada,nonada
1041TC,1041.0,TC,2,7,2,0.001527883880825,mat,syn,False,nonada,nonada,nonada
1041TC,1041.0,TC,3,3,1,0.0007639419404125,mat,syn,False,nonada,nonada,nonada
1041TC,1041.0,TC,3,10,2,0.001527883880825,mat,syn,False,nonada,nonada,nonada
1043AG,1043.0,AG,1,10,1,0.0007639419404125,mat,nonsyn,False,nonada,nonada,nonada
1043AG,1043.0,AG,3,3,1,0.0007639419404125,mat,nonsyn,False,nonada,nonada,nonada
1043AT,1043.0,AT,2,3,1,0.0007639419404125,mat,nonsyn,False,nonada,nonada,nonada
1043AT,1043.0,AT,2,10,1,0.0007639419404125,mat,nonsyn,False,nonada,nonada,nonada
1044CT,1044.0,CT,3,10,1,0.0007639419404125,mat,syn,False,nonada,nonada,nonada
1045AC,1045.0,AC,3,7,1,0.0007639419404125,mat,nonsyn,False,nonada,nonada,nonada
1045AG,1045.0,AG,1,7,1,0.0007639419404125,mat,nonsyn,False,nonada,nonada,nonada
1045AG,1045.0,AG,3,3,1,0.0007639419404125,mat,nonsyn,False,nonada,nonada,nonada
1046TC,1046.0,TC,1,10,1,0.0007639419404125,mat,nonsyn,False,nonada,nonada,nonada
1046TC,1046.0,TC,2,3,1,0.0007639419404125,mat,nonsyn,False,nonada,nonada,nonada
1046TG,1046.0,TG,1,3,1,0.0007639419404125,mat,nonsyn,False,nonada,nonada,nonada
1046TG,1046.0,TG,3,7,1,0.0007639419404125,mat,nonsyn,False,nonada,nonada,nonada
1047GA,1047.0,GA,1,7,1,0.0007639419404125,mat,nonsyn,False,nonada,nonada,nonada
1047GA,1047.0,GA,2,3,1,0.0007639419404125,mat,nonsyn,False,nonada,nonada,nonada
1047GA,1047.0,GA,3,3,2,0.001527883880825,mat,nonsyn,False,nonada,nonada,nonada
1048CT,1048.0,CT,2,7,1,0.0007639419404125,mat,nonsyn,False,nonada,nonada,nonada
1050CA,1050.0,CA,2,7,1,0.0007639419404125,mat,syn,False,nonada,nonada,nonada
1050CG,1050.0,CG,2,7,1,0.0007639419404125,mat,syn,False,nonada,nonada,nonada
1050CT,1050.0,CT,1,3,1,0.0007639419404125,mat,syn,False,nonada,nonada,nonada
1050CT,1050.0,CT,1,10,1,0.0007639419404125,mat,syn,False,nonada,nonada,nonada
1050CT,1050.0,CT,2,3,2,0.001527883880825,mat,syn,False,nonada,nonada,nonada
1050CT,1050.0,CT,2,7,3,0.0022918258212375,mat,syn,False,nonada,nonada,nonada
1050CT,1050.0,CT,2,10,2,0.001527883880825,mat,syn,False,nonada,nonada,nonada
1051GA,1051.0,GA,1,3,1,0.0007639419404125,mat,nonsyn,False,nonada,nonada,nonada
1051GT,1051.0,GT,3,10,1,0.0007639419404125,mat,nonsyn,True,nonada,nonada,nonada
1052AC,1052.0,AC,1,10,1,0.0007639419404125,mat,nonsyn,False,nonada,nonada,nonada
1052AC,1052.0,AC,2,3,1,0.0007639419404125,mat,nonsyn,False,nonada,nonada,nonada
1052AC,1052.0,AC,3,10,2,0.001527883880825,mat,nonsyn,False,nonada,nonada,nonada
1052AG,1052.0,AG,1,7,1,0.0007639419404125,mat,nonsyn,False,nonada,nonada,nonada
1052AG,1052.0,AG,1,10,2,0.001527883880825,mat,nonsyn,False,nonada,nonada,nonada
1052AG,1052.0,AG,2,10,1,0.0007639419404125,mat,nonsyn,False,nonada,nonada,nonada
1052AG,1052.0,AG,3,10,1,0.0007639419404125,mat,nonsyn,False,nonada,nonada,nonada
1053GA,1053.0,GA,2,3,1,0.0007639419404125,mat,syn,False,nonada,nonada,nonada
1053GA,1053.0,GA,2,10,1,0.0007639419404125,mat,syn,False,nonada,nonada,nonada
1053GA,1053.0,GA,3,7,1,0.0007639419404125,mat,syn,False,nonada,nonada,nonada
1053GA,1053.0,GA,3,10,1,0.0007639419404125,mat,syn,False,nonada,nonada,nonada
1054GA,1054.0,GA,2,7,2,0.001527883880825,mat,nonsyn,False,nonada,nonada,nonada
1055GA,1055.0,GA,1,3,1,0.0007639419404125,mat,nonsyn,False,nonada,nonada,nonada
1055GA,1055.0,GA,3,7,1,0.0007639419404125,mat,nonsyn,False,nonada,nonada,nonada
1055GC,1055.0,GC,3,10,1,0.0007639419404125,mat,nonsyn,False,nonada,nonada,nonada
1056CT,1056.0,CT,1,3,2,0.001527883880825,mat,syn,False,nonada,nonada,nonada
1056CT,1056.0,CT,1,7,3,0.0022918258212375,mat,syn,False,nonada,nonada,nonada
1056CT,1056.0,CT,1,10,2,0.001527883880825,mat,syn,False,nonada,nonada,nonada
1056CT,1056.0,CT,3,7,1,0.0007639419404125,mat,syn,False,nonada,nonada,nonada
1057CT,1057.0,CT,1,3,1,0.0007639419404125,mat,nonsyn,False,nonada,nonada,nonada
1057CT,1057.0,CT,2,7,1,0.0007639419404125,mat,nonsyn,False,nonada,nonada,nonada
1058TA,1058.0,TA,1,10,1,0.0007639419404125,mat,nonsyn,False,nonada,nonada,nonada
1058TC,1058.0,TC,1,10,2,0.001527883880825,mat,nonsyn,False,nonada,nonada,nonada
1058TC,1058.0,TC,2,3,1,0.0007639419404125,mat,nonsyn,False,nonada,nonada,nonada
1058TC,1058.0,TC,2,10,1,0.0007639419404125,mat,nonsyn,False,nonada,nonada,nonada
1058TC,1058.0,TC,3,3,1,0.0007639419404125,mat,nonsyn,False,nonada,nonada,nonada
1058TC,1058.0,TC,3,7,1,0.0007639419404125,mat,nonsyn,False,nonada,nonada,nonada
1059TC,1059.0,TC,1,3,1,0.0007639419404125,mat,syn,False,nonada,nonada,nonada
1059TC,1059.0,TC,1,10,2,0.001527883880825,mat,syn,False,nonada,nonada,nonada
1059TC,1059.0,TC,3,7,2,0.001527883880825,mat,syn,False,nonada,nonada,nonada
1060AG,1060.0,AG,2,3,1,0.0007639419404125,mat,nonsyn,False,nonada,nonada,nonada
1061CT,1061.0,CT,1,7,1,0.0007639419404125,mat,nonsyn,False,nonada,nonada,nonada
1061CT,1061.0,CT,1,10,2,0.001527883880825,mat,nonsyn,False,nonada,nonada,nonada
1061CT,1061.0,CT,2,7,1,0.0007639419404125,mat,nonsyn,False,nonada,nonada,nonada
1061CT,1061.0,CT,3,10,1,0.0007639419404125,mat,nonsyn,False,nonada,nonada,nonada
1062GA,1062.0,GA,1,3,1,0.0007639419404125,mat,syn,False,nonada,nonada,nonada
1062GA,1062.0,GA,1,7,1,0.0007639419404125,mat,syn,False,nonada,nonada,nonada
1062GA,1062.0,GA,1,10,1,0.0007639419404125,mat,syn,False,nonada,nonada,nonada
1062GA,1062.0,GA,2,10,1,0.0007639419404125,mat,syn,False,nonada,nonada,nonada
1062GA,1062.0,GA,3,7,1,0.0007639419404125,mat,syn,False,nonada,nonada,nonada
1062GA,1062.0,GA,3,10,1,0.0007639419404125,mat,syn,False,nonada,nonada,nonada
1063GA,1063.0,GA,1,7,1,0.0007639419404125,mat,nonsyn,False,nonada,nonada,nonada
1063GA,1063.0,GA,2,3,1,0.0007639419404125,mat,nonsyn,False,nonada,nonada,nonada
1063GA,1063.0,GA,3,3,1,0.0007639419404125,mat,nonsyn,False,nonada,nonada,nonada
1063GA,1063.0,GA,3,10,1,0.0007639419404125,mat,nonsyn,False,nonada,nonada,nonada
1063GC,1063.0,GC,3,3,1,0.0007639419404125,mat,nonsyn,False,nonada,nonada,nonada
1063GT,1063.0,GT,1,3,1,0.0007639419404125,mat,nonsyn,False,nonada,nonada,nonada
1064CT,1064.0,CT,2,3,1,0.0007639419404125,mat,nonsyn,False,nonada,nonada,nonada
1064CT,1064.0,CT,3,7,1,0.0007639419404125,mat,nonsyn,False,nonada,nonada,nonada
1065CG,1065.0,CG,1,10,1,0.0007639419404125,mat,syn,False,nonada,nonada,nonada
1065CT,1065.0,CT,1,3,2,0.001527883880825,mat,syn,False,nonada,nonada,nonada
1065CT,1065.0,CT,1,7,1,0.0007639419404125,mat,syn,False,nonada,nonada,nonada
1065CT,1065.0,CT,2,10,1,0.0007639419404125,mat,syn,False,nonada,nonada,nonada
1065CT,1065.0,CT,3,3,2,0.001527883880825,mat,syn,False,nonada,nonada,nonada
1065CT,1065.0,CT,3,10,1,0.0007639419404125,mat,syn,False,nonada,nonada,nonada
1066CT,1066.0,CT,2,7,2,0.001527883880825,mat,nonsyn,False,nonada,nonada,nonada
1066CT,1066.0,CT,2,10,1,0.0007639419404125,mat,nonsyn,False,nonada,nonada,nonada
1068CA,1068.0,CA,2,7,1,0.0007639419404125,mat,syn,False,nonada,nonada,nonada
1068CA,1068.0,CA,3,3,1,0.0007639419404125,mat,syn,False,nonada,nonada,nonada
1068CT,1068.0,CT,1,10,1,0.0007639419404125,mat,syn,False,nonada,nonada,nonada
1068CT,1068.0,CT,2,7,2,0.001527883880825,mat,syn,False,nonada,nonada,nonada
1068CT,1068.0,CT,3,10,1,0.0007639419404125,mat,syn,False,nonada,nonada,nonada
1069GA,1069.0,GA,1,3,1,0.0007639419404125,mat,nonsyn,False,nonada,nonada,nonada
1069GA,1069.0,GA,1,7,2,0.001527883880825,mat,nonsyn,False,nonada,nonada,nonada
1069GA,1069.0,GA,1,10,1,0.0007639419404125,mat,nonsyn,False,nonada,nonada,nonada
1069GA,1069.0,GA,2,3,1,0.0007639419404125,mat,nonsyn,False,nonada,nonada,nonada
1069GA,1069.0,GA,2,7,1,0.0007639419404125,mat,nonsyn,False,nonada,nonada,nonada
1069GA,1069.0,GA,2,10,2,0.001527883880825,mat,nonsyn,False,nonada,nonada,nonada
1069GA,1069.0,GA,3,7,1,0.0007639419404125,mat,nonsyn,False,nonada,nonada,nonada
1070TC,1070.0,TC,1,10,1,0.0007639419404125,mat,nonsyn,False,nonada,nonada,nonada
1070TC,1070.0,TC,2,7,2,0.001527883880825,mat,nonsyn,False,nonada,nonada,nonada
1070TC,1070.0,TC,3,3,1,0.0007639419404125,mat,nonsyn,False,nonada,nonada,nonada
1070TG,1070.0,TG,1,7,2,0.001527883880825,mat,nonsyn,False,nonada,nonada,nonada
1070TG,1070.0,TG,3,3,1,0.0007639419404125,mat,nonsyn,False,nonada,nonada,nonada
1070TG,1070.0,TG,3,7,1,0.0007639419404125,mat,nonsyn,False,nonada,nonada,nonada
1071GA,1071.0,GA,1,3,1,0.0007639419404125,mat,syn,False,nonada,nonada,nonada
1071GA,1071.0,GA,1,10,1,0.0007639419404125,mat,syn,False,nonada,nonada,nonada
1071GA,1071.0,GA,2,7,3,0.0022918258212375,mat,syn,False,nonada,nonada,nonada
1071GA,1071.0,GA,2,10,1,0.0007639419404125,mat,syn,False,nonada,nonada,nonada
1071GA,1071.0,GA,3,3,1,0.0007639419404125,mat,syn,False,nonada,nonada,nonada
1071GA,1071.0,GA,3,10,1,0.0007639419404125,mat,syn,False,nonada,nonada,nonada
1072GA,1072.0,GA,1,3,2,0.001527883880825,mat,nonsyn,False,nonada,nonada,nonada
1072GA,1072.0,GA,2,7,1,0.0007639419404125,mat,nonsyn,False,nonada,nonada,nonada
1072GC,1072.0,GC,2,10,1,0.0007639419404125,mat,nonsyn,False,nonada,nonada,nonada
1073GA,1073.0,GA,2,7,2,0.001527883880825,mat,nonsyn,False,nonada,nonada,nonada
1074AG,1074.0,AG,1,10,1,0.0007639419404125,mat,syn,False,nonada,nonada,nonada
1074AG,1074.0,AG,2,10,2,0.001527883880825,mat,syn,False,nonada,nonada,nonada
1074AG,1074.0,AG,3,7,1,0.0007639419404125,mat,syn,False,nonada,nonada,nonada
1076GA,1076.0,GA,1,3,2,0.001527883880825,mat,nonsyn,False,nonada,nonada,nonada
1076GA,1076.0,GA,2,3,1,0.0007639419404125,mat,nonsyn,False,nonada,nonada,nonada
1076GC,1076.0,GC,3,3,1,0.0007639419404125,mat,nonsyn,False,nonada,nonada,nonada
1077CT,1077.0,CT,3,10,1,0.0007639419404125,mat,syn,False,nonada,nonada,nonada
1078TC,1078.0,TC,2,3,2,0.001527883880825,mat,nonsyn,False,nonada,nonada,nonada
1078TC,1078.0,TC,3,7,1,0.0007639419404125,mat,nonsyn,False,nonada,nonada,nonada
1079CT,1079.0,CT,2,3,1,0.0007639419404125,mat,nonsyn,False,nonada,nonada,nonada
1080CT,1080.0,CT,2,3,1,0.0007639419404125,mat,syn,False,nonada,nonada,nonada
1080CT,1080.0,CT,3,3,2,0.001527883880825,mat,syn,False,nonada,nonada,nonada
1080CT,1080.0,CT,3,7,2,0.001527883880825,mat,syn,False,nonada,nonada,nonada
1080CT,1080.0,CT,3,10,1,0.0007639419404125,mat,syn,False,nonada,nonada,nonada
1081TC,1081.0,TC,1,3,1,0.0007639419404125,mat,nonsyn,False,nonada,nonada,nonada
1081TC,1081.0,TC,3,3,1,0.0007639419404125,mat,nonsyn,False,nonada,nonada,nonada
1081TC,1081.0,TC,3,7,2,0.001527883880825,mat,nonsyn,False,nonada,nonada,nonada
1081TC,1081.0,TC,3,10,1,0.0007639419404125,mat,nonsyn,False,nonada,nonada,nonada
1082AG,1082.0,AG,1,7,1,0.0007639419404125,mat,nonsyn,False,nonada,nonada,nonada
1082AG,1082.0,AG,2,3,1,0.0007639419404125,mat,nonsyn,False,nonada,nonada,nonada
1083CT,1083.0,CT,2,3,1,0.0007639419404125,mat,syn,False,nonada,nonada,nonada
1083CT,1083.0,CT,2,7,1,0.0007639419404125,mat,syn,False,nonada,nonada,nonada
1083CT,1083.0,CT,2,10,1,0.0007639419404125,mat,syn,False,nonada,nonada,nonada
1083CT,1083.0,CT,3,3,1,0.0007639419404125,mat,syn,False,nonada,nonada,nonada
1083CT,1083.0,CT,3,10,1,0.0007639419404125,mat,syn,False,nonada,nonada,nonada
1084AC,1084.0,AC,1,10,1,0.0007639419404125,mat,nonsyn,False,nonada,nonada,nonada
1084AG,1084.0,AG,1,7,1,0.0007639419404125,mat,nonsyn,False,nonada,nonada,nonada
1084AG,1084.0,AG,1,10,1,0.0007639419404125,mat,nonsyn,False,nonada,nonada,nonada
1084AG,1084.0,AG,2,7,1,0.0007639419404125,mat,nonsyn,False,nonada,nonada,nonada
1085TC,1085.0,TC,1,3,2,0.001527883880825,mat,nonsyn,False,nonada,nonada,nonada
1085TC,1085.0,TC,1,10,1,0.0007639419404125,mat,nonsyn,False,nonada,nonada,nonada
1085TC,1085.0,TC,2,7,1,0.0007639419404125,mat,nonsyn,False,nonada,nonada,nonada
1085TC,1085.0,TC,3,10,1,0.0007639419404125,mat,nonsyn,False,nonada,nonada,nonada
1085TG,1085.0,TG,2,7,1,0.0007639419404125,mat,nonsyn,False,nonada,nonada,nonada
1085TG,1085.0,TG,3,3,1,0.0007639419404125,mat,nonsyn,False,nonada,nonada,nonada
1086GA,1086.0,GA,1,10,1,0.0007639419404125,mat,nonsyn,False,nonada,nonada,nonada
1086GA,1086.0,GA,2,3,1,0.0007639419404125,mat,nonsyn,False,nonada,nonada,nonada
1086GA,1086.0,GA,2,10,2,0.001527883880825,mat,nonsyn,False,nonada,nonada,nonada
1086GA,1086.0,GA,3,7,1,0.0007639419404125,mat,nonsyn,False,nonada,nonada,nonada
1086GA,1086.0,GA,3,10,2,0.001527883880825,mat,nonsyn,False,nonada,nonada,nonada
1087TC,1087.0,TC,2,3,2,0.001527883880825,mat,nonsyn,False,nonada,nonada,nonada
1087TC,1087.0,TC,2,7,1,0.0007639419404125,mat,nonsyn,False,nonada,nonada,nonada
1087TC,1087.0,TC,2,10,2,0.001527883880825,mat,nonsyn,False,nonada,nonada,nonada
1087TC,1087.0,TC,3,10,1,0.0007639419404125,mat,nonsyn,False,nonada,nonada,nonada
1087TG,1087.0,TG,1,3,2,0.001527883880825,mat,nonsyn,False,nonada,nonada,nonada
1087TG,1087.0,TG,2,3,1,0.0007639419404125,mat,nonsyn,False,nonada,nonada,nonada
1088CG,1088.0,CG,3,3,1,0.0007639419404125,mat,nonsyn,True,nonada,nonada,nonada
1088CT,1088.0,CT,3,3,2,0.001527883880825,mat,nonsyn,False,nonada,nonada,nonada
1088CT,1088.0,CT,3,10,1,0.0007639419404125,mat,nonsyn,False,nonada,nonada,nonada
1089AG,1089.0,AG,1,3,1,0.0007639419404125,mat,syn,False,nonada,nonada,nonada
1089AG,1089.0,AG,1,10,1,0.0007639419404125,mat,syn,False,nonada,nonada,nonada
1089AG,1089.0,AG,2,7,1,0.0007639419404125,mat,syn,False,nonada,nonada,nonada
1089AG,1089.0,AG,2,10,1,0.0007639419404125,mat,syn,False,nonada,nonada,nonada
1089AG,1089.0,AG,3,7,1,0.0007639419404125,mat,syn,False,nonada,nonada,nonada
1090GA,1090.0,GA,1,3,2,0.001527883880825,mat,nonsyn,False,nonada,nonada,nonada
1090GA,1090.0,GA,1,7,1,0.0007639419404125,mat,nonsyn,False,nonada,nonada,nonada
1090GA,1090.0,GA,2,3,2,0.001527883880825,mat,nonsyn,False,nonada,nonada,nonada
1090GA,1090.0,GA,3,7,1,0.0007639419404125,mat,nonsyn,False,nonada,nonada,nonada
1091GA,1091.0,GA,1,3,1,0.0007639419404125,mat,nonsyn,False,nonada,nonada,nonada
1091GA,1091.0,GA,3,3,2,0.001527883880825,mat,nonsyn,False,nonada,nonada,nonada
1091GT,1091.0,GT,3,3,1,0.0007639419404125,mat,nonsyn,False,nonada,nonada,nonada
1091GT,1091.0,GT,3,10,1,0.0007639419404125,mat,nonsyn,False,nonada,nonada,nonada
1092AG,1092.0,AG,2,7,1,0.0007639419404125,mat,syn,False,nonada,nonada,nonada
1092AG,1092.0,AG,2,10,1,0.0007639419404125,mat,syn,False,nonada,nonada,nonada
1092AG,1092.0,AG,3,7,1,0.0007639419404125,mat,syn,False,nonada,nonada,nonada
1092AG,1092.0,AG,3,10,1,0.0007639419404125,mat,syn,False,nonada,nonada,nonada
1094CT,1094.0,CT,2,7,1,0.0007639419404125,mat,nonsyn,False,nonada,nonada,nonada
1094CT,1094.0,CT,2,10,1,0.0007639419404125,mat,nonsyn,False,nonada,nonada,nonada
1095AG,1095.0,AG,1,3,1,0.0007639419404125,mat,syn,False,nonada,nonada,nonada
1095AG,1095.0,AG,1,7,1,0.0007639419404125,mat,syn,False,nonada,nonada,nonada
1095AG,1095.0,AG,1,10,3,0.0022918258212375,mat,syn,False,nonada,nonada,nonada
1095AG,1095.0,AG,2,3,1,0.0007639419404125,mat,syn,False,nonada,nonada,nonada
1095AG,1095.0,AG,2,7,2,0.001527883880825,mat,syn,False,nonada,nonada,nonada
1095AG,1095.0,AG,3,3,2,0.001527883880825,mat,syn,False,nonada,nonada,nonada
1095AG,1095.0,AG,3,7,1,0.0007639419404125,mat,syn,False,nonada,nonada,nonada
1096GA,1096.0,GA,1,3,1,0.0007639419404125,mat,nonsyn,False,nonada,nonada,nonada
1097TA,1097.0,TA,2,7,1,0.0007639419404125,mat,nonsyn,False,nonada,nonada,nonada
1097TC,1097.0,TC,1,3,1,0.0007639419404125,mat,nonsyn,False,nonada,nonada,nonada
1097TC,1097.0,TC,2,10,2,0.001527883880825,mat,nonsyn,False,nonada,nonada,nonada
1097TC,1097.0,TC,3,3,1,0.0007639419404125,mat,nonsyn,False,nonada,nonada,nonada
1097TC,1097.0,TC,3,7,1,0.0007639419404125,mat,nonsyn,False,nonada,nonada,nonada
1098TC,1098.0,TC,1,3,1,0.0007639419404125,mat,syn,False,nonada,nonada,nonada
1098TC,1098.0,TC,1,7,4,0.0030557677616501,mat,syn,False,nonada,nonada,nonada
1098TC,1098.0,TC,2,3,2,0.001527883880825,mat,syn,False,nonada,nonada,nonada
1098TC,1098.0,TC,2,7,1,0.0007639419404125,mat,syn,False,nonada,nonada,nonada
1098TC,1098.0,TC,3,10,2,0.001527883880825,mat,syn,False,nonada,nonada,nonada
1099AG,1099.0,AG,2,7,1,0.0007639419404125,mat,nonsyn,False,nonada,nonada,nonada
1100CT,1100.0,CT,1,10,1,0.0007639419404125,mat,nonsyn,False,nonada,nonada,nonada
1100CT,1100.0,CT,3,3,1,0.0007639419404125,mat,nonsyn,False,nonada,nonada,nonada
1101TC,1101.0,TC,2,3,1,0.0007639419404125,mat,syn,False,nonada,nonada,nonada
1101TC,1101.0,TC,3,10,2,0.001527883880825,mat,syn,False,nonada,nonada,nonada
1101TG,1101.0,TG,1,7,1,0.0007639419404125,mat,syn,False,nonada,nonada,nonada
1102GA,1102.0,GA,2,7,1,0.0007639419404125,mat,nonsyn,False,nonada,nonada,nonada
1102GA,1102.0,GA,3,7,1,0.0007639419404125,mat,nonsyn,False,nonada,nonada,nonada
1102GC,1102.0,GC,3,10,1,0.0007639419404125,mat,nonsyn,False,nonada,nonada,nonada
1103AG,1103.0,AG,1,3,1,0.0007639419404125,mat,nonsyn,False,nonada,nonada,nonada
1104CA,1104.0,CA,2,3,1,0.0007639419404125,mat,nonsyn,False,nonada,nonada,nonada
1104CT,1104.0,CT,1,3,2,0.001527883880825,mat,syn,False,nonada,nonada,nonada
1104CT,1104.0,CT,1,7,1,0.0007639419404125,mat,syn,False,nonada,nonada,nonada
1104CT,1104.0,CT,2,7,1,0.0007639419404125,mat,syn,False,nonada,nonada,nonada
1104CT,1104.0,CT,2,10,1,0.0007639419404125,mat,syn,False,nonada,nonada,nonada
1104CT,1104.0,CT,3,10,1,0.0007639419404125,mat,syn,False,nonada,nonada,nonada
1105GA,1105.0,GA,1,7,1,0.0007639419404125,mat,nonsyn,False,nonada,nonada,nonada
1105GA,1105.0,GA,1,10,1,0.0007639419404125,mat,nonsyn,False,nonada,nonada,nonada
1105GA,1105.0,GA,2,10,1,0.0007639419404125,mat,nonsyn,False,nonada,nonada,nonada
1105GT,1105.0,GT,1,7,1,0.0007639419404125,mat,nonsyn,False,nonada,nonada,nonada
1106TA,1106.0,TA,2,7,1,0.0007639419404125,mat,nonsyn,False,nonada,nonada,nonada
1106TA,1106.0,TA,3,3,1,0.0007639419404125,mat,nonsyn,False,nonada,nonada,nonada
1107AG,1107.0,AG,1,7,2,0.001527883880825,mat,syn,False,nonada,nonada,nonada
1107AG,1107.0,AG,1,10,1,0.0007639419404125,mat,syn,False,nonada,nonada,nonada
1107AG,1107.0,AG,2,3,1,0.0007639419404125,mat,syn,False,nonada,nonada,nonada
1108AG,1108.0,AG,1,7,1,0.0007639419404125,mat,nonsyn,False,nonada,nonada,nonada
1108AG,1108.0,AG,2,7,1,0.0007639419404125,mat,nonsyn,False,nonada,nonada,nonada
1108AG,1108.0,AG,3,3,1,0.0007639419404125,mat,nonsyn,False,nonada,nonada,nonada
1108AT,1108.0,AT,3,7,1,0.0007639419404125,mat,nonsyn,False,nonada,nonada,nonada
1110AC,1110.0,AC,2,10,1,0.0007639419404125,mat,syn,False,nonada,nonada,nonada
1110AC,1110.0,AC,3,10,1,0.0007639419404125,mat,syn,False,nonada,nonada,nonada
1111AG,1111.0,AG,1,3,1,0.0007639419404125,mat,nonsyn,False,nonada,nonada,nonada
1111AG,1111.0,AG,1,10,2,0.001527883880825,mat,nonsyn,False,nonada,nonada,nonada
1111AG,1111.0,AG,2,7,1,0.0007639419404125,mat,nonsyn,False,nonada,nonada,nonada
1111AG,1111.0,AG,2,10,1,0.0007639419404125,mat,nonsyn,False,nonada,nonada,nonada
1111AG,1111.0,AG,3,10,1,0.0007639419404125,mat,nonsyn,False,nonada,nonada,nonada
1111AT,1111.0,AT,1,3,1,0.0007639419404125,mat,nonsyn,False,nonada,nonada,nonada
1111AT,1111.0,AT,3,10,1,0.0007639419404125,mat,nonsyn,False,nonada,nonada,nonada
1112CA,1112.0,CA,2,7,1,0.0007639419404125,mat,nonsyn,False,nonada,nonada,nonada
1112CT,1112.0,CT,1,7,1,0.0007639419404125,mat,nonsyn,False,nonada,nonada,nonada
1112CT,1112.0,CT,1,10,1,0.0007639419404125,mat,nonsyn,False,nonada,nonada,nonada
1112CT,1112.0,CT,2,3,2,0.001527883880825,mat,nonsyn,False,nonada,nonada,nonada
1112CT,1112.0,CT,2,7,1,0.0007639419404125,mat,nonsyn,False,nonada,nonada,nonada
1113GA,1113.0,GA,2,7,1,0.0007639419404125,mat,syn,False,nonada,nonada,nonada
1113GA,1113.0,GA,3,3,1,0.0007639419404125,mat,syn,False,nonada,nonada,nonada
1113GA,1113.0,GA,3,7,2,0.001527883880825,mat,syn,False,nonada,nonada,nonada
1113GA,1113.0,GA,3,10,1,0.0007639419404125,mat,syn,False,nonada,nonada,nonada
1114GA,1114.0,GA,1,7,1,0.0007639419404125,mat,nonsyn,False,nonada,nonada,nonada
1114GA,1114.0,GA,2,7,1,0.0007639419404125,mat,nonsyn,False,nonada,nonada,nonada
1114GA,1114.0,GA,2,10,5,0.0038197097020626,mat,nonsyn,False,nonada,nonada,nonada
1114GA,1114.0,GA,3,10,2,0.001527883880825,mat,nonsyn,False,nonada,nonada,nonada
1116TC,1116.0,TC,1,7,2,0.001527883880825,mat,syn,False,nonada,nonada,nonada
1117GA,1117.0,GA,3,7,1,0.0007639419404125,mat,nonsyn,False,nonada,nonada,nonada
1118AG,1118.0,AG,1,3,1,0.0007639419404125,mat,nonsyn,False,nonada,nonada,nonada
1118AG,1118.0,AG,2,3,1,0.0007639419404125,mat,nonsyn,False,nonada,nonada,nonada
1118AG,1118.0,AG,2,7,1,0.0007639419404125,mat,nonsyn,False,nonada,nonada,nonada
1118AG,1118.0,AG,3,3,1,0.0007639419404125,mat,nonsyn,False,nonada,nonada,nonada
1118AT,1118.0,AT,3,7,1,0.0007639419404125,mat,nonsyn,False,nonada,nonada,nonada
1119GA,1119.0,GA,1,3,3,0.0022918258212375,mat,syn,False,nonada,nonada,nonada
1119GA,1119.0,GA,1,7,2,0.001527883880825,mat,syn,False,nonada,nonada,nonada
1119GA,1119.0,GA,1,10,1,0.0007639419404125,mat,syn,False,nonada,nonada,nonada
1119GA,1119.0,GA,2,3,1,0.0007639419404125,mat,syn,False,nonada,nonada,nonada
1119GA,1119.0,GA,2,7,2,0.001527883880825,mat,syn,False,nonada,nonada,nonada
1119GA,1119.0,GA,3,7,2,0.001527883880825,mat,syn,False,nonada,nonada,nonada
1119GA,1119.0,GA,3,10,2,0.001527883880825,mat,syn,False,nonada,nonada,nonada
1120TC,1120.0,TC,1,10,1,0.0007639419404125,mat,nonsyn,False,nonada,nonada,nonada
1120TC,1120.0,TC,2,3,1,0.0007639419404125,mat,nonsyn,False,nonada,nonada,nonada
1120TC,1120.0,TC,3,7,1,0.0007639419404125,mat,nonsyn,False,nonada,nonada,nonada
1121CT,1121.0,CT,1,10,1,0.0007639419404125,mat,nonsyn,False,nonada,nonada,nonada
1121CT,1121.0,CT,2,3,1,0.0007639419404125,mat,nonsyn,False,nonada,nonada,nonada
1121CT,1121.0,CT,3,7,1,0.0007639419404125,mat,nonsyn,False,nonada,nonada,nonada
1122CT,1122.0,CT,3,10,1,0.0007639419404125,mat,syn,False,nonada,nonada,nonada
1123AC,1123.0,AC,2,3,1,0.0007639419404125,mat,nonsyn,False,nonada,nonada,nonada
1123AG,1123.0,AG,1,3,2,0.001527883880825,mat,nonsyn,False,nonada,nonada,nonada
1123AG,1123.0,AG,1,10,1,0.0007639419404125,mat,nonsyn,False,nonada,nonada,nonada
1123AG,1123.0,AG,2,10,1,0.0007639419404125,mat,nonsyn,False,nonada,nonada,nonada
1124TC,1124.0,TC,1,7,1,0.0007639419404125,mat,nonsyn,False,nonada,nonada,nonada
1124TC,1124.0,TC,3,7,1,0.0007639419404125,mat,nonsyn,False,nonada,nonada,nonada
1124TC,1124.0,TC,3,10,1,0.0007639419404125,mat,nonsyn,False,nonada,nonada,nonada
1125CT,1125.0,CT,1,3,1,0.0007639419404125,mat,syn,False,nonada,nonada,nonada
1125CT,1125.0,CT,1,7,2,0.001527883880825,mat,syn,False,nonada,nonada,nonada
1125CT,1125.0,CT,1,10,1,0.0007639419404125,mat,syn,False,nonada,nonada,nonada
1125CT,1125.0,CT,2,10,2,0.001527883880825,mat,syn,False,nonada,nonada,nonada
1125CT,1125.0,CT,3,3,2,0.001527883880825,mat,syn,False,nonada,nonada,nonada
1125CT,1125.0,CT,3,7,1,0.0007639419404125,mat,syn,False,nonada,nonada,nonada
1125CT,1125.0,CT,3,10,2,0.001527883880825,mat,syn,False,nonada,nonada,nonada
1126AG,1126.0,AG,1,7,1,0.0007639419404125,mat,nonsyn,False,nonada,nonada,nonada
1126AG,1126.0,AG,1,10,2,0.001527883880825,mat,nonsyn,False,nonada,nonada,nonada
1126AG,1126.0,AG,2,3,1,0.0007639419404125,mat,nonsyn,False,nonada,nonada,nonada
1126AG,1126.0,AG,2,7,1,0.0007639419404125,mat,nonsyn,False,nonada,nonada,nonada
1127TC,1127.0,TC,1,3,1,0.0007639419404125,mat,nonsyn,False,nonada,nonada,nonada
1127TC,1127.0,TC,1,10,1,0.0007639419404125,mat,nonsyn,False,nonada,nonada,nonada
1127TG,1127.0,TG,1,3,1,0.0007639419404125,mat,nonsyn,False,nonada,nonada,nonada
1129AG,1129.0,AG,1,7,1,0.0007639419404125,mat,nonsyn,False,nonada,nonada,nonada
1129AG,1129.0,AG,2,3,1,0.0007639419404125,mat,nonsyn,False,nonada,nonada,nonada
1130GA,1130.0,GA,2,3,1,0.0007639419404125,mat,nonsyn,False,nonada,nonada,nonada
1130GA,1130.0,GA,3,3,1,0.0007639419404125,mat,nonsyn,False,nonada,nonada,nonada
1131CA,1131.0,CA,1,7,1,0.0007639419404125,mat,nonsyn,False,nonada,nonada,nonada
1131CT,1131.0,CT,2,7,1,0.0007639419404125,mat,syn,False,nonada,nonada,nonada
1131CT,1131.0,CT,3,10,2,0.001527883880825,mat,syn,False,nonada,nonada,nonada
1132GA,1132.0,GA,1,3,2,0.001527883880825,mat,nonsyn,False,nonada,nonada,nonada
1132GA,1132.0,GA,1,7,10,0.0076394194041252,mat,nonsyn,False,nonada,nonada,nonada
1132GA,1132.0,GA,1,10,4,0.0030557677616501,mat,nonsyn,False,nonada,nonada,nonada
1132GA,1132.0,GA,2,7,6,0.0045836516424751,mat,nonsyn,False,nonada,nonada,nonada
1132GA,1132.0,GA,2,10,4,0.0030557677616501,mat,nonsyn,False,nonada,nonada,nonada
1132GA,1132.0,GA,3,3,2,0.001527883880825,mat,nonsyn,False,nonada,nonada,nonada
1132GA,1132.0,GA,3,7,6,0.0045836516424751,mat,nonsyn,False,nonada,nonada,nonada
1132GA,1132.0,GA,3,10,3,0.0022918258212375,mat,nonsyn,False,nonada,nonada,nonada
1132GT,1132.0,GT,2,3,1,0.0007639419404125,mat,nonsyn,False,nonada,nonada,nonada
1133TA,1133.0,TA,2,7,1,0.0007639419404125,mat,nonsyn,False,nonada,nonada,nonada
1133TC,1133.0,TC,1,3,1,0.0007639419404125,mat,nonsyn,False,nonada,nonada,nonada
1133TC,1133.0,TC,1,7,2,0.001527883880825,mat,nonsyn,False,nonada,nonada,nonada
1133TC,1133.0,TC,1,10,2,0.001527883880825,mat,nonsyn,False,nonada,nonada,nonada
1133TC,1133.0,TC,2,10,1,0.0007639419404125,mat,nonsyn,False,nonada,nonada,nonada
1133TC,1133.0,TC,3,3,2,0.001527883880825,mat,nonsyn,False,nonada,nonada,nonada
1133TC,1133.0,TC,3,7,1,0.0007639419404125,mat,nonsyn,False,nonada,nonada,nonada
1134TC,1134.0,TC,1,7,1,0.0007639419404125,mat,syn,False,nonada,nonada,nonada
1134TG,1134.0,TG,2,3,1,0.0007639419404125,mat,syn,False,nonada,nonada,nonada
1135GA,1135.0,GA,1,3,1,0.0007639419404125,mat,nonsyn,False,nonada,nonada,nonada
1135GA,1135.0,GA,3,3,1,0.0007639419404125,mat,nonsyn,False,nonada,nonada,nonada
1135GA,1135.0,GA,3,7,2,0.001527883880825,mat,nonsyn,False,nonada,nonada,nonada
1135GA,1135.0,GA,3,10,1,0.0007639419404125,mat,nonsyn,False,nonada,nonada,nonada
1135GT,1135.0,GT,3,10,1,0.0007639419404125,mat,nonsyn,False,nonada,nonada,nonada
1136AG,1136.0,AG,1,3,1,0.0007639419404125,mat,nonsyn,False,nonada,nonada,nonada
1137CT,1137.0,CT,1,3,1,0.0007639419404125,mat,syn,False,nonada,nonada,nonada
1137CT,1137.0,CT,1,7,1,0.0007639419404125,mat,syn,False,nonada,nonada,nonada
1137CT,1137.0,CT,1,10,1,0.0007639419404125,mat,syn,False,nonada,nonada,nonada
1137CT,1137.0,CT,2,7,1,0.0007639419404125,mat,syn,False,nonada,nonada,nonada
1137CT,1137.0,CT,2,10,1,0.0007639419404125,mat,syn,False,nonada,nonada,nonada
1137CT,1137.0,CT,3,7,1,0.0007639419404125,mat,syn,False,nonada,nonada,nonada
1138GA,1138.0,GA,1,7,1,0.0007639419404125,mat,nonsyn,False,nonada,nonada,nonada
1138GA,1138.0,GA,3,3,1,0.0007639419404125,mat,nonsyn,False,nonada,nonada,nonada
1138GA,1138.0,GA,3,7,1,0.0007639419404125,mat,nonsyn,False,nonada,nonada,nonada
1139CA,1139.0,CA,2,10,1,0.0007639419404125,mat,nonsyn,False,nonada,nonada,nonada
1139CT,1139.0,CT,1,3,1,0.0007639419404125,mat,nonsyn,False,nonada,nonada,nonada
1139CT,1139.0,CT,1,10,1,0.0007639419404125,mat,nonsyn,False,nonada,nonada,nonada
1139CT,1139.0,CT,2,7,1,0.0007639419404125,mat,nonsyn,False,nonada,nonada,nonada
1139CT,1139.0,CT,3,7,1,0.0007639419404125,mat,nonsyn,False,nonada,nonada,nonada
1140TC,1140.0,TC,1,3,1,0.0007639419404125,mat,syn,False,nonada,nonada,nonada
1140TC,1140.0,TC,1,10,2,0.001527883880825,mat,syn,False,nonada,nonada,nonada
1140TC,1140.0,TC,2,7,1,0.0007639419404125,mat,syn,False,nonada,nonada,nonada
1140TC,1140.0,TC,3,3,1,0.0007639419404125,mat,syn,False,nonada,nonada,nonada
1140TC,1140.0,TC,3,10,1,0.0007639419404125,mat,syn,False,nonada,nonada,nonada
1141CA,1141.0,CA,2,10,1,0.0007639419404125,mat,nonsyn,False,nonada,nonada,nonada
1141CT,1141.0,CT,1,7,1,0.0007639419404125,mat,nonsyn,False,nonada,nonada,nonada
1141CT,1141.0,CT,3,10,1,0.0007639419404125,mat,nonsyn,False,nonada,nonada,nonada
1142CT,1142.0,CT,1,7,1,0.0007639419404125,mat,nonsyn,False,nonada,nonada,nonada
1142CT,1142.0,CT,2,7,1,0.0007639419404125,mat,nonsyn,False,nonada,nonada,nonada
1143CA,1143.0,CA,2,10,1,0.0007639419404125,mat,syn,False,nonada,nonada,nonada
1143CT,1143.0,CT,2,3,2,0.001527883880825,mat,syn,False,nonada,nonada,nonada
1143CT,1143.0,CT,2,7,1,0.0007639419404125,mat,syn,False,nonada,nonada,nonada
1143CT,1143.0,CT,2,10,2,0.001527883880825,mat,syn,False,nonada,nonada,nonada
1143CT,1143.0,CT,3,3,1,0.0007639419404125,mat,syn,False,nonada,nonada,nonada
1144TC,1144.0,TC,2,7,1,0.0007639419404125,mat,nonsyn,False,nonada,nonada,nonada
1144TC,1144.0,TC,3,7,1,0.0007639419404125,mat,nonsyn,False,nonada,nonada,nonada
1144TC,1144.0,TC,3,10,1,0.0007639419404125,mat,nonsyn,False,nonada,nonada,nonada
1146CT,1146.0,CT,1,3,1,0.0007639419404125,mat,syn,False,nonada,nonada,nonada
1146CT,1146.0,CT,1,7,2,0.001527883880825,mat,syn,False,nonada,nonada,nonada
1146CT,1146.0,CT,1,10,2,0.001527883880825,mat,syn,False,nonada,nonada,nonada
1146CT,1146.0,CT,2,3,1,0.0007639419404125,mat,syn,False,nonada,nonada,nonada
1146CT,1146.0,CT,2,7,1,0.0007639419404125,mat,syn,False,nonada,nonada,nonada
1146CT,1146.0,CT,2,10,1,0.0007639419404125,mat,syn,False,nonada,nonada,nonada
1146CT,1146.0,CT,3,3,1,0.0007639419404125,mat,syn,False,nonada,nonada,nonada
1146CT,1146.0,CT,3,7,2,0.001527883880825,mat,syn,False,nonada,nonada,nonada
1146CT,1146.0,CT,3,10,1,0.0007639419404125,mat,syn,False,nonada,nonada,nonada
1147GA,1147.0,GA,1,3,1,0.0007639419404125,mat,nonsyn,False,nonada,nonada,nonada
1147GA,1147.0,GA,3,10,1,0.0007639419404125,mat,nonsyn,False,nonada,nonada,nonada
1147GC,1147.0,GC,2,7,1,0.0007639419404125,mat,nonsyn,False,nonada,nonada,nonada
1148GA,1148.0,GA,1,10,1,0.0007639419404125,mat,nonsyn,False,nonada,nonada,nonada
1148GA,1148.0,GA,2,3,1,0.0007639419404125,mat,nonsyn,False,nonada,nonada,nonada
1148GA,1148.0,GA,2,7,1,0.0007639419404125,mat,nonsyn,False,nonada,nonada,nonada
1148GA,1148.0,GA,3,3,1,0.0007639419404125,mat,nonsyn,False,nonada,nonada,nonada
1148GA,1148.0,GA,3,7,1,0.0007639419404125,mat,nonsyn,False,nonada,nonada,nonada
1149GA,1149.0,GA,2,3,1,0.0007639419404125,mat,syn,False,nonada,nonada,nonada
1150TC,1150.0,TC,3,10,1,0.0007639419404125,mat,nonsyn,False,nonada,nonada,nonada
1151GA,1151.0,GA,3,7,1,0.0007639419404125,mat,nonsyn,True,nonada,nonada,nonada
1152GA,1152.0,GA,3,10,1,0.0007639419404125,mat,nonsyn,True,nonada,nonada,nonada
1153AG,1153.0,AG,1,3,1,0.0007639419404125,mat,nonsyn,False,nonada,nonada,nonada
1153AG,1153.0,AG,1,7,1,0.0007639419404125,mat,nonsyn,False,nonada,nonada,nonada
1153AG,1153.0,AG,2,3,1,0.0007639419404125,mat,nonsyn,False,nonada,nonada,nonada
1153AG,1153.0,AG,2,7,3,0.0022918258212375,mat,nonsyn,False,nonada,nonada,nonada
1153AG,1153.0,AG,2,10,2,0.001527883880825,mat,nonsyn,False,nonada,nonada,nonada
1153AG,1153.0,AG,3,3,1,0.0007639419404125,mat,nonsyn,False,nonada,nonada,nonada
1153AG,1153.0,AG,3,7,1,0.0007639419404125,mat,nonsyn,False,nonada,nonada,nonada
1154CG,1154.0,CG,1,7,1,0.0007639419404125,mat,nonsyn,False,nonada,nonada,nonada
1154CT,1154.0,CT,2,7,1,0.0007639419404125,mat,nonsyn,False,nonada,nonada,nonada
1154CT,1154.0,CT,3,3,1,0.0007639419404125,mat,nonsyn,False,nonada,nonada,nonada
1154CT,1154.0,CT,3,10,1,0.0007639419404125,mat,nonsyn,False,nonada,nonada,nonada
1155TC,1155.0,TC,1,3,2,0.001527883880825,mat,syn,False,nonada,nonada,nonada
1155TC,1155.0,TC,1,7,1,0.0007639419404125,mat,syn,False,nonada,nonada,nonada
1155TC,1155.0,TC,1,10,1,0.0007639419404125,mat,syn,False,nonada,nonada,nonada
1155TC,1155.0,TC,2,3,1,0.0007639419404125,mat,syn,False,nonada,nonada,nonada
1156GA,1156.0,GA,1,3,2,0.001527883880825,mat,nonsyn,False,nonada,nonada,nonada
1156GA,1156.0,GA,1,7,4,0.0030557677616501,mat,nonsyn,False,nonada,nonada,nonada
1156GA,1156.0,GA,1,10,1,0.0007639419404125,mat,nonsyn,False,nonada,nonada,nonada
1156GA,1156.0,GA,2,3,10,0.0076394194041252,mat,nonsyn,False,nonada,nonada,nonada
1156GA,1156.0,GA,2,7,2,0.001527883880825,mat,nonsyn,False,nonada,nonada,nonada
1156GA,1156.0,GA,2,10,3,0.0022918258212375,mat,nonsyn,False,nonada,nonada,nonada
1156GA,1156.0,GA,3,3,10,0.0076394194041252,mat,nonsyn,False,nonada,nonada,nonada
1156GA,1156.0,GA,3,7,6,0.0045836516424751,mat,nonsyn,False,nonada,nonada,nonada
1156GA,1156.0,GA,3,10,1,0.0007639419404125,mat,nonsyn,False,nonada,nonada,nonada
1157TC,1157.0,TC,1,10,1,0.0007639419404125,mat,nonsyn,False,nonada,nonada,nonada
1157TC,1157.0,TC,2,7,1,0.0007639419404125,mat,nonsyn,False,nonada,nonada,nonada
1158GA,1158.0,GA,2,10,1,0.0007639419404125,mat,syn,False,nonada,nonada,nonada
1158GA,1158.0,GA,3,3,1,0.0007639419404125,mat,syn,False,nonada,nonada,nonada
1159GA,1159.0,GA,2,7,1,0.0007639419404125,mat,nonsyn,False,nonada,nonada,nonada
1159GA,1159.0,GA,3,7,1,0.0007639419404125,mat,nonsyn,False,nonada,nonada,nonada
1159GA,1159.0,GA,3,10,1,0.0007639419404125,mat,nonsyn,False,nonada,nonada,nonada
1159GT,1159.0,GT,1,3,1,0.0007639419404125,mat,nonsyn,True,nonada,nonada,nonada
1160AG,1160.0,AG,1,7,1,0.0007639419404125,mat,nonsyn,False,nonada,nonada,nonada
1160AG,1160.0,AG,2,3,1,0.0007639419404125,mat,nonsyn,False,nonada,nonada,nonada
1161GA,1161.0,GA,1,10,1,0.0007639419404125,mat,syn,False,nonada,nonada,nonada
1161GA,1161.0,GA,2,7,1,0.0007639419404125,mat,syn,False,nonada,nonada,nonada
1161GA,1161.0,GA,2,10,1,0.0007639419404125,mat,syn,False,nonada,nonada,nonada
1161GA,1161.0,GA,3,3,2,0.001527883880825,mat,syn,False,nonada,nonada,nonada
1161GA,1161.0,GA,3,10,1,0.0007639419404125,mat,syn,False,nonada,nonada,nonada
1161GT,1161.0,GT,3,10,1,0.0007639419404125,mat,nonsyn,False,nonada,nonada,nonada
1162AG,1162.0,AG,3,10,1,0.0007639419404125,mat,nonsyn,False,nonada,nonada,nonada
1163GA,1163.0,GA,1,3,1,0.0007639419404125,mat,nonsyn,False,nonada,nonada,nonada
1163GA,1163.0,GA,1,7,1,0.0007639419404125,mat,nonsyn,False,nonada,nonada,nonada
1163GA,1163.0,GA,1,10,1,0.0007639419404125,mat,nonsyn,False,nonada,nonada,nonada
1163GA,1163.0,GA,2,7,1,0.0007639419404125,mat,nonsyn,False,nonada,nonada,nonada
1163GA,1163.0,GA,3,7,1,0.0007639419404125,mat,nonsyn,False,nonada,nonada,nonada
1164AG,1164.0,AG,1,10,1,0.0007639419404125,mat,syn,False,nonada,nonada,nonada
1164AG,1164.0,AG,2,3,2,0.001527883880825,mat,syn,False,nonada,nonada,nonada
1164AG,1164.0,AG,3,10,1,0.0007639419404125,mat,syn,False,nonada,nonada,nonada
1164AT,1164.0,AT,2,10,1,0.0007639419404125,mat,nonsyn,False,nonada,nonada,nonada
1165CT,1165.0,CT,1,7,1,0.0007639419404125,mat,nonsyn,True,nonada,nonada,nonada
1165CT,1165.0,CT,3,3,1,0.0007639419404125,mat,nonsyn,True,nonada,nonada,nonada
1165CT,1165.0,CT,3,10,1,0.0007639419404125,mat,nonsyn,True,nonada,nonada,nonada
1166AG,1166.0,AG,1,3,1,0.0007639419404125,mat,nonsyn,False,nonada,nonada,nonada
1166AG,1166.0,AG,1,7,1,0.0007639419404125,mat,nonsyn,False,nonada,nonada,nonada
1166AG,1166.0,AG,1,10,2,0.001527883880825,mat,nonsyn,False,nonada,nonada,nonada
1166AG,1166.0,AG,2,7,1,0.0007639419404125,mat,nonsyn,False,nonada,nonada,nonada
1166AG,1166.0,AG,3,10,2,0.001527883880825,mat,nonsyn,False,nonada,nonada,nonada
1166AT,1166.0,AT,3,10,1,0.0007639419404125,mat,nonsyn,False,nonada,nonada,nonada
1167GA,1167.0,GA,1,3,2,0.001527883880825,mat,syn,False,nonada,nonada,nonada
1167GA,1167.0,GA,1,7,1,0.0007639419404125,mat,syn,False,nonada,nonada,nonada
1167GA,1167.0,GA,1,10,1,0.0007639419404125,mat,syn,False,nonada,nonada,nonada
1167GA,1167.0,GA,2,7,1,0.0007639419404125,mat,syn,False,nonada,nonada,nonada
1168GA,1168.0,GA,2,7,1,0.0007639419404125,mat,nonsyn,False,nonada,nonada,nonada
1168GA,1168.0,GA,2,10,1,0.0007639419404125,mat,nonsyn,False,nonada,nonada,nonada
1169GA,1169.0,GA,1,10,1,0.0007639419404125,mat,nonsyn,False,nonada,nonada,nonada
1169GA,1169.0,GA,3,3,1,0.0007639419404125,mat,nonsyn,False,nonada,nonada,nonada
1169GA,1169.0,GA,3,7,1,0.0007639419404125,mat,nonsyn,False,nonada,nonada,nonada
1169GA,1169.0,GA,3,10,1,0.0007639419404125,mat,nonsyn,False,nonada,nonada,nonada
1169GT,1169.0,GT,3,10,2,0.001527883880825,mat,nonsyn,False,nonada,nonada,nonada
1171AG,1171.0,AG,1,3,2,0.001527883880825,mat,nonsyn,False,nonada,nonada,nonada
1171AG,1171.0,AG,1,10,1,0.0007639419404125,mat,nonsyn,False,nonada,nonada,nonada
1171AG,1171.0,AG,2,10,1,0.0007639419404125,mat,nonsyn,False,nonada,nonada,nonada
1171AG,1171.0,AG,3,3,1,0.0007639419404125,mat,nonsyn,False,nonada,nonada,nonada
1171AT,1171.0,AT,2,3,1,0.0007639419404125,mat,nonsyn,False,nonada,nonada,nonada
1172CT,1172.0,CT,1,3,1,0.0007639419404125,mat,nonsyn,False,nonada,nonada,nonada
1172CT,1172.0,CT,2,3,1,0.0007639419404125,mat,nonsyn,False,nonada,nonada,nonada
1172CT,1172.0,CT,3,3,1,0.0007639419404125,mat,nonsyn,False,nonada,nonada,nonada
1172CT,1172.0,CT,3,7,1,0.0007639419404125,mat,nonsyn,False,nonada,nonada,nonada
1173TC,1173.0,TC,1,3,1,0.0007639419404125,mat,syn,False,nonada,nonada,nonada
1173TC,1173.0,TC,1,10,1,0.0007639419404125,mat,syn,False,nonada,nonada,nonada
1173TC,1173.0,TC,2,7,2,0.001527883880825,mat,syn,False,nonada,nonada,nonada
1173TC,1173.0,TC,2,10,1,0.0007639419404125,mat,syn,False,nonada,nonada,nonada
1174GA,1174.0,GA,1,7,1,0.0007639419404125,mat,nonsyn,False,nonada,nonada,nonada
1174GA,1174.0,GA,2,3,1,0.0007639419404125,mat,nonsyn,False,nonada,nonada,nonada
1174GA,1174.0,GA,2,7,1,0.0007639419404125,mat,nonsyn,False,nonada,nonada,nonada
1174GA,1174.0,GA,2,10,2,0.001527883880825,mat,nonsyn,False,nonada,nonada,nonada
1174GA,1174.0,GA,3,3,1,0.0007639419404125,mat,nonsyn,False,nonada,nonada,nonada
1174GA,1174.0,GA,3,10,1,0.0007639419404125,mat,nonsyn,False,nonada,nonada,nonada
1174GT,1174.0,GT,2,3,1,0.0007639419404125,mat,nonsyn,False,nonada,nonada,nonada
1174GT,1174.0,GT,3,7,1,0.0007639419404125,mat,nonsyn,False,nonada,nonada,nonada
1175CT,1175.0,CT,1,3,1,0.0007639419404125,mat,nonsyn,False,nonada,nonada,nonada
1175CT,1175.0,CT,3,10,1,0.0007639419404125,mat,nonsyn,False,nonada,nonada,nonada
1176TC,1176.0,TC,1,3,1,0.0007639419404125,mat,syn,False,nonada,nonada,nonada
1176TC,1176.0,TC,3,3,1,0.0007639419404125,mat,syn,False,nonada,nonada,nonada
1176TC,1176.0,TC,3,10,1,0.0007639419404125,mat,syn,False,nonada,nonada,nonada
1177AG,1177.0,AG,1,3,2,0.001527883880825,mat,nonsyn,False,nonada,nonada,nonada
1178AG,1178.0,AG,1,7,1,0.0007639419404125,mat,nonsyn,False,nonada,nonada,nonada
1179GA,1179.0,GA,1,7,1,0.0007639419404125,mat,syn,False,nonada,nonada,nonada
1179GA,1179.0,GA,2,7,1,0.0007639419404125,mat,syn,False,nonada,nonada,nonada
1179GT,1179.0,GT,2,10,1,0.0007639419404125,mat,nonsyn,False,nonada,nonada,nonada
1180GA,1180.0,GA,1,7,1,0.0007639419404125,mat,nonsyn,False,nonada,nonada,nonada
1181CT,1181.0,CT,1,7,1,0.0007639419404125,mat,nonsyn,False,nonada,nonada,nonada
1181CT,1181.0,CT,3,7,1,0.0007639419404125,mat,nonsyn,False,nonada,nonada,nonada
1182CA,1182.0,CA,2,7,1,0.0007639419404125,mat,syn,False,nonada,nonada,nonada
1182CT,1182.0,CT,1,7,1,0.0007639419404125,mat,syn,False,nonada,nonada,nonada
1183CA,1183.0,CA,1,3,5,0.0038197097020626,mat,nonsyn,False,nonada,nonada,nonada
1183CA,1183.0,CA,1,7,2,0.001527883880825,mat,nonsyn,False,nonada,nonada,nonada
1183CA,1183.0,CA,1,10,7,0.0053475935828877,mat,nonsyn,False,nonada,nonada,nonada
1183CA,1183.0,CA,2,3,2,0.001527883880825,mat,nonsyn,False,nonada,nonada,nonada
1183CA,1183.0,CA,2,7,5,0.0038197097020626,mat,nonsyn,False,nonada,nonada,nonada
1183CA,1183.0,CA,2,10,2,0.001527883880825,mat,nonsyn,False,nonada,nonada,nonada
1183CA,1183.0,CA,3,3,5,0.0038197097020626,mat,nonsyn,False,nonada,nonada,nonada
1183CA,1183.0,CA,3,10,6,0.0045836516424751,mat,nonsyn,False,nonada,nonada,nonada
1184AG,1184.0,AG,1,7,2,0.001527883880825,mat,nonsyn,False,nonada,nonada,nonada
1184AG,1184.0,AG,1,10,2,0.001527883880825,mat,nonsyn,False,nonada,nonada,nonada
1184AG,1184.0,AG,2,7,1,0.0007639419404125,mat,nonsyn,False,nonada,nonada,nonada
1184AG,1184.0,AG,2,10,1,0.0007639419404125,mat,nonsyn,False,nonada,nonada,nonada
1184AG,1184.0,AG,3,3,1,0.0007639419404125,mat,nonsyn,False,nonada,nonada,nonada
1184AG,1184.0,AG,3,7,2,0.001527883880825,mat,nonsyn,False,nonada,nonada,nonada
1184AG,1184.0,AG,3,10,1,0.0007639419404125,mat,nonsyn,False,nonada,nonada,nonada
1185AG,1185.0,AG,1,7,3,0.0022918258212375,mat,syn,False,nonada,nonada,nonada
1185AG,1185.0,AG,3,10,1,0.0007639419404125,mat,syn,False,nonada,nonada,nonada
1186AC,1186.0,AC,2,10,1,0.0007639419404125,mat,nonsyn,False,nonada,nonada,nonada
1186AG,1186.0,AG,1,3,1,0.0007639419404125,mat,nonsyn,False,nonada,nonada,nonada
1186AG,1186.0,AG,1,7,1,0.0007639419404125,mat,nonsyn,False,nonada,nonada,nonada
1186AG,1186.0,AG,2,3,1,0.0007639419404125,mat,nonsyn,False,nonada,nonada,nonada
1186AG,1186.0,AG,2,7,2,0.001527883880825,mat,nonsyn,False,nonada,nonada,nonada
1187TA,1187.0,TA,1,3,1,0.0007639419404125,mat,nonsyn,False,nonada,nonada,nonada
1187TC,1187.0,TC,1,10,1,0.0007639419404125,mat,nonsyn,False,nonada,nonada,nonada
1187TC,1187.0,TC,3,3,1,0.0007639419404125,mat,nonsyn,False,nonada,nonada,nonada
1189TC,1189.0,TC,1,3,1,0.0007639419404125,mat,nonsyn,False,nonada,nonada,nonada
1189TC,1189.0,TC,1,7,1,0.0007639419404125,mat,nonsyn,False,nonada,nonada,nonada
1189TC,1189.0,TC,1,10,1,0.0007639419404125,mat,nonsyn,False,nonada,nonada,nonada
1189TC,1189.0,TC,2,3,1,0.0007639419404125,mat,nonsyn,False,nonada,nonada,nonada
1189TC,1189.0,TC,2,10,1,0.0007639419404125,mat,nonsyn,False,nonada,nonada,nonada
1189TC,1189.0,TC,3,3,2,0.001527883880825,mat,nonsyn,False,nonada,nonada,nonada
1190CT,1190.0,CT,1,3,1,0.0007639419404125,mat,nonsyn,False,nonada,nonada,nonada
1191AG,1191.0,AG,1,7,1,0.0007639419404125,mat,syn,False,nonada,nonada,nonada
1191AG,1191.0,AG,1,10,1,0.0007639419404125,mat,syn,False,nonada,nonada,nonada
1191AG,1191.0,AG,2,10,1,0.0007639419404125,mat,syn,False,nonada,nonada,nonada
1191AG,1191.0,AG,3,7,1,0.0007639419404125,mat,syn,False,nonada,nonada,nonada
1191AT,1191.0,AT,1,10,1,0.0007639419404125,mat,syn,False,nonada,nonada,nonada
1191AT,1191.0,AT,3,7,1,0.0007639419404125,mat,syn,False,nonada,nonada,nonada
1192GA,1192.0,GA,1,7,1,0.0007639419404125,mat,nonsyn,False,nonada,nonada,nonada
1192GA,1192.0,GA,2,7,2,0.001527883880825,mat,nonsyn,False,nonada,nonada,nonada
1192GA,1192.0,GA,3,7,1,0.0007639419404125,mat,nonsyn,False,nonada,nonada,nonada
1192GT,1192.0,GT,2,7,1,0.0007639419404125,mat,nonsyn,False,nonada,nonada,nonada
1192GT,1192.0,GT,3,10,1,0.0007639419404125,mat,nonsyn,False,nonada,nonada,nonada
1193CA,1193.0,CA,3,10,1,0.0007639419404125,mat,nonsyn,False,nonada,nonada,nonada
1193CT,1193.0,CT,1,3,1,0.0007639419404125,mat,nonsyn,False,nonada,nonada,nonada
1193CT,1193.0,CT,2,3,1,0.0007639419404125,mat,nonsyn,False,nonada,nonada,nonada
1193CT,1193.0,CT,3,10,1,0.0007639419404125,mat,nonsyn,False,nonada,nonada,nonada
1196TC,1196.0,TC,1,3,1,0.0007639419404125,mat,nonsyn,False,nonada,nonada,nonada
1196TC,1196.0,TC,1,7,1,0.0007639419404125,mat,nonsyn,False,nonada,nonada,nonada
1196TC,1196.0,TC,3,3,2,0.001527883880825,mat,nonsyn,False,nonada,nonada,nonada
1197GA,1197.0,GA,1,7,1,0.0007639419404125,mat,nonsyn,False,nonada,nonada,nonada
1198CT,1198.0,CT,1,3,1,0.0007639419404125,mat,nonsyn,False,nonada,nonada,nonada
1198CT,1198.0,CT,1,7,1,0.0007639419404125,mat,nonsyn,False,nonada,nonada,nonada
1198CT,1198.0,CT,1,10,1,0.0007639419404125,mat,nonsyn,False,nonada,nonada,nonada
1198CT,1198.0,CT,2,7,1,0.0007639419404125,mat,nonsyn,False,nonada,nonada,nonada
1199AG,1199.0,AG,1,3,1,0.0007639419404125,mat,nonsyn,False,nonada,nonada,nonada
1199AG,1199.0,AG,2,7,1,0.0007639419404125,mat,nonsyn,False,nonada,nonada,nonada
1199AG,1199.0,AG,3,7,1,0.0007639419404125,mat,nonsyn,False,nonada,nonada,nonada
1199AT,1199.0,AT,2,3,1,0.0007639419404125,mat,nonsyn,False,nonada,nonada,nonada
1200TC,1200.0,TC,2,7,1,0.0007639419404125,mat,syn,False,nonada,nonada,nonada
1200TC,1200.0,TC,3,3,1,0.0007639419404125,mat,syn,False,nonada,nonada,nonada
1202GA,1202.0,GA,2,3,1,0.0007639419404125,mat,nonsyn,False,nonada,nonada,nonada
1202GA,1202.0,GA,2,10,1,0.0007639419404125,mat,nonsyn,False,nonada,nonada,nonada
1204GA,1204.0,GA,1,10,2,0.001527883880825,mat,nonsyn,False,nonada,nonada,nonada
1204GA,1204.0,GA,2,3,1,0.0007639419404125,mat,nonsyn,False,nonada,nonada,nonada
1204GA,1204.0,GA,2,10,3,0.0022918258212375,mat,nonsyn,False,nonada,nonada,nonada
1204GA,1204.0,GA,3,3,1,0.0007639419404125,mat,nonsyn,False,nonada,nonada,nonada
1204GA,1204.0,GA,3,10,2,0.001527883880825,mat,nonsyn,False,nonada,nonada,nonada
1204GC,1204.0,GC,2,7,1,0.0007639419404125,mat,nonsyn,False,nonada,nonada,nonada
1204GT,1204.0,GT,1,10,2,0.001527883880825,mat,nonsyn,False,nonada,nonada,nonada
1205GA,1205.0,GA,1,10,1,0.0007639419404125,mat,nonsyn,False,nonada,nonada,nonada
1206GA,1206.0,GA,1,3,1,0.0007639419404125,mat,syn,False,nonada,nonada,nonada
1206GA,1206.0,GA,1,7,1,0.0007639419404125,mat,syn,False,nonada,nonada,nonada
1206GA,1206.0,GA,1,10,1,0.0007639419404125,mat,syn,False,nonada,nonada,nonada
1206GA,1206.0,GA,2,3,1,0.0007639419404125,mat,syn,False,nonada,nonada,nonada
1206GA,1206.0,GA,2,7,1,0.0007639419404125,mat,syn,False,nonada,nonada,nonada
1206GA,1206.0,GA,2,10,1,0.0007639419404125,mat,syn,False,nonada,nonada,nonada
1206GA,1206.0,GA,3,10,1,0.0007639419404125,mat,syn,False,nonada,nonada,nonada
1207GA,1207.0,GA,1,7,2,0.001527883880825,mat,nonsyn,False,nonada,nonada,nonada
1207GA,1207.0,GA,1,10,1,0.0007639419404125,mat,nonsyn,False,nonada,nonada,nonada
1207GA,1207.0,GA,2,3,1,0.0007639419404125,mat,nonsyn,False,nonada,nonada,nonada
1207GA,1207.0,GA,2,7,2,0.001527883880825,mat,nonsyn,False,nonada,nonada,nonada
1207GA,1207.0,GA,3,3,1,0.0007639419404125,mat,nonsyn,False,nonada,nonada,nonada
1207GA,1207.0,GA,3,7,1,0.0007639419404125,mat,nonsyn,False,nonada,nonada,nonada
1207GA,1207.0,GA,3,10,3,0.0022918258212375,mat,nonsyn,False,nonada,nonada,nonada
1207GT,1207.0,GT,1,10,1,0.0007639419404125,mat,nonsyn,False,nonada,nonada,nonada
1208TC,1208.0,TC,2,3,2,0.001527883880825,mat,nonsyn,False,nonada,nonada,nonada
1208TC,1208.0,TC,3,3,1,0.0007639419404125,mat,nonsyn,False,nonada,nonada,nonada
1208TG,1208.0,TG,3,10,1,0.0007639419404125,mat,nonsyn,False,nonada,nonada,nonada
1209AG,1209.0,AG,2,3,2,0.001527883880825,mat,syn,False,nonada,nonada,nonada
1209AG,1209.0,AG,2,7,1,0.0007639419404125,mat,syn,False,nonada,nonada,nonada
1209AG,1209.0,AG,2,10,1,0.0007639419404125,mat,syn,False,nonada,nonada,nonada
1210CA,1210.0,CA,3,3,1,0.0007639419404125,mat,nonsyn,False,nonada,nonada,nonada
1210CT,1210.0,CT,1,3,2,0.001527883880825,mat,nonsyn,True,nonada,nonada,nonada
1210CT,1210.0,CT,1,7,1,0.0007639419404125,mat,nonsyn,True,nonada,nonada,nonada
1210CT,1210.0,CT,3,3,1,0.0007639419404125,mat,nonsyn,True,nonada,nonada,nonada
1212AG,1212.0,AG,2,10,1,0.0007639419404125,mat,syn,False,nonada,nonada,nonada
1212AG,1212.0,AG,3,7,2,0.001527883880825,mat,syn,False,nonada,nonada,nonada
1212AT,1212.0,AT,1,10,1,0.0007639419404125,mat,nonsyn,False,nonada,nonada,nonada
1213TC,1213.0,TC,2,10,1,0.0007639419404125,mat,nonsyn,False,nonada,nonada,nonada
1213TC,1213.0,TC,3,7,1,0.0007639419404125,mat,nonsyn,False,nonada,nonada,nonada
1214CT,1214.0,CT,1,7,1,0.0007639419404125,mat,nonsyn,False,nonada,nonada,nonada
1214CT,1214.0,CT,2,3,1,0.0007639419404125,mat,nonsyn,False,nonada,nonada,nonada
1214CT,1214.0,CT,2,7,1,0.0007639419404125,mat,nonsyn,False,nonada,nonada,nonada
1215CT,1215.0,CT,1,3,1,0.0007639419404125,mat,syn,False,nonada,nonada,nonada
1215CT,1215.0,CT,3,7,1,0.0007639419404125,mat,syn,False,nonada,nonada,nonada
1216GA,1216.0,GA,1,10,2,0.001527883880825,mat,nonsyn,False,nonada,nonada,nonada
1216GA,1216.0,GA,2,3,2,0.001527883880825,mat,nonsyn,False,nonada,nonada,nonada
1216GT,1216.0,GT,2,3,1,0.0007639419404125,mat,nonsyn,False,nonada,nonada,nonada
1217TC,1217.0,TC,1,3,1,0.0007639419404125,mat,nonsyn,False,nonada,nonada,nonada
1217TC,1217.0,TC,3,7,1,0.0007639419404125,mat,nonsyn,False,nonada,nonada,nonada
1217TC,1217.0,TC,3,10,1,0.0007639419404125,mat,nonsyn,False,nonada,nonada,nonada
1218AG,1218.0,AG,1,10,1,0.0007639419404125,mat,syn,False,nonada,nonada,nonada
1218AG,1218.0,AG,3,7,1,0.0007639419404125,mat,syn,False,nonada,nonada,nonada
1218AG,1218.0,AG,3,10,2,0.001527883880825,mat,syn,False,nonada,nonada,nonada
1219TC,1219.0,TC,3,7,1,0.0007639419404125,mat,nonsyn,False,nonada,nonada,nonada
1219TG,1219.0,TG,3,3,1,0.0007639419404125,mat,nonsyn,False,nonada,nonada,nonada
1219TG,1219.0,TG,3,10,1,0.0007639419404125,mat,nonsyn,False,nonada,nonada,nonada
1220GA,1220.0,GA,1,7,1,0.0007639419404125,mat,nonsyn,True,nonada,nonada,nonada
1220GA,1220.0,GA,3,10,1,0.0007639419404125,mat,nonsyn,True,nonada,nonada,nonada
1221GA,1221.0,GA,1,7,1,0.0007639419404125,mat,nonsyn,True,nonada,nonada,nonada
1221GA,1221.0,GA,2,3,1,0.0007639419404125,mat,nonsyn,True,nonada,nonada,nonada
1221GA,1221.0,GA,2,10,1,0.0007639419404125,mat,nonsyn,True,nonada,nonada,nonada
1221GA,1221.0,GA,3,3,1,0.0007639419404125,mat,nonsyn,True,nonada,nonada,nonada
1221GA,1221.0,GA,3,10,3,0.0022918258212375,mat,nonsyn,True,nonada,nonada,nonada
1222CT,1222.0,CT,2,10,1,0.0007639419404125,mat,nonsyn,False,nonada,nonada,nonada
1224AG,1224.0,AG,2,7,1,0.0007639419404125,mat,syn,False,nonada,nonada,nonada
1225AG,1225.0,AG,2,7,1,0.0007639419404125,mat,nonsyn,False,nonada,nonada,nonada
1227AG,1227.0,AG,2,3,1,0.0007639419404125,mat,syn,False,nonada,nonada,nonada
1227AG,1227.0,AG,2,10,1,0.0007639419404125,mat,syn,False,nonada,nonada,nonada
1227AG,1227.0,AG,3,10,2,0.001527883880825,mat,syn,False,nonada,nonada,nonada
1228AG,1228.0,AG,1,7,1,0.0007639419404125,mat,nonsyn,False,nonada,nonada,nonada
1228AG,1228.0,AG,2,7,1,0.0007639419404125,mat,nonsyn,False,nonada,nonada,nonada
1228AG,1228.0,AG,2,10,1,0.0007639419404125,mat,nonsyn,False,nonada,nonada,nonada
1228AG,1228.0,AG,3,10,2,0.001527883880825,mat,nonsyn,False,nonada,nonada,nonada
1229CA,1229.0,CA,3,7,1,0.0007639419404125,mat,nonsyn,False,nonada,nonada,nonada
1230TC,1230.0,TC,3,7,1,0.0007639419404125,mat,syn,False,nonada,nonada,nonada
1232GA,1232.0,GA,1,7,3,0.0022918258212375,mat,nonsyn,False,nonada,nonada,nonada
1232GA,1232.0,GA,1,10,1,0.0007639419404125,mat,nonsyn,False,nonada,nonada,nonada
1232GA,1232.0,GA,2,10,1,0.0007639419404125,mat,nonsyn,False,nonada,nonada,nonada
1232GA,1232.0,GA,3,3,1,0.0007639419404125,mat,nonsyn,False,nonada,nonada,nonada
1232GA,1232.0,GA,3,10,1,0.0007639419404125,mat,nonsyn,False,nonada,nonada,nonada
1233CT,1233.0,CT,1,3,1,0.0007639419404125,mat,syn,False,nonada,nonada,nonada
1233CT,1233.0,CT,1,7,1,0.0007639419404125,mat,syn,False,nonada,nonada,nonada
1233CT,1233.0,CT,1,10,1,0.0007639419404125,mat,syn,False,nonada,nonada,nonada
1233CT,1233.0,CT,3,3,1,0.0007639419404125,mat,syn,False,nonada,nonada,nonada
1234GA,1234.0,GA,1,3,1,0.0007639419404125,mat,nonsyn,False,nonada,nonada,nonada
1234GA,1234.0,GA,1,10,1,0.0007639419404125,mat,nonsyn,False,nonada,nonada,nonada
1234GA,1234.0,GA,2,7,2,0.001527883880825,mat,nonsyn,False,nonada,nonada,nonada
1234GA,1234.0,GA,3,10,5,0.0038197097020626,mat,nonsyn,False,nonada,nonada,nonada
1234GT,1234.0,GT,3,7,1,0.0007639419404125,mat,nonsyn,False,nonada,nonada,nonada
1235CT,1235.0,CT,2,7,2,0.001527883880825,mat,nonsyn,False,nonada,nonada,nonada
1235CT,1235.0,CT,3,3,1,0.0007639419404125,mat,nonsyn,False,nonada,nonada,nonada
1235CT,1235.0,CT,3,10,1,0.0007639419404125,mat,nonsyn,False,nonada,nonada,nonada
1236GA,1236.0,GA,1,7,1,0.0007639419404125,mat,syn,False,nonada,nonada,nonada
1236GA,1236.0,GA,1,10,1,0.0007639419404125,mat,syn,False,nonada,nonada,nonada
1236GA,1236.0,GA,2,3,2,0.001527883880825,mat,syn,False,nonada,nonada,nonada
1236GA,1236.0,GA,2,7,2,0.001527883880825,mat,syn,False,nonada,nonada,nonada
1236GA,1236.0,GA,2,10,1,0.0007639419404125,mat,syn,False,nonada,nonada,nonada
1236GA,1236.0,GA,3,10,4,0.0030557677616501,mat,syn,False,nonada,nonada,nonada
1237TC,1237.0,TC,1,7,2,0.001527883880825,mat,nonsyn,False,nonada,nonada,nonada
1237TC,1237.0,TC,1,10,2,0.001527883880825,mat,nonsyn,False,nonada,nonada,nonada
1237TC,1237.0,TC,2,3,1,0.0007639419404125,mat,nonsyn,False,nonada,nonada,nonada
1237TC,1237.0,TC,2,7,1,0.0007639419404125,mat,nonsyn,False,nonada,nonada,nonada
1238AG,1238.0,AG,2,7,1,0.0007639419404125,mat,nonsyn,False,nonada,nonada,nonada
1238AG,1238.0,AG,3,3,1,0.0007639419404125,mat,nonsyn,False,nonada,nonada,nonada
1238AT,1238.0,AT,2,3,1,0.0007639419404125,mat,nonsyn,False,nonada,nonada,nonada
1239CT,1239.0,CT,2,7,1,0.0007639419404125,mat,syn,False,nonada,nonada,nonada
1239CT,1239.0,CT,3,10,1,0.0007639419404125,mat,syn,False,nonada,nonada,nonada
1240GA,1240.0,GA,1,3,1,0.0007639419404125,mat,nonsyn,False,nonada,nonada,nonada
1241TC,1241.0,TC,1,3,1,0.0007639419404125,mat,nonsyn,False,nonada,nonada,nonada
1241TC,1241.0,TC,1,7,2,0.001527883880825,mat,nonsyn,False,nonada,nonada,nonada
1241TC,1241.0,TC,1,10,1,0.0007639419404125,mat,nonsyn,False,nonada,nonada,nonada
1241TC,1241.0,TC,2,3,1,0.0007639419404125,mat,nonsyn,False,nonada,nonada,nonada
1241TC,1241.0,TC,2,7,1,0.0007639419404125,mat,nonsyn,False,nonada,nonada,nonada
1241TC,1241.0,TC,3,3,1,0.0007639419404125,mat,nonsyn,False,nonada,nonada,nonada
1241TC,1241.0,TC,3,7,1,0.0007639419404125,mat,nonsyn,False,nonada,nonada,nonada
1242AG,1242.0,AG,1,3,1,0.0007639419404125,mat,syn,False,nonada,nonada,nonada
1242AG,1242.0,AG,2,10,1,0.0007639419404125,mat,syn,False,nonada,nonada,nonada
1242AG,1242.0,AG,3,7,1,0.0007639419404125,mat,syn,False,nonada,nonada,nonada
1244AG,1244.0,AG,2,10,1,0.0007639419404125,mat,nonsyn,False,nonada,nonada,nonada
1244AG,1244.0,AG,3,7,1,0.0007639419404125,mat,nonsyn,False,nonada,nonada,nonada
1245GA,1245.0,GA,1,10,1,0.0007639419404125,mat,syn,False,nonada,nonada,nonada
1245GA,1245.0,GA,2,3,2,0.001527883880825,mat,syn,False,nonada,nonada,nonada
1245GA,1245.0,GA,2,7,1,0.0007639419404125,mat,syn,False,nonada,nonada,nonada
1245GC,1245.0,GC,1,7,1,0.0007639419404125,mat,nonsyn,False,nonada,nonada,nonada
1245GC,1245.0,GC,3,10,1,0.0007639419404125,mat,nonsyn,False,nonada,nonada,nonada
1246TC,1246.0,TC,1,10,1,0.0007639419404125,mat,nonsyn,False,nonada,nonada,nonada
1246TC,1246.0,TC,2,3,1,0.0007639419404125,mat,nonsyn,False,nonada,nonada,nonada
1246TC,1246.0,TC,2,10,1,0.0007639419404125,mat,nonsyn,False,nonada,nonada,nonada
1246TC,1246.0,TC,3,7,1,0.0007639419404125,mat,nonsyn,False,nonada,nonada,nonada
1246TG,1246.0,TG,2,3,1,0.0007639419404125,mat,nonsyn,False,nonada,nonada,nonada
1247CT,1247.0,CT,2,10,1,0.0007639419404125,mat,nonsyn,False,nonada,nonada,nonada
1248TC,1248.0,TC,1,7,1,0.0007639419404125,mat,syn,False,nonada,nonada,nonada
1248TC,1248.0,TC,1,10,1,0.0007639419404125,mat,syn,False,nonada,nonada,nonada
1248TC,1248.0,TC,2,3,3,0.0022918258212375,mat,syn,False,nonada,nonada,nonada
1248TC,1248.0,TC,2,10,1,0.0007639419404125,mat,syn,False,nonada,nonada,nonada
1248TC,1248.0,TC,3,3,1,0.0007639419404125,mat,syn,False,nonada,nonada,nonada
1248TC,1248.0,TC,3,7,1,0.0007639419404125,mat,syn,False,nonada,nonada,nonada
1248TC,1248.0,TC,3,10,1,0.0007639419404125,mat,syn,False,nonada,nonada,nonada
1248TG,1248.0,TG,2,7,1,0.0007639419404125,mat,syn,False,nonada,nonada,nonada
1249CT,1249.0,CT,3,3,1,0.0007639419404125,mat,nonsyn,False,nonada,nonada,nonada
1250CT,1250.0,CT,1,3,12,0.0091673032849503,mat,nonsyn,False,nonada,nonada,nonada
1250CT,1250.0,CT,1,7,12,0.0091673032849503,mat,nonsyn,False,nonada,nonada,nonada
1250CT,1250.0,CT,1,10,17,0.0129870129870129,mat,nonsyn,False,nonada,nonada,nonada
1250CT,1250.0,CT,2,3,11,0.0084033613445378,mat,nonsyn,False,nonada,nonada,nonada
1250CT,1250.0,CT,2,7,3,0.0022918258212375,mat,nonsyn,False,nonada,nonada,nonada
1250CT,1250.0,CT,2,10,11,0.0084033613445378,mat,nonsyn,False,nonada,nonada,nonada
1250CT,1250.0,CT,3,3,8,0.0061115355233002,mat,nonsyn,False,nonada,nonada,nonada
1250CT,1250.0,CT,3,7,12,0.0091673032849503,mat,nonsyn,False,nonada,nonada,nonada
1250CT,1250.0,CT,3,10,13,0.0099312452253628,mat,nonsyn,False,nonada,nonada,nonada
1251TC,1251.0,TC,1,3,1,0.0007639419404125,mat,syn,False,nonada,nonada,nonada
1251TC,1251.0,TC,1,7,3,0.0022918258212375,mat,syn,False,nonada,nonada,nonada
1251TC,1251.0,TC,1,10,4,0.0030557677616501,mat,syn,False,nonada,nonada,nonada
1251TC,1251.0,TC,2,7,1,0.0007639419404125,mat,syn,False,nonada,nonada,nonada
1251TC,1251.0,TC,2,10,1,0.0007639419404125,mat,syn,False,nonada,nonada,nonada
1251TC,1251.0,TC,3,3,1,0.0007639419404125,mat,syn,False,nonada,nonada,nonada
1251TC,1251.0,TC,3,7,1,0.0007639419404125,mat,syn,False,nonada,nonada,nonada
1251TC,1251.0,TC,3,10,4,0.0030557677616501,mat,syn,False,nonada,nonada,nonada
1251TG,1251.0,TG,3,3,1,0.0007639419404125,mat,syn,False,nonada,nonada,nonada
1252TC,1252.0,TC,1,7,1,0.0007639419404125,mat,nonsyn,False,nonada,nonada,nonada
1252TC,1252.0,TC,2,3,1,0.0007639419404125,mat,nonsyn,False,nonada,nonada,nonada
1252TC,1252.0,TC,2,7,1,0.0007639419404125,mat,nonsyn,False,nonada,nonada,nonada
1252TC,1252.0,TC,2,10,1,0.0007639419404125,mat,nonsyn,False,nonada,nonada,nonada
1253TC,1253.0,TC,2,3,2,0.001527883880825,mat,nonsyn,False,nonada,nonada,nonada
1253TC,1253.0,TC,3,3,1,0.0007639419404125,mat,nonsyn,False,nonada,nonada,nonada
1253TC,1253.0,TC,3,10,1,0.0007639419404125,mat,nonsyn,False,nonada,nonada,nonada
1254CT,1254.0,CT,1,3,1,0.0007639419404125,mat,syn,False,nonada,nonada,nonada
1254CT,1254.0,CT,1,7,1,0.0007639419404125,mat,syn,False,nonada,nonada,nonada
1254CT,1254.0,CT,2,3,1,0.0007639419404125,mat,syn,False,nonada,nonada,nonada
1254CT,1254.0,CT,2,7,2,0.001527883880825,mat,syn,False,nonada,nonada,nonada
1254CT,1254.0,CT,3,3,1,0.0007639419404125,mat,syn,False,nonada,nonada,nonada
1254CT,1254.0,CT,3,7,1,0.0007639419404125,mat,syn,False,nonada,nonada,nonada
1255TC,1255.0,TC,1,3,1,0.0007639419404125,mat,nonsyn,False,nonada,nonada,nonada
1255TC,1255.0,TC,1,7,1,0.0007639419404125,mat,nonsyn,False,nonada,nonada,nonada
1255TC,1255.0,TC,3,3,3,0.0022918258212375,mat,nonsyn,False,nonada,nonada,nonada
1256CT,1256.0,CT,1,7,1,0.0007639419404125,mat,nonsyn,False,nonada,nonada,nonada
1257GA,1257.0,GA,3,10,1,0.0007639419404125,mat,syn,False,nonada,nonada,nonada
1258AG,1258.0,AG,1,10,1,0.0007639419404125,mat,nonsyn,False,nonada,nonada,nonada
1259TC,1259.0,TC,3,7,1,0.0007639419404125,mat,nonsyn,False,nonada,nonada,nonada
1259TG,1259.0,TG,2,7,1,0.0007639419404125,mat,nonsyn,False,nonada,nonada,nonada
1260GA,1260.0,GA,1,10,1,0.0007639419404125,mat,nonsyn,False,nonada,nonada,nonada
1260GA,1260.0,GA,2,3,4,0.0030557677616501,mat,nonsyn,False,nonada,nonada,nonada
1260GA,1260.0,GA,2,7,1,0.0007639419404125,mat,nonsyn,False,nonada,nonada,nonada
1260GA,1260.0,GA,3,3,1,0.0007639419404125,mat,nonsyn,False,nonada,nonada,nonada
1260GT,1260.0,GT,1,7,1,0.0007639419404125,mat,nonsyn,False,nonada,nonada,nonada
1260GT,1260.0,GT,3,10,1,0.0007639419404125,mat,nonsyn,False,nonada,nonada,nonada
1261GA,1261.0,GA,1,3,1,0.0007639419404125,mat,nonsyn,False,nonada,nonada,nonada
1261GA,1261.0,GA,1,7,2,0.001527883880825,mat,nonsyn,False,nonada,nonada,nonada
1261GA,1261.0,GA,1,10,2,0.001527883880825,mat,nonsyn,False,nonada,nonada,nonada
1261GA,1261.0,GA,3,3,1,0.0007639419404125,mat,nonsyn,False,nonada,nonada,nonada
1262TC,1262.0,TC,1,10,1,0.0007639419404125,mat,nonsyn,False,nonada,nonada,nonada
1262TC,1262.0,TC,2,7,1,0.0007639419404125,mat,nonsyn,False,nonada,nonada,nonada
1262TC,1262.0,TC,3,3,1,0.0007639419404125,mat,nonsyn,False,nonada,nonada,nonada
1263CT,1263.0,CT,2,3,1,0.0007639419404125,mat,syn,False,nonada,nonada,nonada
1263CT,1263.0,CT,3,10,1,0.0007639419404125,mat,syn,False,nonada,nonada,nonada
1264CA,1264.0,CA,3,7,1,0.0007639419404125,mat,nonsyn,False,nonada,nonada,nonada
1264CT,1264.0,CT,1,7,1,0.0007639419404125,mat,nonsyn,False,nonada,nonada,nonada
1264CT,1264.0,CT,1,10,2,0.001527883880825,mat,nonsyn,False,nonada,nonada,nonada
1264CT,1264.0,CT,2,7,2,0.001527883880825,mat,nonsyn,False,nonada,nonada,nonada
1265AG,1265.0,AG,2,7,1,0.0007639419404125,mat,nonsyn,False,nonada,nonada,nonada
1266TC,1266.0,TC,1,3,1,0.0007639419404125,mat,syn,False,nonada,nonada,nonada
1266TC,1266.0,TC,1,7,2,0.001527883880825,mat,syn,False,nonada,nonada,nonada
1266TC,1266.0,TC,1,10,1,0.0007639419404125,mat,syn,False,nonada,nonada,nonada
1266TC,1266.0,TC,2,7,1,0.0007639419404125,mat,syn,False,nonada,nonada,nonada
1266TC,1266.0,TC,3,3,1,0.0007639419404125,mat,syn,False,nonada,nonada,nonada
1267AG,1267.0,AG,3,3,1,0.0007639419404125,mat,nonsyn,False,nonada,nonada,nonada
1267AT,1267.0,AT,2,7,2,0.001527883880825,mat,nonsyn,False,nonada,nonada,nonada
1268CT,1268.0,CT,1,10,1,0.0007639419404125,mat,nonsyn,False,nonada,nonada,nonada
1268CT,1268.0,CT,3,10,1,0.0007639419404125,mat,nonsyn,False,nonada,nonada,nonada
1269CT,1269.0,CT,1,3,1,0.0007639419404125,mat,syn,False,nonada,nonada,nonada
1269CT,1269.0,CT,1,10,1,0.0007639419404125,mat,syn,False,nonada,nonada,nonada
1269CT,1269.0,CT,2,10,1,0.0007639419404125,mat,syn,False,nonada,nonada,nonada
1270TC,1270.0,TC,1,10,1,0.0007639419404125,mat,syn,False,nonada,nonada,nonada
1270TC,1270.0,TC,2,3,1,0.0007639419404125,mat,syn,False,nonada,nonada,nonada
1270TC,1270.0,TC,2,7,1,0.0007639419404125,mat,syn,False,nonada,nonada,nonada
1270TG,1270.0,TG,2,3,1,0.0007639419404125,mat,nonsyn,False,nonada,nonada,nonada
1270TG,1270.0,TG,3,7,1,0.0007639419404125,mat,nonsyn,False,nonada,nonada,nonada
1270TG,1270.0,TG,3,10,1,0.0007639419404125,mat,nonsyn,False,nonada,nonada,nonada
1271TC,1271.0,TC,2,7,1,0.0007639419404125,mat,nonsyn,False,nonada,nonada,nonada
1271TG,1271.0,TG,2,10,1,0.0007639419404125,mat,nonsyn,True,nonada,nonada,nonada
1272AG,1272.0,AG,1,3,1,0.0007639419404125,mat,syn,False,nonada,nonada,nonada
1272AG,1272.0,AG,1,7,2,0.001527883880825,mat,syn,False,nonada,nonada,nonada
1272AG,1272.0,AG,1,10,2,0.001527883880825,mat,syn,False,nonada,nonada,nonada
1272AG,1272.0,AG,2,3,2,0.001527883880825,mat,syn,False,nonada,nonada,nonada
1272AG,1272.0,AG,2,7,2,0.001527883880825,mat,syn,False,nonada,nonada,nonada
1272AG,1272.0,AG,2,10,1,0.0007639419404125,mat,syn,False,nonada,nonada,nonada
1272AG,1272.0,AG,3,3,1,0.0007639419404125,mat,syn,False,nonada,nonada,nonada
1272AG,1272.0,AG,3,7,4,0.0030557677616501,mat,syn,False,nonada,nonada,nonada
1272AG,1272.0,AG,3,10,1,0.0007639419404125,mat,syn,False,nonada,nonada,nonada
1273GA,1273.0,GA,1,7,1,0.0007639419404125,mat,nonsyn,False,nonada,nonada,nonada
1273GA,1273.0,GA,3,7,1,0.0007639419404125,mat,nonsyn,False,nonada,nonada,nonada
1274AC,1274.0,AC,3,7,1,0.0007639419404125,mat,nonsyn,False,nonada,nonada,nonada
1275TC,1275.0,TC,1,3,1,0.0007639419404125,mat,syn,False,nonada,nonada,nonada
1275TC,1275.0,TC,1,10,1,0.0007639419404125,mat,syn,False,nonada,nonada,nonada
1275TC,1275.0,TC,2,10,1,0.0007639419404125,mat,syn,False,nonada,nonada,nonada
1275TC,1275.0,TC,3,10,2,0.001527883880825,mat,syn,False,nonada,nonada,nonada
1276GA,1276.0,GA,1,3,1,0.0007639419404125,mat,nonsyn,False,nonada,nonada,nonada
1276GA,1276.0,GA,3,3,1,0.0007639419404125,mat,nonsyn,False,nonada,nonada,nonada
1277CT,1277.0,CT,1,7,2,0.001527883880825,mat,nonsyn,False,nonada,nonada,nonada
1278GA,1278.0,GA,3,7,1,0.0007639419404125,mat,syn,False,nonada,nonada,nonada
1279TC,1279.0,TC,1,7,1,0.0007639419404125,mat,syn,False,nonada,nonada,nonada
1279TC,1279.0,TC,1,10,2,0.001527883880825,mat,syn,False,nonada,nonada,nonada
1279TC,1279.0,TC,2,7,1,0.0007639419404125,mat,syn,False,nonada,nonada,nonada
1279TC,1279.0,TC,3,7,2,0.001527883880825,mat,syn,False,nonada,nonada,nonada
1279TC,1279.0,TC,3,10,2,0.001527883880825,mat,syn,False,nonada,nonada,nonada
1280TC,1280.0,TC,2,7,1,0.0007639419404125,mat,nonsyn,False,nonada,nonada,nonada
1280TC,1280.0,TC,3,3,1,0.0007639419404125,mat,nonsyn,False,nonada,nonada,nonada
1280TC,1280.0,TC,3,7,1,0.0007639419404125,mat,nonsyn,False,nonada,nonada,nonada
1281AG,1281.0,AG,1,7,1,0.0007639419404125,mat,syn,False,nonada,nonada,nonada
1281AG,1281.0,AG,2,7,1,0.0007639419404125,mat,syn,False,nonada,nonada,nonada
1281AG,1281.0,AG,2,10,2,0.001527883880825,mat,syn,False,nonada,nonada,nonada
1281AG,1281.0,AG,3,7,1,0.0007639419404125,mat,syn,False,nonada,nonada,nonada
1282GA,1282.0,GA,1,7,2,0.001527883880825,mat,nonsyn,False,nonada,nonada,nonada
1282GA,1282.0,GA,2,3,1,0.0007639419404125,mat,nonsyn,False,nonada,nonada,nonada
1282GA,1282.0,GA,3,10,1,0.0007639419404125,mat,nonsyn,False,nonada,nonada,nonada
1283CT,1283.0,CT,1,7,1,0.0007639419404125,mat,nonsyn,False,nonada,nonada,nonada
1284AG,1284.0,AG,1,3,1,0.0007639419404125,mat,syn,False,nonada,nonada,nonada
1284AG,1284.0,AG,1,7,1,0.0007639419404125,mat,syn,False,nonada,nonada,nonada
1284AG,1284.0,AG,2,3,1,0.0007639419404125,mat,syn,False,nonada,nonada,nonada
1284AT,1284.0,AT,1,10,1,0.0007639419404125,mat,syn,False,nonada,nonada,nonada
1284AT,1284.0,AT,3,3,1,0.0007639419404125,mat,syn,False,nonada,nonada,nonada
1285TC,1285.0,TC,2,3,1,0.0007639419404125,mat,syn,False,nonada,nonada,nonada
1285TC,1285.0,TC,2,10,1,0.0007639419404125,mat,syn,False,nonada,nonada,nonada
1285TC,1285.0,TC,3,7,2,0.001527883880825,mat,syn,False,nonada,nonada,nonada
1285TC,1285.0,TC,3,10,3,0.0022918258212375,mat,syn,False,nonada,nonada,nonada
1285TG,1285.0,TG,1,3,1,0.0007639419404125,mat,nonsyn,False,nonada,nonada,nonada
1285TG,1285.0,TG,1,7,1,0.0007639419404125,mat,nonsyn,False,nonada,nonada,nonada
1285TG,1285.0,TG,2,7,1,0.0007639419404125,mat,nonsyn,False,nonada,nonada,nonada
1286TA,1286.0,TA,2,10,1,0.0007639419404125,mat,nonsyn,True,nonada,nonada,nonada
1286TA,1286.0,TA,3,7,1,0.0007639419404125,mat,nonsyn,True,nonada,nonada,nonada
1286TG,1286.0,TG,2,10,1,0.0007639419404125,mat,nonsyn,True,nonada,nonada,nonada
1287AG,1287.0,AG,1,3,2,0.001527883880825,mat,syn,False,nonada,nonada,nonada
1287AG,1287.0,AG,2,3,1,0.0007639419404125,mat,syn,False,nonada,nonada,nonada
1287AG,1287.0,AG,3,10,3,0.0022918258212375,mat,syn,False,nonada,nonada,nonada
1287AT,1287.0,AT,2,7,1,0.0007639419404125,mat,nonsyn,False,nonada,nonada,nonada
1288AG,1288.0,AG,1,3,1,0.0007639419404125,mat,nonsyn,False,nonada,nonada,nonada
1288AG,1288.0,AG,3,7,2,0.001527883880825,mat,nonsyn,False,nonada,nonada,nonada
1290CA,1290.0,CA,3,10,1,0.0007639419404125,mat,syn,False,nonada,nonada,nonada
1290CT,1290.0,CT,1,3,1,0.0007639419404125,mat,syn,False,nonada,nonada,nonada
1290CT,1290.0,CT,1,10,2,0.001527883880825,mat,syn,False,nonada,nonada,nonada
1290CT,1290.0,CT,2,3,1,0.0007639419404125,mat,syn,False,nonada,nonada,nonada
1290CT,1290.0,CT,2,10,1,0.0007639419404125,mat,syn,False,nonada,nonada,nonada
1290CT,1290.0,CT,3,10,1,0.0007639419404125,mat,syn,False,nonada,nonada,nonada
1291AG,1291.0,AG,1,3,1,0.0007639419404125,mat,nonsyn,False,nonada,nonada,nonada
1291AG,1291.0,AG,1,7,1,0.0007639419404125,mat,nonsyn,False,nonada,nonada,nonada
1291AG,1291.0,AG,2,7,1,0.0007639419404125,mat,nonsyn,False,nonada,nonada,nonada
1291AG,1291.0,AG,3,10,2,0.001527883880825,mat,nonsyn,False,nonada,nonada,nonada
1292GA,1292.0,GA,2,3,1,0.0007639419404125,mat,nonsyn,False,nonada,nonada,nonada
1292GA,1292.0,GA,3,7,2,0.001527883880825,mat,nonsyn,False,nonada,nonada,nonada
1293GA,1293.0,GA,1,3,1,0.0007639419404125,mat,syn,False,nonada,nonada,nonada
1293GA,1293.0,GA,1,10,2,0.001527883880825,mat,syn,False,nonada,nonada,nonada
1293GA,1293.0,GA,2,7,1,0.0007639419404125,mat,syn,False,nonada,nonada,nonada
1293GA,1293.0,GA,2,10,1,0.0007639419404125,mat,syn,False,nonada,nonada,nonada
1295AG,1295.0,AG,3,3,1,0.0007639419404125,mat,nonsyn,False,nonada,nonada,nonada
1296AG,1296.0,AG,1,10,1,0.0007639419404125,mat,syn,False,nonada,nonada,nonada
1296AG,1296.0,AG,3,3,1,0.0007639419404125,mat,syn,False,nonada,nonada,nonada
1297CT,1297.0,CT,1,3,1,0.0007639419404125,mat,nonsyn,False,nonada,nonada,nonada
1297CT,1297.0,CT,1,7,2,0.001527883880825,mat,nonsyn,False,nonada,nonada,nonada
1297CT,1297.0,CT,1,10,1,0.0007639419404125,mat,nonsyn,False,nonada,nonada,nonada
1297CT,1297.0,CT,2,3,1,0.0007639419404125,mat,nonsyn,False,nonada,nonada,nonada
1297CT,1297.0,CT,3,3,1,0.0007639419404125,mat,nonsyn,False,nonada,nonada,nonada
1298GA,1298.0,GA,1,7,1,0.0007639419404125,mat,nonsyn,False,nonada,nonada,nonada
1298GA,1298.0,GA,2,7,1,0.0007639419404125,mat,nonsyn,False,nonada,nonada,nonada
1298GA,1298.0,GA,3,7,1,0.0007639419404125,mat,nonsyn,False,nonada,nonada,nonada
1299GA,1299.0,GA,2,3,1,0.0007639419404125,mat,syn,False,nonada,nonada,nonada
1299GA,1299.0,GA,3,3,2,0.001527883880825,mat,syn,False,nonada,nonada,nonada
1299GA,1299.0,GA,3,10,2,0.001527883880825,mat,syn,False,nonada,nonada,nonada
1299GT,1299.0,GT,2,7,1,0.0007639419404125,mat,syn,False,nonada,nonada,nonada
1300CA,1300.0,CA,2,10,1,0.0007639419404125,mat,nonsyn,False,nonada,nonada,nonada
1301TC,1301.0,TC,1,10,1,0.0007639419404125,mat,nonsyn,False,nonada,nonada,nonada
1301TC,1301.0,TC,2,10,1,0.0007639419404125,mat,nonsyn,False,nonada,nonada,nonada
1302CT,1302.0,CT,1,7,1,0.0007639419404125,mat,syn,False,nonada,nonada,nonada
1302CT,1302.0,CT,2,10,2,0.001527883880825,mat,syn,False,nonada,nonada,nonada
1302CT,1302.0,CT,3,3,1,0.0007639419404125,mat,syn,False,nonada,nonada,nonada
1303TC,1303.0,TC,1,7,2,0.001527883880825,mat,nonsyn,False,nonada,nonada,nonada
1303TC,1303.0,TC,2,3,1,0.0007639419404125,mat,nonsyn,False,nonada,nonada,nonada
1303TC,1303.0,TC,3,3,1,0.0007639419404125,mat,nonsyn,False,nonada,nonada,nonada
1303TC,1303.0,TC,3,7,2,0.001527883880825,mat,nonsyn,False,nonada,nonada,nonada
1304CA,1304.0,CA,3,7,1,0.0007639419404125,mat,nonsyn,False,nonada,nonada,nonada
1304CT,1304.0,CT,1,3,1,0.0007639419404125,mat,nonsyn,False,nonada,nonada,nonada
1304CT,1304.0,CT,3,3,2,0.001527883880825,mat,nonsyn,False,nonada,nonada,nonada
1304CT,1304.0,CT,3,7,1,0.0007639419404125,mat,nonsyn,False,nonada,nonada,nonada
1304CT,1304.0,CT,3,10,2,0.001527883880825,mat,nonsyn,False,nonada,nonada,nonada
1305TA,1305.0,TA,3,7,1,0.0007639419404125,mat,syn,False,nonada,nonada,nonada
1307GA,1307.0,GA,1,3,1,0.0007639419404125,mat,nonsyn,False,nonada,nonada,nonada
1307GA,1307.0,GA,1,10,4,0.0030557677616501,mat,nonsyn,False,nonada,nonada,nonada
1307GA,1307.0,GA,2,7,1,0.0007639419404125,mat,nonsyn,False,nonada,nonada,nonada
1307GA,1307.0,GA,2,10,2,0.001527883880825,mat,nonsyn,False,nonada,nonada,nonada
1307GA,1307.0,GA,3,3,3,0.0022918258212375,mat,nonsyn,False,nonada,nonada,nonada
1307GA,1307.0,GA,3,7,1,0.0007639419404125,mat,nonsyn,False,nonada,nonada,nonada
1307GA,1307.0,GA,3,10,4,0.0030557677616501,mat,nonsyn,False,nonada,nonada,nonada
1307GC,1307.0,GC,2,3,1,0.0007639419404125,mat,nonsyn,False,nonada,nonada,nonada
1307GT,1307.0,GT,2,7,1,0.0007639419404125,mat,nonsyn,False,nonada,nonada,nonada
1307GT,1307.0,GT,3,10,1,0.0007639419404125,mat,nonsyn,False,nonada,nonada,nonada
1308AC,1308.0,AC,3,7,1,0.0007639419404125,mat,nonsyn,False,nonada,nonada,nonada
1308AG,1308.0,AG,1,7,1,0.0007639419404125,mat,syn,False,nonada,nonada,nonada
1308AG,1308.0,AG,2,10,1,0.0007639419404125,mat,syn,False,nonada,nonada,nonada
130GA,130.0,GA,1,3,1,0.0007639419404125,mat,nonsyn,False,nonada,nonada,nonada
130GA,130.0,GA,1,7,1,0.0007639419404125,mat,nonsyn,False,nonada,nonada,nonada
130GA,130.0,GA,2,3,1,0.0007639419404125,mat,nonsyn,False,nonada,nonada,nonada
130GA,130.0,GA,2,7,1,0.0007639419404125,mat,nonsyn,False,nonada,nonada,nonada
130GA,130.0,GA,2,10,2,0.001527883880825,mat,nonsyn,False,nonada,nonada,nonada
130GA,130.0,GA,3,3,1,0.0007639419404125,mat,nonsyn,False,nonada,nonada,nonada
130GT,130.0,GT,2,10,1,0.0007639419404125,mat,nonsyn,False,nonada,nonada,nonada
130GT,130.0,GT,3,7,1,0.0007639419404125,mat,nonsyn,False,nonada,nonada,nonada
1311GA,1311.0,GA,2,3,2,0.001527883880825,mat,syn,False,nonada,nonada,nonada
1311GA,1311.0,GA,2,7,1,0.0007639419404125,mat,syn,False,nonada,nonada,nonada
1311GT,1311.0,GT,1,3,1,0.0007639419404125,mat,nonsyn,True,nonada,nonada,nonada
131TA,131.0,TA,3,10,1,0.0007639419404125,mat,nonsyn,False,nonada,nonada,nonada
131TC,131.0,TC,2,10,1,0.0007639419404125,mat,nonsyn,False,nonada,nonada,nonada
131TC,131.0,TC,3,7,1,0.0007639419404125,mat,nonsyn,False,nonada,nonada,nonada
132GA,132.0,GA,2,3,1,0.0007639419404125,mat,syn,False,nonada,nonada,nonada
132GA,132.0,GA,3,7,2,0.001527883880825,mat,syn,False,nonada,nonada,nonada
132GC,132.0,GC,2,3,1,0.0007639419404125,mat,syn,False,nonada,nonada,nonada
1335AG,1335.0,AG,2,10,1,0.0007639419404125,cp,nonsyn,False,nonada,nonada,nonada
1337GA,1337.0,GA,3,7,1,0.0007639419404125,cp,nonsyn,False,nonada,nonada,nonada
1337GA,1337.0,GA,3,10,1,0.0007639419404125,cp,nonsyn,False,nonada,nonada,nonada
1338GA,1338.0,GA,2,3,1,0.0007639419404125,cp,nonsyn,False,nonada,nonada,nonada
1338GA,1338.0,GA,2,10,1,0.0007639419404125,cp,nonsyn,False,nonada,nonada,nonada
1338GA,1338.0,GA,3,10,1,0.0007639419404125,cp,nonsyn,False,nonada,nonada,nonada
1339CT,1339.0,CT,1,3,1,0.0007639419404125,cp,nonsyn,False,nonada,nonada,nonada
1339CT,1339.0,CT,1,7,1,0.0007639419404125,cp,nonsyn,False,nonada,nonada,nonada
1339CT,1339.0,CT,2,3,1,0.0007639419404125,cp,nonsyn,False,nonada,nonada,nonada
1340TC,1340.0,TC,1,10,1,0.0007639419404125,cp,syn,False,nonada,nonada,nonada
1340TC,1340.0,TC,2,7,1,0.0007639419404125,cp,syn,False,nonada,nonada,nonada
1340TC,1340.0,TC,3,3,1,0.0007639419404125,cp,syn,False,nonada,nonada,nonada
1340TC,1340.0,TC,3,7,1,0.0007639419404125,cp,syn,False,nonada,nonada,nonada
1341TC,1341.0,TC,2,7,2,0.001527883880825,cp,nonsyn,False,nonada,nonada,nonada
1343TA,1343.0,TA,1,10,1,0.0007639419404125,cp,syn,False,nonada,nonada,nonada
1343TG,1343.0,TG,3,3,1,0.0007639419404125,cp,syn,False,nonada,nonada,nonada
1345AG,1345.0,AG,3,7,1,0.0007639419404125,cp,nonsyn,False,nonada,nonada,nonada
1346CT,1346.0,CT,1,7,1,0.0007639419404125,cp,syn,False,nonada,nonada,nonada
1346CT,1346.0,CT,1,10,1,0.0007639419404125,cp,syn,False,nonada,nonada,nonada
1346CT,1346.0,CT,3,3,1,0.0007639419404125,cp,syn,False,nonada,nonada,nonada
1347TC,1347.0,TC,1,7,2,0.001527883880825,cp,nonsyn,False,nonada,nonada,nonada
1347TC,1347.0,TC,2,3,1,0.0007639419404125,cp,nonsyn,False,nonada,nonada,nonada
1347TG,1347.0,TG,3,10,1,0.0007639419404125,cp,nonsyn,False,nonada,nonada,nonada
1348TC,1348.0,TC,1,3,1,0.0007639419404125,cp,nonsyn,False,nonada,nonada,nonada
1349TC,1349.0,TC,2,3,1,0.0007639419404125,cp,syn,False,nonada,nonada,nonada
134GA,134.0,GA,3,3,1,0.0007639419404125,mat,nonsyn,False,nonada,nonada,nonada
134GA,134.0,GA,3,10,1,0.0007639419404125,mat,nonsyn,False,nonada,nonada,nonada
1350AG,1350.0,AG,1,10,1,0.0007639419404125,cp,nonsyn,False,nonada,nonada,nonada
1351CT,1351.0,CT,2,10,1,0.0007639419404125,cp,nonsyn,False,nonada,nonada,nonada
1351CT,1351.0,CT,3,7,1,0.0007639419404125,cp,nonsyn,False,nonada,nonada,nonada
1352TC,1352.0,TC,1,10,2,0.001527883880825,cp,syn,False,nonada,nonada,nonada
1352TC,1352.0,TC,2,3,1,0.0007639419404125,cp,syn,False,nonada,nonada,nonada
1352TC,1352.0,TC,2,7,1,0.0007639419404125,cp,syn,False,nonada,nonada,nonada
1354AC,1354.0,AC,1,3,1,0.0007639419404125,cp,nonsyn,False,nonada,nonada,nonada
1354AG,1354.0,AG,2,10,1,0.0007639419404125,cp,nonsyn,False,nonada,nonada,nonada
1354AG,1354.0,AG,3,7,1,0.0007639419404125,cp,nonsyn,False,nonada,nonada,nonada
1355GA,1355.0,GA,1,10,1,0.0007639419404125,cp,syn,False,nonada,nonada,nonada
1355GA,1355.0,GA,3,3,1,0.0007639419404125,cp,syn,False,nonada,nonada,nonada
1355GT,1355.0,GT,3,7,1,0.0007639419404125,cp,nonsyn,False,nonada,nonada,nonada
1356TC,1356.0,TC,1,10,1,0.0007639419404125,cp,nonsyn,False,nonada,nonada,nonada
1356TC,1356.0,TC,3,7,1,0.0007639419404125,cp,nonsyn,False,nonada,nonada,nonada
1356TG,1356.0,TG,3,3,1,0.0007639419404125,cp,nonsyn,False,nonada,nonada,nonada
1358CT,1358.0,CT,1,7,4,0.0030557677616501,cp,syn,False,nonada,nonada,nonada
1358CT,1358.0,CT,1,10,1,0.0007639419404125,cp,syn,False,nonada,nonada,nonada
1358CT,1358.0,CT,2,3,2,0.001527883880825,cp,syn,False,nonada,nonada,nonada
1358CT,1358.0,CT,2,10,1,0.0007639419404125,cp,syn,False,nonada,nonada,nonada
1358CT,1358.0,CT,3,3,1,0.0007639419404125,cp,syn,False,nonada,nonada,nonada
1358CT,1358.0,CT,3,7,2,0.001527883880825,cp,syn,False,nonada,nonada,nonada
1359GA,1359.0,GA,1,3,2,0.001527883880825,cp,nonsyn,False,nonada,nonada,nonada
1359GA,1359.0,GA,3,3,2,0.001527883880825,cp,nonsyn,False,nonada,nonada,nonada
1359GT,1359.0,GT,2,3,1,0.0007639419404125,cp,nonsyn,False,nonada,nonada,nonada
135AG,135.0,AG,1,7,1,0.0007639419404125,mat,syn,False,nonada,nonada,nonada
135AG,135.0,AG,1,10,1,0.0007639419404125,mat,syn,False,nonada,nonada,nonada
1360TC,1360.0,TC,2,3,2,0.001527883880825,cp,nonsyn,False,nonada,nonada,nonada
1360TC,1360.0,TC,3,3,1,0.0007639419404125,cp,nonsyn,False,nonada,nonada,nonada
1360TC,1360.0,TC,3,7,1,0.0007639419404125,cp,nonsyn,False,nonada,nonada,nonada
1360TC,1360.0,TC,3,10,2,0.001527883880825,cp,nonsyn,False,nonada,nonada,nonada
1361TC,1361.0,TC,2,3,1,0.0007639419404125,cp,syn,False,nonada,nonada,nonada
1361TC,1361.0,TC,3,10,1,0.0007639419404125,cp,syn,False,nonada,nonada,nonada
1362CA,1362.0,CA,1,3,1,0.0007639419404125,cp,nonsyn,False,nonada,nonada,nonada
1362CT,1362.0,CT,2,7,1,0.0007639419404125,cp,nonsyn,False,nonada,nonada,nonada
1363TC,1363.0,TC,3,3,2,0.001527883880825,cp,nonsyn,False,nonada,nonada,nonada
1363TG,1363.0,TG,2,10,1,0.0007639419404125,cp,nonsyn,False,nonada,nonada,nonada
1364CT,1364.0,CT,1,10,1,0.0007639419404125,cp,syn,False,nonada,nonada,nonada
1364CT,1364.0,CT,3,7,2,0.001527883880825,cp,syn,False,nonada,nonada,nonada
1365GA,1365.0,GA,1,3,2,0.001527883880825,cp,nonsyn,False,nonada,nonada,nonada
1365GA,1365.0,GA,1,7,1,0.0007639419404125,cp,nonsyn,False,nonada,nonada,nonada
1365GA,1365.0,GA,2,7,1,0.0007639419404125,cp,nonsyn,False,nonada,nonada,nonada
1365GC,1365.0,GC,1,3,1,0.0007639419404125,cp,nonsyn,False,nonada,nonada,nonada
1366TC,1366.0,TC,1,3,1,0.0007639419404125,cp,nonsyn,False,nonada,nonada,nonada
1366TC,1366.0,TC,3,3,1,0.0007639419404125,cp,nonsyn,False,nonada,nonada,nonada
1366TC,1366.0,TC,3,10,1,0.0007639419404125,cp,nonsyn,False,nonada,nonada,nonada
1367CT,1367.0,CT,1,10,1,0.0007639419404125,cp,syn,False,nonada,nonada,nonada
1367CT,1367.0,CT,3,7,1,0.0007639419404125,cp,syn,False,nonada,nonada,nonada
1367CT,1367.0,CT,3,10,1,0.0007639419404125,cp,syn,False,nonada,nonada,nonada
1368GA,1368.0,GA,1,7,1,0.0007639419404125,cp,nonsyn,False,nonada,nonada,nonada
1368GA,1368.0,GA,2,7,1,0.0007639419404125,cp,nonsyn,False,nonada,nonada,nonada
1369AT,1369.0,AT,3,7,1,0.0007639419404125,cp,nonsyn,False,nonada,nonada,nonada
1370CT,1370.0,CT,1,7,1,0.0007639419404125,cp,syn,False,nonada,nonada,nonada
1370CT,1370.0,CT,2,7,1,0.0007639419404125,cp,syn,False,nonada,nonada,nonada
1371AG,1371.0,AG,1,3,1,0.0007639419404125,cp,nonsyn,False,nonada,nonada,nonada
1371AG,1371.0,AG,1,10,1,0.0007639419404125,cp,nonsyn,False,nonada,nonada,nonada
1372AG,1372.0,AG,3,10,1,0.0007639419404125,cp,nonsyn,False,nonada,nonada,nonada
1373TC,1373.0,TC,2,3,1,0.0007639419404125,cp,syn,False,nonada,nonada,nonada
1373TC,1373.0,TC,2,7,1,0.0007639419404125,cp,syn,False,nonada,nonada,nonada
1373TC,1373.0,TC,3,3,2,0.001527883880825,cp,syn,False,nonada,nonada,nonada
1373TC,1373.0,TC,3,10,1,0.0007639419404125,cp,syn,False,nonada,nonada,nonada
1373TG,1373.0,TG,2,3,1,0.0007639419404125,cp,nonsyn,False,nonada,nonada,nonada
1373TG,1373.0,TG,3,7,1,0.0007639419404125,cp,nonsyn,False,nonada,nonada,nonada
1374GA,1374.0,GA,1,10,1,0.0007639419404125,cp,nonsyn,False,nonada,nonada,nonada
1375GA,1375.0,GA,1,10,2,0.001527883880825,cp,nonsyn,False,nonada,nonada,nonada
1375GA,1375.0,GA,3,7,1,0.0007639419404125,cp,nonsyn,False,nonada,nonada,nonada
1376CT,1376.0,CT,2,3,1,0.0007639419404125,cp,syn,False,nonada,nonada,nonada
1376CT,1376.0,CT,2,10,1,0.0007639419404125,cp,syn,False,nonada,nonada,nonada
1376CT,1376.0,CT,3,3,1,0.0007639419404125,cp,syn,False,nonada,nonada,nonada
1376CT,1376.0,CT,3,10,1,0.0007639419404125,cp,syn,False,nonada,nonada,nonada
1377GA,1377.0,GA,1,3,1,0.0007639419404125,cp,nonsyn,False,nonada,nonada,nonada
1377GA,1377.0,GA,1,10,1,0.0007639419404125,cp,nonsyn,False,nonada,nonada,nonada
1377GA,1377.0,GA,3,3,2,0.001527883880825,cp,nonsyn,False,nonada,nonada,nonada
1377GC,1377.0,GC,2,7,1,0.0007639419404125,cp,nonsyn,False,nonada,nonada,nonada
1377GC,1377.0,GC,3,10,1,0.0007639419404125,cp,nonsyn,False,nonada,nonada,nonada
1378GA,1378.0,GA,1,7,1,0.0007639419404125,cp,nonsyn,False,nonada,nonada,nonada
1378GA,1378.0,GA,2,10,1,0.0007639419404125,cp,nonsyn,False,nonada,nonada,nonada
1378GA,1378.0,GA,3,3,1,0.0007639419404125,cp,nonsyn,False,nonada,nonada,nonada
1379AG,1379.0,AG,1,3,1,0.0007639419404125,cp,syn,False,nonada,nonada,nonada
1379AG,1379.0,AG,2,7,1,0.0007639419404125,cp,syn,False,nonada,nonada,nonada
1379AG,1379.0,AG,3,10,1,0.0007639419404125,cp,syn,False,nonada,nonada,nonada
137CT,137.0,CT,2,3,3,0.0022918258212375,mat,nonsyn,False,nonada,nonada,nonada
137CT,137.0,CT,2,7,2,0.001527883880825,mat,nonsyn,False,nonada,nonada,nonada
137CT,137.0,CT,2,10,1,0.0007639419404125,mat,nonsyn,False,nonada,nonada,nonada
137CT,137.0,CT,3,7,1,0.0007639419404125,mat,nonsyn,False,nonada,nonada,nonada
1380AC,1380.0,AC,1,3,1,0.0007639419404125,cp,nonsyn,False,nonada,nonada,nonada
1382TC,1382.0,TC,2,3,1,0.0007639419404125,cp,syn,False,nonada,nonada,nonada
1382TC,1382.0,TC,3,3,1,0.0007639419404125,cp,syn,False,nonada,nonada,nonada
1382TC,1382.0,TC,3,7,2,0.001527883880825,cp,syn,False,nonada,nonada,nonada
1382TG,1382.0,TG,1,10,1,0.0007639419404125,cp,syn,False,nonada,nonada,nonada
1383GA,1383.0,GA,3,3,1,0.0007639419404125,cp,nonsyn,False,nonada,nonada,nonada
1383GT,1383.0,GT,1,10,1,0.0007639419404125,cp,nonsyn,False,nonada,nonada,nonada
1384GA,1384.0,GA,1,3,1,0.0007639419404125,cp,nonsyn,False,nonada,nonada,nonada
1384GA,1384.0,GA,1,7,1,0.0007639419404125,cp,nonsyn,False,nonada,nonada,nonada
1384GA,1384.0,GA,1,10,2,0.001527883880825,cp,nonsyn,False,nonada,nonada,nonada
1384GA,1384.0,GA,2,7,2,0.001527883880825,cp,nonsyn,False,nonada,nonada,nonada
1384GA,1384.0,GA,3,3,1,0.0007639419404125,cp,nonsyn,False,nonada,nonada,nonada
1384GT,1384.0,GT,1,10,2,0.001527883880825,cp,nonsyn,False,nonada,nonada,nonada
1385CA,1385.0,CA,1,10,1,0.0007639419404125,cp,syn,False,nonada,nonada,nonada
1385CT,1385.0,CT,1,7,1,0.0007639419404125,cp,syn,False,nonada,nonada,nonada
1385CT,1385.0,CT,1,10,2,0.001527883880825,cp,syn,False,nonada,nonada,nonada
1385CT,1385.0,CT,2,3,1,0.0007639419404125,cp,syn,False,nonada,nonada,nonada
1385CT,1385.0,CT,2,7,1,0.0007639419404125,cp,syn,False,nonada,nonada,nonada
1385CT,1385.0,CT,2,10,1,0.0007639419404125,cp,syn,False,nonada,nonada,nonada
1385CT,1385.0,CT,3,3,1,0.0007639419404125,cp,syn,False,nonada,nonada,nonada
1385CT,1385.0,CT,3,7,2,0.001527883880825,cp,syn,False,nonada,nonada,nonada
1386GA,1386.0,GA,1,7,1,0.0007639419404125,cp,nonsyn,False,nonada,nonada,nonada
1388CG,1388.0,CG,1,7,1,0.0007639419404125,cp,nonsyn,False,nonada,nonada,nonada
1388CT,1388.0,CT,1,7,1,0.0007639419404125,cp,syn,False,nonada,nonada,nonada
1388CT,1388.0,CT,1,10,1,0.0007639419404125,cp,syn,False,nonada,nonada,nonada
1388CT,1388.0,CT,2,3,1,0.0007639419404125,cp,syn,False,nonada,nonada,nonada
1388CT,1388.0,CT,2,7,1,0.0007639419404125,cp,syn,False,nonada,nonada,nonada
1388CT,1388.0,CT,2,10,1,0.0007639419404125,cp,syn,False,nonada,nonada,nonada
138TC,138.0,TC,1,3,1,0.0007639419404125,mat,syn,False,nonada,nonada,nonada
138TC,138.0,TC,1,10,3,0.0022918258212375,mat,syn,False,nonada,nonada,nonada
138TC,138.0,TC,2,3,1,0.0007639419404125,mat,syn,False,nonada,nonada,nonada
138TC,138.0,TC,2,7,2,0.001527883880825,mat,syn,False,nonada,nonada,nonada
138TC,138.0,TC,2,10,1,0.0007639419404125,mat,syn,False,nonada,nonada,nonada
138TC,138.0,TC,3,3,1,0.0007639419404125,mat,syn,False,nonada,nonada,nonada
138TC,138.0,TC,3,7,2,0.001527883880825,mat,syn,False,nonada,nonada,nonada
138TG,138.0,TG,3,10,1,0.0007639419404125,mat,syn,False,nonada,nonada,nonada
1390TC,1390.0,TC,2,7,1,0.0007639419404125,cp,nonsyn,False,nonada,nonada,nonada
1390TC,1390.0,TC,3,3,1,0.0007639419404125,cp,nonsyn,False,nonada,nonada,nonada
1391GA,1391.0,GA,1,10,1,0.0007639419404125,cp,syn,False,nonada,nonada,nonada
1391GA,1391.0,GA,2,7,1,0.0007639419404125,cp,syn,False,nonada,nonada,nonada
1391GA,1391.0,GA,2,10,2,0.001527883880825,cp,syn,False,nonada,nonada,nonada
1391GA,1391.0,GA,3,7,1,0.0007639419404125,cp,syn,False,nonada,nonada,nonada
1393CG,1393.0,CG,3,7,1,0.0007639419404125,cp,nonsyn,False,nonada,nonada,nonada
1393CT,1393.0,CT,1,7,1,0.0007639419404125,cp,nonsyn,False,nonada,nonada,nonada
1393CT,1393.0,CT,2,3,2,0.001527883880825,cp,nonsyn,False,nonada,nonada,nonada
1393CT,1393.0,CT,2,7,1,0.0007639419404125,cp,nonsyn,False,nonada,nonada,nonada
1393CT,1393.0,CT,2,10,1,0.0007639419404125,cp,nonsyn,False,nonada,nonada,nonada
1393CT,1393.0,CT,3,3,1,0.0007639419404125,cp,nonsyn,False,nonada,nonada,nonada
1393CT,1393.0,CT,3,7,1,0.0007639419404125,cp,nonsyn,False,nonada,nonada,nonada
1394TC,1394.0,TC,2,3,1,0.0007639419404125,cp,syn,False,nonada,nonada,nonada
1394TC,1394.0,TC,3,3,1,0.0007639419404125,cp,syn,False,nonada,nonada,nonada
1394TG,1394.0,TG,2,10,1,0.0007639419404125,cp,syn,False,nonada,nonada,nonada
1395GA,1395.0,GA,2,3,1,0.0007639419404125,cp,nonsyn,False,nonada,nonada,nonada
1395GA,1395.0,GA,3,7,1,0.0007639419404125,cp,nonsyn,False,nonada,nonada,nonada
1397CT,1397.0,CT,1,3,1,0.0007639419404125,cp,syn,False,nonada,nonada,nonada
1397CT,1397.0,CT,1,7,1,0.0007639419404125,cp,syn,False,nonada,nonada,nonada
1397CT,1397.0,CT,1,10,1,0.0007639419404125,cp,syn,False,nonada,nonada,nonada
1397CT,1397.0,CT,2,3,1,0.0007639419404125,cp,syn,False,nonada,nonada,nonada
1397CT,1397.0,CT,2,7,3,0.0022918258212375,cp,syn,False,nonada,nonada,nonada
1397CT,1397.0,CT,2,10,1,0.0007639419404125,cp,syn,False,nonada,nonada,nonada
1397CT,1397.0,CT,3,3,1,0.0007639419404125,cp,syn,False,nonada,nonada,nonada
1397CT,1397.0,CT,3,7,1,0.0007639419404125,cp,syn,False,nonada,nonada,nonada
1398GA,1398.0,GA,2,7,1,0.0007639419404125,cp,nonsyn,False,nonada,nonada,nonada
1398GA,1398.0,GA,3,10,1,0.0007639419404125,cp,nonsyn,False,nonada,nonada,nonada
1398GC,1398.0,GC,1,10,1,0.0007639419404125,cp,nonsyn,False,nonada,nonada,nonada
1398GC,1398.0,GC,2,3,2,0.001527883880825,cp,nonsyn,False,nonada,nonada,nonada
1398GC,1398.0,GC,3,7,3,0.0022918258212375,cp,nonsyn,False,nonada,nonada,nonada
1399CT,1399.0,CT,1,3,3,0.0022918258212375,cp,nonsyn,False,nonada,nonada,nonada
1399CT,1399.0,CT,1,7,2,0.001527883880825,cp,nonsyn,False,nonada,nonada,nonada
1399CT,1399.0,CT,1,10,1,0.0007639419404125,cp,nonsyn,False,nonada,nonada,nonada
1399CT,1399.0,CT,3,7,1,0.0007639419404125,cp,nonsyn,False,nonada,nonada,nonada
1399CT,1399.0,CT,3,10,1,0.0007639419404125,cp,nonsyn,False,nonada,nonada,nonada
139TC,139.0,TC,1,3,2,0.001527883880825,mat,nonsyn,False,nonada,nonada,nonada
139TG,139.0,TG,2,10,1,0.0007639419404125,mat,nonsyn,False,nonada,nonada,nonada
1400CT,1400.0,CT,1,3,1,0.0007639419404125,cp,syn,False,nonada,nonada,nonada
1400CT,1400.0,CT,1,7,1,0.0007639419404125,cp,syn,False,nonada,nonada,nonada
1400CT,1400.0,CT,2,3,1,0.0007639419404125,cp,syn,False,nonada,nonada,nonada
1400CT,1400.0,CT,2,10,2,0.001527883880825,cp,syn,False,nonada,nonada,nonada
1400CT,1400.0,CT,3,10,2,0.001527883880825,cp,syn,False,nonada,nonada,nonada
1401CA,1401.0,CA,1,7,1,0.0007639419404125,cp,nonsyn,False,nonada,nonada,nonada
1402CA,1402.0,CA,3,7,1,0.0007639419404125,cp,nonsyn,False,nonada,nonada,nonada
1402CT,1402.0,CT,3,3,1,0.0007639419404125,cp,nonsyn,False,nonada,nonada,nonada
1403AG,1403.0,AG,2,10,1,0.0007639419404125,cp,syn,False,nonada,nonada,nonada
1403AG,1403.0,AG,3,7,1,0.0007639419404125,cp,syn,False,nonada,nonada,nonada
1403AG,1403.0,AG,3,10,1,0.0007639419404125,cp,syn,False,nonada,nonada,nonada
1404AG,1404.0,AG,3,7,1,0.0007639419404125,cp,nonsyn,False,nonada,nonada,nonada
1404AT,1404.0,AT,2,3,1,0.0007639419404125,cp,nonsyn,False,nonada,nonada,nonada
1405GA,1405.0,GA,2,7,1,0.0007639419404125,cp,nonsyn,False,nonada,nonada,nonada
1405GA,1405.0,GA,3,3,1,0.0007639419404125,cp,nonsyn,False,nonada,nonada,nonada
1405GA,1405.0,GA,3,7,1,0.0007639419404125,cp,nonsyn,False,nonada,nonada,nonada
1405GT,1405.0,GT,1,3,2,0.001527883880825,cp,nonsyn,False,nonada,nonada,nonada
1405GT,1405.0,GT,3,7,1,0.0007639419404125,cp,nonsyn,False,nonada,nonada,nonada
1406CT,1406.0,CT,1,10,1,0.0007639419404125,cp,syn,False,nonada,nonada,nonada
1406CT,1406.0,CT,2,3,1,0.0007639419404125,cp,syn,False,nonada,nonada,nonada
1406CT,1406.0,CT,3,7,2,0.001527883880825,cp,syn,False,nonada,nonada,nonada
1408AG,1408.0,AG,1,3,1,0.0007639419404125,cp,nonsyn,False,nonada,nonada,nonada
1408AG,1408.0,AG,1,7,1,0.0007639419404125,cp,nonsyn,False,nonada,nonada,nonada
140TC,140.0,TC,1,10,1,0.0007639419404125,mat,nonsyn,False,nonada,nonada,nonada
140TC,140.0,TC,2,10,1,0.0007639419404125,mat,nonsyn,False,nonada,nonada,nonada
140TC,140.0,TC,3,10,1,0.0007639419404125,mat,nonsyn,False,nonada,nonada,nonada
1410TA,1410.0,TA,1,3,1,0.0007639419404125,cp,nonsyn,False,nonada,nonada,nonada
1411TA,1411.0,TA,1,3,1,0.0007639419404125,cp,nonsyn,False,nonada,nonada,nonada
1412CT,1412.0,CT,2,3,1,0.0007639419404125,cp,syn,False,nonada,nonada,nonada
1412CT,1412.0,CT,3,10,2,0.001527883880825,cp,syn,False,nonada,nonada,nonada
1413GA,1413.0,GA,1,7,2,0.001527883880825,cp,nonsyn,False,nonada,nonada,nonada
1413GA,1413.0,GA,2,3,1,0.0007639419404125,cp,nonsyn,False,nonada,nonada,nonada
1413GA,1413.0,GA,3,3,1,0.0007639419404125,cp,nonsyn,False,nonada,nonada,nonada
1413GA,1413.0,GA,3,7,1,0.0007639419404125,cp,nonsyn,False,nonada,nonada,nonada
1413GC,1413.0,GC,3,3,1,0.0007639419404125,cp,nonsyn,False,nonada,nonada,nonada
1415TC,1415.0,TC,1,3,1,0.0007639419404125,cp,syn,False,nonada,nonada,nonada
1415TC,1415.0,TC,3,10,1,0.0007639419404125,cp,syn,False,nonada,nonada,nonada
1417AT,1417.0,AT,2,3,1,0.0007639419404125,cp,nonsyn,False,nonada,nonada,nonada
1418CT,1418.0,CT,1,7,1,0.0007639419404125,cp,syn,False,nonada,nonada,nonada
1418CT,1418.0,CT,2,3,2,0.001527883880825,cp,syn,False,nonada,nonada,nonada
1418CT,1418.0,CT,3,7,1,0.0007639419404125,cp,syn,False,nonada,nonada,nonada
1419GA,1419.0,GA,3,7,1,0.0007639419404125,cp,nonsyn,False,nonada,nonada,nonada
1419GA,1419.0,GA,3,10,1,0.0007639419404125,cp,nonsyn,False,nonada,nonada,nonada
1419GC,1419.0,GC,2,3,1,0.0007639419404125,cp,nonsyn,False,nonada,nonada,nonada
1419GC,1419.0,GC,3,7,3,0.0022918258212375,cp,nonsyn,False,nonada,nonada,nonada
141TA,141.0,TA,3,10,1,0.0007639419404125,mat,nonsyn,False,nonada,nonada,nonada
141TC,141.0,TC,1,7,1,0.0007639419404125,mat,syn,False,nonada,nonada,nonada
141TC,141.0,TC,3,7,1,0.0007639419404125,mat,syn,False,nonada,nonada,nonada
1420GT,1420.0,GT,3,3,1,0.0007639419404125,cp,nonsyn,False,nonada,nonada,nonada
1421GA,1421.0,GA,1,3,1,0.0007639419404125,cp,syn,False,nonada,nonada,nonada
1421GA,1421.0,GA,1,7,1,0.0007639419404125,cp,syn,False,nonada,nonada,nonada
1421GA,1421.0,GA,2,3,1,0.0007639419404125,cp,syn,False,nonada,nonada,nonada
1421GA,1421.0,GA,2,7,1,0.0007639419404125,cp,syn,False,nonada,nonada,nonada
1421GA,1421.0,GA,2,10,2,0.001527883880825,cp,syn,False,nonada,nonada,nonada
1421GA,1421.0,GA,3,3,4,0.0030557677616501,cp,syn,False,nonada,nonada,nonada
1422GA,1422.0,GA,1,10,1,0.0007639419404125,cp,nonsyn,False,nonada,nonada,nonada
1424CT,1424.0,CT,2,3,1,0.0007639419404125,cp,syn,False,nonada,nonada,nonada
1424CT,1424.0,CT,3,3,1,0.0007639419404125,cp,syn,False,nonada,nonada,nonada
1425GA,1425.0,GA,2,3,1,0.0007639419404125,cp,nonsyn,False,nonada,nonada,nonada
1425GA,1425.0,GA,2,7,1,0.0007639419404125,cp,nonsyn,False,nonada,nonada,nonada
1425GA,1425.0,GA,3,10,1,0.0007639419404125,cp,nonsyn,False,nonada,nonada,nonada
1426CA,1426.0,CA,3,3,1,0.0007639419404125,cp,nonsyn,False,nonada,nonada,nonada
1426CT,1426.0,CT,1,3,1,0.0007639419404125,cp,nonsyn,False,nonada,nonada,nonada
1427TC,1427.0,TC,1,7,2,0.001527883880825,cp,syn,False,nonada,nonada,nonada
1427TC,1427.0,TC,2,3,2,0.001527883880825,cp,syn,False,nonada,nonada,nonada
1427TC,1427.0,TC,2,10,1,0.0007639419404125,cp,syn,False,nonada,nonada,nonada
1427TC,1427.0,TC,3,7,2,0.001527883880825,cp,syn,False,nonada,nonada,nonada
1427TC,1427.0,TC,3,10,2,0.001527883880825,cp,syn,False,nonada,nonada,nonada
1427TG,1427.0,TG,1,3,1,0.0007639419404125,cp,syn,False,nonada,nonada,nonada
1428GA,1428.0,GA,1,3,2,0.001527883880825,cp,nonsyn,False,nonada,nonada,nonada
1428GA,1428.0,GA,1,7,1,0.0007639419404125,cp,nonsyn,False,nonada,nonada,nonada
1428GA,1428.0,GA,2,10,1,0.0007639419404125,cp,nonsyn,False,nonada,nonada,nonada
1428GA,1428.0,GA,3,7,1,0.0007639419404125,cp,nonsyn,False,nonada,nonada,nonada
1429AG,1429.0,AG,3,3,1,0.0007639419404125,cp,nonsyn,False,nonada,nonada,nonada
142AG,142.0,AG,2,3,1,0.0007639419404125,mat,nonsyn,False,nonada,nonada,nonada
142AG,142.0,AG,2,7,1,0.0007639419404125,mat,nonsyn,False,nonada,nonada,nonada
1430AG,1430.0,AG,2,10,1,0.0007639419404125,cp,syn,False,nonada,nonada,nonada
1431TA,1431.0,TA,1,10,1,0.0007639419404125,cp,nonsyn,False,nonada,nonada,nonada
1432GA,1432.0,GA,3,7,1,0.0007639419404125,cp,nonsyn,True,nonada,nonada,nonada
1432GA,1432.0,GA,3,10,1,0.0007639419404125,cp,nonsyn,True,nonada,nonada,nonada
1433GA,1433.0,GA,2,3,1,0.0007639419404125,cp,nonsyn,True,nonada,nonada,nonada
1433GA,1433.0,GA,3,3,1,0.0007639419404125,cp,nonsyn,True,nonada,nonada,nonada
1434AG,1434.0,AG,1,7,2,0.001527883880825,cp,nonsyn,False,nonada,nonada,nonada
1434AG,1434.0,AG,1,10,1,0.0007639419404125,cp,nonsyn,False,nonada,nonada,nonada
1434AG,1434.0,AG,2,3,1,0.0007639419404125,cp,nonsyn,False,nonada,nonada,nonada
1434AG,1434.0,AG,2,7,1,0.0007639419404125,cp,nonsyn,False,nonada,nonada,nonada
1436CT,1436.0,CT,2,7,2,0.001527883880825,cp,syn,False,nonada,nonada,nonada
1436CT,1436.0,CT,3,7,1,0.0007639419404125,cp,syn,False,nonada,nonada,nonada
1437AG,1437.0,AG,1,3,1,0.0007639419404125,cp,nonsyn,False,nonada,nonada,nonada
1437AG,1437.0,AG,3,7,1,0.0007639419404125,cp,nonsyn,False,nonada,nonada,nonada
1438GA,1438.0,GA,2,3,1,0.0007639419404125,cp,nonsyn,False,nonada,nonada,nonada
1438GT,1438.0,GT,1,10,1,0.0007639419404125,cp,nonsyn,False,nonada,nonada,nonada
1439CT,1439.0,CT,1,3,1,0.0007639419404125,cp,syn,False,nonada,nonada,nonada
1439CT,1439.0,CT,2,3,1,0.0007639419404125,cp,syn,False,nonada,nonada,nonada
1439CT,1439.0,CT,3,10,1,0.0007639419404125,cp,syn,False,nonada,nonada,nonada
1440TC,1440.0,TC,1,3,2,0.001527883880825,cp,nonsyn,False,nonada,nonada,nonada
1440TC,1440.0,TC,2,3,1,0.0007639419404125,cp,nonsyn,False,nonada,nonada,nonada
1440TC,1440.0,TC,2,7,1,0.0007639419404125,cp,nonsyn,False,nonada,nonada,nonada
1440TC,1440.0,TC,3,7,1,0.0007639419404125,cp,nonsyn,False,nonada,nonada,nonada
1441CA,1441.0,CA,3,3,1,0.0007639419404125,cp,nonsyn,False,nonada,nonada,nonada
1442TA,1442.0,TA,3,7,1,0.0007639419404125,cp,syn,False,nonada,nonada,nonada
1442TC,1442.0,TC,1,7,1,0.0007639419404125,cp,syn,False,nonada,nonada,nonada
1442TC,1442.0,TC,2,3,1,0.0007639419404125,cp,syn,False,nonada,nonada,nonada
1442TC,1442.0,TC,2,10,1,0.0007639419404125,cp,syn,False,nonada,nonada,nonada
1442TC,1442.0,TC,3,10,1,0.0007639419404125,cp,syn,False,nonada,nonada,nonada
1443AG,1443.0,AG,1,3,1,0.0007639419404125,cp,nonsyn,False,nonada,nonada,nonada
1443AG,1443.0,AG,1,7,1,0.0007639419404125,cp,nonsyn,False,nonada,nonada,nonada
1443AG,1443.0,AG,1,10,1,0.0007639419404125,cp,nonsyn,False,nonada,nonada,nonada
1443AG,1443.0,AG,3,7,1,0.0007639419404125,cp,nonsyn,False,nonada,nonada,nonada
1444AG,1444.0,AG,1,3,1,0.0007639419404125,cp,nonsyn,False,nonada,nonada,nonada
1444AG,1444.0,AG,1,7,1,0.0007639419404125,cp,nonsyn,False,nonada,nonada,nonada
1444AG,1444.0,AG,2,7,1,0.0007639419404125,cp,nonsyn,False,nonada,nonada,nonada
1444AG,1444.0,AG,3,3,1,0.0007639419404125,cp,nonsyn,False,nonada,nonada,nonada
1444AG,1444.0,AG,3,7,1,0.0007639419404125,cp,nonsyn,False,nonada,nonada,nonada
1444AT,1444.0,AT,1,3,1,0.0007639419404125,cp,nonsyn,False,nonada,nonada,nonada
1445CA,1445.0,CA,2,3,1,0.0007639419404125,cp,nonsyn,False,nonada,nonada,nonada
1445CT,1445.0,CT,2,10,1,0.0007639419404125,cp,syn,False,nonada,nonada,nonada
1445CT,1445.0,CT,3,3,1,0.0007639419404125,cp,syn,False,nonada,nonada,nonada
1445CT,1445.0,CT,3,10,1,0.0007639419404125,cp,syn,False,nonada,nonada,nonada
1448GA,1448.0,GA,1,3,1,0.0007639419404125,cp,syn,False,nonada,nonada,nonada
1448GA,1448.0,GA,1,7,3,0.0022918258212375,cp,syn,False,nonada,nonada,nonada
1448GA,1448.0,GA,2,3,1,0.0007639419404125,cp,syn,False,nonada,nonada,nonada
1448GA,1448.0,GA,2,7,1,0.0007639419404125,cp,syn,False,nonada,nonada,nonada
1448GA,1448.0,GA,3,10,1,0.0007639419404125,cp,syn,False,nonada,nonada,nonada
1449CT,1449.0,CT,1,3,1,0.0007639419404125,cp,nonsyn,False,nonada,nonada,nonada
1449CT,1449.0,CT,1,10,1,0.0007639419404125,cp,nonsyn,False,nonada,nonada,nonada
1449CT,1449.0,CT,3,10,1,0.0007639419404125,cp,nonsyn,False,nonada,nonada,nonada
144TC,144.0,TC,1,3,2,0.001527883880825,mat,syn,False,nonada,nonada,nonada
144TC,144.0,TC,3,7,1,0.0007639419404125,mat,syn,False,nonada,nonada,nonada
144TC,144.0,TC,3,10,1,0.0007639419404125,mat,syn,False,nonada,nonada,nonada
1450GA,1450.0,GA,2,3,1,0.0007639419404125,cp,nonsyn,False,nonada,nonada,nonada
1450GA,1450.0,GA,3,3,1,0.0007639419404125,cp,nonsyn,False,nonada,nonada,nonada
1450GA,1450.0,GA,3,7,1,0.0007639419404125,cp,nonsyn,False,nonada,nonada,nonada
1450GT,1450.0,GT,1,3,1,0.0007639419404125,cp,nonsyn,False,nonada,nonada,nonada
1451TC,1451.0,TC,1,3,2,0.001527883880825,cp,syn,False,nonada,nonada,nonada
1451TC,1451.0,TC,1,7,1,0.0007639419404125,cp,syn,False,nonada,nonada,nonada
1451TC,1451.0,TC,1,10,2,0.001527883880825,cp,syn,False,nonada,nonada,nonada
1451TC,1451.0,TC,2,3,3,0.0022918258212375,cp,syn,False,nonada,nonada,nonada
1451TC,1451.0,TC,2,7,2,0.001527883880825,cp,syn,False,nonada,nonada,nonada
1451TC,1451.0,TC,2,10,1,0.0007639419404125,cp,syn,False,nonada,nonada,nonada
1451TC,1451.0,TC,3,7,2,0.001527883880825,cp,syn,False,nonada,nonada,nonada
1451TC,1451.0,TC,3,10,1,0.0007639419404125,cp,syn,False,nonada,nonada,nonada
1453CT,1453.0,CT,1,3,1,0.0007639419404125,cp,nonsyn,False,nonada,nonada,nonada
1454AG,1454.0,AG,2,3,1,0.0007639419404125,cp,syn,False,nonada,nonada,nonada
1454AG,1454.0,AG,2,10,2,0.001527883880825,cp,syn,False,nonada,nonada,nonada
1454AG,1454.0,AG,3,3,1,0.0007639419404125,cp,syn,False,nonada,nonada,nonada
1454AG,1454.0,AG,3,7,2,0.001527883880825,cp,syn,False,nonada,nonada,nonada
1455CT,1455.0,CT,2,3,1,0.0007639419404125,cp,nonsyn,True,nonada,nonada,nonada
1457GA,1457.0,GA,1,3,1,0.0007639419404125,cp,syn,False,nonada,nonada,nonada
1457GA,1457.0,GA,1,7,1,0.0007639419404125,cp,syn,False,nonada,nonada,nonada
1457GA,1457.0,GA,2,7,1,0.0007639419404125,cp,syn,False,nonada,nonada,nonada
1458GA,1458.0,GA,1,7,1,0.0007639419404125,cp,nonsyn,False,nonada,nonada,nonada
1458GA,1458.0,GA,2,10,1,0.0007639419404125,cp,nonsyn,False,nonada,nonada,nonada
1458GA,1458.0,GA,3,3,1,0.0007639419404125,cp,nonsyn,False,nonada,nonada,nonada
1458GA,1458.0,GA,3,7,1,0.0007639419404125,cp,nonsyn,False,nonada,nonada,nonada
1459CT,1459.0,CT,1,10,1,0.0007639419404125,cp,nonsyn,False,nonada,nonada,nonada
145AC,145.0,AC,1,7,1,0.0007639419404125,mat,nonsyn,False,nonada,nonada,nonada
145AG,145.0,AG,1,10,2,0.001527883880825,mat,nonsyn,False,nonada,nonada,nonada
145AG,145.0,AG,2,10,1,0.0007639419404125,mat,nonsyn,False,nonada,nonada,nonada
145AG,145.0,AG,3,10,1,0.0007639419404125,mat,nonsyn,False,nonada,nonada,nonada
1460TC,1460.0,TC,1,3,1,0.0007639419404125,cp,syn,False,nonada,nonada,nonada
1460TC,1460.0,TC,1,10,2,0.001527883880825,cp,syn,False,nonada,nonada,nonada
1460TC,1460.0,TC,2,3,1,0.0007639419404125,cp,syn,False,nonada,nonada,nonada
1460TC,1460.0,TC,2,10,1,0.0007639419404125,cp,syn,False,nonada,nonada,nonada
1460TC,1460.0,TC,3,3,1,0.0007639419404125,cp,syn,False,nonada,nonada,nonada
1460TG,1460.0,TG,1,10,1,0.0007639419404125,cp,syn,False,nonada,nonada,nonada
1462AG,1462.0,AG,1,7,2,0.001527883880825,cp,nonsyn,False,nonada,nonada,nonada
1462AG,1462.0,AG,3,10,1,0.0007639419404125,cp,nonsyn,False,nonada,nonada,nonada
1463CT,1463.0,CT,1,3,2,0.001527883880825,cp,syn,False,nonada,nonada,nonada
1463CT,1463.0,CT,1,7,1,0.0007639419404125,cp,syn,False,nonada,nonada,nonada
1463CT,1463.0,CT,1,10,1,0.0007639419404125,cp,syn,False,nonada,nonada,nonada
1463CT,1463.0,CT,2,7,1,0.0007639419404125,cp,syn,False,nonada,nonada,nonada
1463CT,1463.0,CT,2,10,2,0.001527883880825,cp,syn,False,nonada,nonada,nonada
1463CT,1463.0,CT,3,10,3,0.0022918258212375,cp,syn,False,nonada,nonada,nonada
1464AG,1464.0,AG,1,10,1,0.0007639419404125,cp,nonsyn,False,nonada,nonada,nonada
1464AG,1464.0,AG,2,3,1,0.0007639419404125,cp,nonsyn,False,nonada,nonada,nonada
1465AG,1465.0,AG,1,10,1,0.0007639419404125,cp,nonsyn,False,nonada,nonada,nonada
1465AG,1465.0,AG,2,10,1,0.0007639419404125,cp,nonsyn,False,nonada,nonada,nonada
1465AG,1465.0,AG,3,7,1,0.0007639419404125,cp,nonsyn,False,nonada,nonada,nonada
1465AT,1465.0,AT,3,10,1,0.0007639419404125,cp,nonsyn,False,nonada,nonada,nonada
1466AG,1466.0,AG,1,3,1,0.0007639419404125,cp,syn,False,nonada,nonada,nonada
1466AG,1466.0,AG,2,3,1,0.0007639419404125,cp,syn,False,nonada,nonada,nonada
1467GA,1467.0,GA,3,10,1,0.0007639419404125,cp,nonsyn,False,nonada,nonada,nonada
1469AC,1469.0,AC,1,7,1,0.0007639419404125,cp,syn,False,nonada,nonada,nonada
1469AG,1469.0,AG,1,10,1,0.0007639419404125,cp,syn,False,nonada,nonada,nonada
1469AG,1469.0,AG,2,3,1,0.0007639419404125,cp,syn,False,nonada,nonada,nonada
1469AG,1469.0,AG,3,7,1,0.0007639419404125,cp,syn,False,nonada,nonada,nonada
146CA,146.0,CA,1,10,2,0.001527883880825,mat,nonsyn,False,nonada,nonada,nonada
146CT,146.0,CT,1,7,2,0.001527883880825,mat,nonsyn,False,nonada,nonada,nonada
146CT,146.0,CT,1,10,2,0.001527883880825,mat,nonsyn,False,nonada,nonada,nonada
146CT,146.0,CT,2,3,2,0.001527883880825,mat,nonsyn,False,nonada,nonada,nonada
146CT,146.0,CT,2,7,1,0.0007639419404125,mat,nonsyn,False,nonada,nonada,nonada
146CT,146.0,CT,3,10,1,0.0007639419404125,mat,nonsyn,False,nonada,nonada,nonada
1470AG,1470.0,AG,1,10,1,0.0007639419404125,cp,nonsyn,False,nonada,nonada,nonada
1471CT,1471.0,CT,1,3,1,0.0007639419404125,cp,nonsyn,False,nonada,nonada,nonada
1473TC,1473.0,TC,1,10,1,0.0007639419404125,cp,nonsyn,False,nonada,nonada,nonada
1473TC,1473.0,TC,3,7,2,0.001527883880825,cp,nonsyn,False,nonada,nonada,nonada
1473TC,1473.0,TC,3,10,1,0.0007639419404125,cp,nonsyn,False,nonada,nonada,nonada
1474GA,1474.0,GA,1,7,1,0.0007639419404125,cp,nonsyn,False,nonada,nonada,nonada
1474GA,1474.0,GA,3,7,1,0.0007639419404125,cp,nonsyn,False,nonada,nonada,nonada
1475TC,1475.0,TC,1,10,1,0.0007639419404125,cp,syn,False,nonada,nonada,nonada
1477GA,1477.0,GA,2,3,1,0.0007639419404125,cp,nonsyn,False,nonada,nonada,nonada
1477GA,1477.0,GA,3,7,1,0.0007639419404125,cp,nonsyn,False,nonada,nonada,nonada
1478CT,1478.0,CT,1,3,2,0.001527883880825,cp,syn,False,nonada,nonada,nonada
1478CT,1478.0,CT,1,7,1,0.0007639419404125,cp,syn,False,nonada,nonada,nonada
1478CT,1478.0,CT,2,3,1,0.0007639419404125,cp,syn,False,nonada,nonada,nonada
1478CT,1478.0,CT,2,7,2,0.001527883880825,cp,syn,False,nonada,nonada,nonada
1478CT,1478.0,CT,3,3,1,0.0007639419404125,cp,syn,False,nonada,nonada,nonada
1479GA,1479.0,GA,1,3,1,0.0007639419404125,cp,nonsyn,False,nonada,nonada,nonada
1479GA,1479.0,GA,1,10,1,0.0007639419404125,cp,nonsyn,False,nonada,nonada,nonada
1479GA,1479.0,GA,2,3,1,0.0007639419404125,cp,nonsyn,False,nonada,nonada,nonada
1479GA,1479.0,GA,2,7,1,0.0007639419404125,cp,nonsyn,False,nonada,nonada,nonada
1479GA,1479.0,GA,3,7,1,0.0007639419404125,cp,nonsyn,False,nonada,nonada,nonada
1479GA,1479.0,GA,3,10,1,0.0007639419404125,cp,nonsyn,False,nonada,nonada,nonada
147CT,147.0,CT,1,7,1,0.0007639419404125,mat,syn,False,nonada,nonada,nonada
147CT,147.0,CT,1,10,1,0.0007639419404125,mat,syn,False,nonada,nonada,nonada
147CT,147.0,CT,2,7,2,0.001527883880825,mat,syn,False,nonada,nonada,nonada
147CT,147.0,CT,2,10,1,0.0007639419404125,mat,syn,False,nonada,nonada,nonada
147CT,147.0,CT,3,3,1,0.0007639419404125,mat,syn,False,nonada,nonada,nonada
1480TC,1480.0,TC,3,7,1,0.0007639419404125,cp,nonsyn,False,nonada,nonada,nonada
1481TC,1481.0,TC,1,3,1,0.0007639419404125,cp,syn,False,nonada,nonada,nonada
1481TC,1481.0,TC,1,10,1,0.0007639419404125,cp,syn,False,nonada,nonada,nonada
1481TC,1481.0,TC,2,7,1,0.0007639419404125,cp,syn,False,nonada,nonada,nonada
1481TC,1481.0,TC,2,10,1,0.0007639419404125,cp,syn,False,nonada,nonada,nonada
1481TC,1481.0,TC,3,10,1,0.0007639419404125,cp,syn,False,nonada,nonada,nonada
1483GA,1483.0,GA,1,7,1,0.0007639419404125,cp,nonsyn,False,nonada,nonada,nonada
1483GA,1483.0,GA,2,10,1,0.0007639419404125,cp,nonsyn,False,nonada,nonada,nonada
1484TC,1484.0,TC,1,7,1,0.0007639419404125,cp,syn,False,nonada,nonada,nonada
1484TC,1484.0,TC,2,3,2,0.001527883880825,cp,syn,False,nonada,nonada,nonada
1484TC,1484.0,TC,2,10,1,0.0007639419404125,cp,syn,False,nonada,nonada,nonada
1484TC,1484.0,TC,3,7,1,0.0007639419404125,cp,syn,False,nonada,nonada,nonada
1484TC,1484.0,TC,3,10,1,0.0007639419404125,cp,syn,False,nonada,nonada,nonada
1487GA,1487.0,GA,2,3,1,0.0007639419404125,cp,syn,False,nonada,nonada,nonada
1487GA,1487.0,GA,2,7,1,0.0007639419404125,cp,syn,False,nonada,nonada,nonada
1487GT,1487.0,GT,3,10,1,0.0007639419404125,cp,nonsyn,False,nonada,nonada,nonada
1488AG,1488.0,AG,1,3,1,0.0007639419404125,cp,nonsyn,False,nonada,nonada,nonada
1488AG,1488.0,AG,1,7,1,0.0007639419404125,cp,nonsyn,False,nonada,nonada,nonada
1489GA,1489.0,GA,2,3,2,0.001527883880825,cp,nonsyn,False,nonada,nonada,nonada
1489GA,1489.0,GA,2,7,1,0.0007639419404125,cp,nonsyn,False,nonada,nonada,nonada
1489GA,1489.0,GA,2,10,1,0.0007639419404125,cp,nonsyn,False,nonada,nonada,nonada
1489GA,1489.0,GA,3,3,1,0.0007639419404125,cp,nonsyn,False,nonada,nonada,nonada
1489GA,1489.0,GA,3,10,1,0.0007639419404125,cp,nonsyn,False,nonada,nonada,nonada
1489GC,1489.0,GC,2,3,1,0.0007639419404125,cp,nonsyn,False,nonada,nonada,nonada
148CT,148.0,CT,1,3,1,0.0007639419404125,mat,nonsyn,False,nonada,nonada,nonada
148CT,148.0,CT,1,10,1,0.0007639419404125,mat,nonsyn,False,nonada,nonada,nonada
1490CT,1490.0,CT,1,7,1,0.0007639419404125,cp,syn,False,nonada,nonada,nonada
1490CT,1490.0,CT,1,10,2,0.001527883880825,cp,syn,False,nonada,nonada,nonada
1491TC,1491.0,TC,2,10,1,0.0007639419404125,cp,nonsyn,False,nonada,nonada,nonada
1491TC,1491.0,TC,3,7,1,0.0007639419404125,cp,nonsyn,False,nonada,nonada,nonada
1491TC,1491.0,TC,3,10,1,0.0007639419404125,cp,nonsyn,False,nonada,nonada,nonada
1492CT,1492.0,CT,2,3,1,0.0007639419404125,cp,nonsyn,False,nonada,nonada,nonada
1493TC,1493.0,TC,1,7,1,0.0007639419404125,cp,syn,False,nonada,nonada,nonada
1493TC,1493.0,TC,2,7,1,0.0007639419404125,cp,syn,False,nonada,nonada,nonada
1493TC,1493.0,TC,3,7,1,0.0007639419404125,cp,syn,False,nonada,nonada,nonada
1494GA,1494.0,GA,1,7,1,0.0007639419404125,cp,nonsyn,False,nonada,nonada,nonada
1494GA,1494.0,GA,1,10,1,0.0007639419404125,cp,nonsyn,False,nonada,nonada,nonada
1494GA,1494.0,GA,2,7,2,0.001527883880825,cp,nonsyn,False,nonada,nonada,nonada
1494GA,1494.0,GA,2,10,1,0.0007639419404125,cp,nonsyn,False,nonada,nonada,nonada
1495CT,1495.0,CT,2,3,1,0.0007639419404125,cp,nonsyn,False,nonada,nonada,nonada
1495CT,1495.0,CT,2,7,1,0.0007639419404125,cp,nonsyn,False,nonada,nonada,nonada
1496GA,1496.0,GA,1,10,1,0.0007639419404125,cp,syn,False,nonada,nonada,nonada
1496GA,1496.0,GA,2,10,1,0.0007639419404125,cp,syn,False,nonada,nonada,nonada
1496GA,1496.0,GA,3,3,3,0.0022918258212375,cp,syn,False,nonada,nonada,nonada
1496GC,1496.0,GC,3,10,1,0.0007639419404125,cp,syn,False,nonada,nonada,nonada
1498AG,1498.0,AG,1,10,1,0.0007639419404125,cp,nonsyn,False,nonada,nonada,nonada
1498AG,1498.0,AG,2,3,1,0.0007639419404125,cp,nonsyn,False,nonada,nonada,nonada
1498AG,1498.0,AG,3,7,1,0.0007639419404125,cp,nonsyn,False,nonada,nonada,nonada
1499GA,1499.0,GA,1,10,2,0.001527883880825,cp,syn,False,nonada,nonada,nonada
1499GA,1499.0,GA,2,3,2,0.001527883880825,cp,syn,False,nonada,nonada,nonada
1499GA,1499.0,GA,2,10,1,0.0007639419404125,cp,syn,False,nonada,nonada,nonada
1499GA,1499.0,GA,3,7,1,0.0007639419404125,cp,syn,False,nonada,nonada,nonada
1499GA,1499.0,GA,3,10,2,0.001527883880825,cp,syn,False,nonada,nonada,nonada
1501AG,1501.0,AG,3,3,1,0.0007639419404125,cp,nonsyn,False,nonada,nonada,nonada
1501AG,1501.0,AG,3,7,1,0.0007639419404125,cp,nonsyn,False,nonada,nonada,nonada
1502TC,1502.0,TC,1,3,1,0.0007639419404125,cp,syn,False,nonada,nonada,nonada
1502TC,1502.0,TC,1,10,1,0.0007639419404125,cp,syn,False,nonada,nonada,nonada
1502TC,1502.0,TC,2,10,1,0.0007639419404125,cp,syn,False,nonada,nonada,nonada
1502TC,1502.0,TC,3,7,2,0.001527883880825,cp,syn,False,nonada,nonada,nonada
1502TC,1502.0,TC,3,10,1,0.0007639419404125,cp,syn,False,nonada,nonada,nonada
1503CA,1503.0,CA,3,3,1,0.0007639419404125,cp,nonsyn,False,nonada,nonada,nonada
1503CT,1503.0,CT,3,10,1,0.0007639419404125,cp,nonsyn,False,nonada,nonada,nonada
1504GA,1504.0,GA,2,3,2,0.001527883880825,cp,nonsyn,False,nonada,nonada,nonada
1504GA,1504.0,GA,3,3,2,0.001527883880825,cp,nonsyn,False,nonada,nonada,nonada
1504GA,1504.0,GA,3,10,1,0.0007639419404125,cp,nonsyn,False,nonada,nonada,nonada
1504GT,1504.0,GT,1,7,1,0.0007639419404125,cp,nonsyn,False,nonada,nonada,nonada
1505CA,1505.0,CA,1,3,1,0.0007639419404125,cp,syn,False,nonada,nonada,nonada
1505CA,1505.0,CA,2,3,1,0.0007639419404125,cp,syn,False,nonada,nonada,nonada
1505CT,1505.0,CT,1,10,1,0.0007639419404125,cp,syn,False,nonada,nonada,nonada
1506AG,1506.0,AG,1,7,1,0.0007639419404125,cp,nonsyn,False,nonada,nonada,nonada
1506AG,1506.0,AG,3,3,1,0.0007639419404125,cp,nonsyn,False,nonada,nonada,nonada
1507AG,1507.0,AG,2,7,2,0.001527883880825,cp,nonsyn,False,nonada,nonada,nonada
1508AG,1508.0,AG,1,3,1,0.0007639419404125,cp,syn,False,nonada,nonada,nonada
1508AG,1508.0,AG,1,10,1,0.0007639419404125,cp,syn,False,nonada,nonada,nonada
1508AG,1508.0,AG,3,10,2,0.001527883880825,cp,syn,False,nonada,nonada,nonada
1509TC,1509.0,TC,1,10,1,0.0007639419404125,cp,nonsyn,False,nonada,nonada,nonada
150TC,150.0,TC,1,3,1,0.0007639419404125,mat,syn,False,nonada,nonada,nonada
150TC,150.0,TC,1,10,1,0.0007639419404125,mat,syn,False,nonada,nonada,nonada
1511CT,1511.0,CT,1,3,1,0.0007639419404125,cp,syn,False,nonada,nonada,nonada
1511CT,1511.0,CT,1,10,2,0.001527883880825,cp,syn,False,nonada,nonada,nonada
1511CT,1511.0,CT,2,3,1,0.0007639419404125,cp,syn,False,nonada,nonada,nonada
1511CT,1511.0,CT,2,7,2,0.001527883880825,cp,syn,False,nonada,nonada,nonada
1511CT,1511.0,CT,3,7,1,0.0007639419404125,cp,syn,False,nonada,nonada,nonada
1512AG,1512.0,AG,1,3,1,0.0007639419404125,cp,nonsyn,False,nonada,nonada,nonada
1512AG,1512.0,AG,3,7,1,0.0007639419404125,cp,nonsyn,False,nonada,nonada,nonada
1513CT,1513.0,CT,1,10,1,0.0007639419404125,cp,nonsyn,False,nonada,nonada,nonada
1513CT,1513.0,CT,3,10,1,0.0007639419404125,cp,nonsyn,False,nonada,nonada,nonada
1514CT,1514.0,CT,1,3,1,0.0007639419404125,cp,syn,False,nonada,nonada,nonada
1514CT,1514.0,CT,1,7,2,0.001527883880825,cp,syn,False,nonada,nonada,nonada
1514CT,1514.0,CT,1,10,2,0.001527883880825,cp,syn,False,nonada,nonada,nonada
1514CT,1514.0,CT,2,3,2,0.001527883880825,cp,syn,False,nonada,nonada,nonada
1514CT,1514.0,CT,2,7,3,0.0022918258212375,cp,syn,False,nonada,nonada,nonada
1514CT,1514.0,CT,2,10,4,0.0030557677616501,cp,syn,False,nonada,nonada,nonada
1514CT,1514.0,CT,3,3,5,0.0038197097020626,cp,syn,False,nonada,nonada,nonada
1514CT,1514.0,CT,3,10,1,0.0007639419404125,cp,syn,False,nonada,nonada,nonada
1515AG,1515.0,AG,2,7,1,0.0007639419404125,cp,nonsyn,False,nonada,nonada,nonada
1516TC,1516.0,TC,1,3,1,0.0007639419404125,cp,nonsyn,False,nonada,nonada,nonada
1516TC,1516.0,TC,3,3,1,0.0007639419404125,cp,nonsyn,False,nonada,nonada,nonada
1516TG,1516.0,TG,2,3,1,0.0007639419404125,cp,nonsyn,False,nonada,nonada,nonada
1517CA,1517.0,CA,1,3,1,0.0007639419404125,cp,syn,False,nonada,nonada,nonada
1517CA,1517.0,CA,1,10,1,0.0007639419404125,cp,syn,False,nonada,nonada,nonada
1517CA,1517.0,CA,2,3,1,0.0007639419404125,cp,syn,False,nonada,nonada,nonada
1517CA,1517.0,CA,2,7,1,0.0007639419404125,cp,syn,False,nonada,nonada,nonada
1517CA,1517.0,CA,3,7,1,0.0007639419404125,cp,syn,False,nonada,nonada,nonada
1517CA,1517.0,CA,3,10,1,0.0007639419404125,cp,syn,False,nonada,nonada,nonada
1517CT,1517.0,CT,1,3,2,0.001527883880825,cp,syn,False,nonada,nonada,nonada
1517CT,1517.0,CT,1,7,1,0.0007639419404125,cp,syn,False,nonada,nonada,nonada
1517CT,1517.0,CT,1,10,5,0.0038197097020626,cp,syn,False,nonada,nonada,nonada
1517CT,1517.0,CT,2,3,2,0.001527883880825,cp,syn,False,nonada,nonada,nonada
1517CT,1517.0,CT,2,7,1,0.0007639419404125,cp,syn,False,nonada,nonada,nonada
1517CT,1517.0,CT,2,10,5,0.0038197097020626,cp,syn,False,nonada,nonada,nonada
1517CT,1517.0,CT,3,7,3,0.0022918258212375,cp,syn,False,nonada,nonada,nonada
1517CT,1517.0,CT,3,10,4,0.0030557677616501,cp,syn,False,nonada,nonada,nonada
1518AG,1518.0,AG,2,3,1,0.0007639419404125,cp,nonsyn,False,nonada,nonada,nonada
1519AG,1519.0,AG,1,10,1,0.0007639419404125,cp,nonsyn,False,nonada,nonada,nonada
151GA,151.0,GA,2,3,1,0.0007639419404125,mat,nonsyn,False,nonada,nonada,nonada
151GA,151.0,GA,2,10,2,0.001527883880825,mat,nonsyn,False,nonada,nonada,nonada
1520AG,1520.0,AG,1,3,2,0.001527883880825,cp,syn,False,nonada,nonada,nonada
1520AG,1520.0,AG,2,7,1,0.0007639419404125,cp,syn,False,nonada,nonada,nonada
1520AG,1520.0,AG,3,7,1,0.0007639419404125,cp,syn,False,nonada,nonada,nonada
1520AG,1520.0,AG,3,10,1,0.0007639419404125,cp,syn,False,nonada,nonada,nonada
1521GA,1521.0,GA,1,7,1,0.0007639419404125,cp,nonsyn,False,nonada,nonada,nonada
1521GA,1521.0,GA,1,10,1,0.0007639419404125,cp,nonsyn,False,nonada,nonada,nonada
1521GA,1521.0,GA,2,7,1,0.0007639419404125,cp,nonsyn,False,nonada,nonada,nonada
1521GA,1521.0,GA,3,3,1,0.0007639419404125,cp,nonsyn,False,nonada,nonada,nonada
1521GA,1521.0,GA,3,10,1,0.0007639419404125,cp,nonsyn,False,nonada,nonada,nonada
1522TC,1522.0,TC,1,3,1,0.0007639419404125,cp,nonsyn,False,nonada,nonada,nonada
1522TC,1522.0,TC,1,10,1,0.0007639419404125,cp,nonsyn,False,nonada,nonada,nonada
1522TC,1522.0,TC,2,10,1,0.0007639419404125,cp,nonsyn,False,nonada,nonada,nonada
1523CT,1523.0,CT,1,7,3,0.0022918258212375,cp,syn,False,nonada,nonada,nonada
1523CT,1523.0,CT,2,10,1,0.0007639419404125,cp,syn,False,nonada,nonada,nonada
1523CT,1523.0,CT,3,3,4,0.0030557677616501,cp,syn,False,nonada,nonada,nonada
1523CT,1523.0,CT,3,7,1,0.0007639419404125,cp,syn,False,nonada,nonada,nonada
1523CT,1523.0,CT,3,10,2,0.001527883880825,cp,syn,False,nonada,nonada,nonada
1524GA,1524.0,GA,2,3,1,0.0007639419404125,cp,nonsyn,False,nonada,nonada,nonada
1524GA,1524.0,GA,3,10,1,0.0007639419404125,cp,nonsyn,False,nonada,nonada,nonada
1524GC,1524.0,GC,3,7,1,0.0007639419404125,cp,nonsyn,False,nonada,nonada,nonada
1525AG,1525.0,AG,1,3,1,0.0007639419404125,cp,nonsyn,False,nonada,nonada,nonada
1525AG,1525.0,AG,3,7,1,0.0007639419404125,cp,nonsyn,False,nonada,nonada,nonada
1526GA,1526.0,GA,1,3,2,0.001527883880825,cp,syn,False,nonada,nonada,nonada
1526GA,1526.0,GA,1,7,1,0.0007639419404125,cp,syn,False,nonada,nonada,nonada
1526GA,1526.0,GA,1,10,4,0.0030557677616501,cp,syn,False,nonada,nonada,nonada
1526GA,1526.0,GA,2,3,1,0.0007639419404125,cp,syn,False,nonada,nonada,nonada
1526GA,1526.0,GA,2,7,4,0.0030557677616501,cp,syn,False,nonada,nonada,nonada
1526GA,1526.0,GA,2,10,1,0.0007639419404125,cp,syn,False,nonada,nonada,nonada
1526GA,1526.0,GA,3,10,2,0.001527883880825,cp,syn,False,nonada,nonada,nonada
1527GA,1527.0,GA,3,7,1,0.0007639419404125,cp,nonsyn,False,nonada,nonada,nonada
1529GA,1529.0,GA,1,7,1,0.0007639419404125,cp,syn,False,nonada,nonada,nonada
1529GA,1529.0,GA,2,3,1,0.0007639419404125,cp,syn,False,nonada,nonada,nonada
1529GA,1529.0,GA,2,7,1,0.0007639419404125,cp,syn,False,nonada,nonada,nonada
1529GA,1529.0,GA,2,10,1,0.0007639419404125,cp,syn,False,nonada,nonada,nonada
1529GA,1529.0,GA,3,10,1,0.0007639419404125,cp,syn,False,nonada,nonada,nonada
1529GC,1529.0,GC,2,10,2,0.001527883880825,cp,syn,False,nonada,nonada,nonada
1530CT,1530.0,CT,2,7,1,0.0007639419404125,cp,nonsyn,False,nonada,nonada,nonada
1531CA,1531.0,CA,2,10,1,0.0007639419404125,cp,nonsyn,False,nonada,nonada,nonada
1532TA,1532.0,TA,1,10,2,0.001527883880825,cp,syn,False,nonada,nonada,nonada
1532TC,1532.0,TC,2,10,1,0.0007639419404125,cp,syn,False,nonada,nonada,nonada
1532TG,1532.0,TG,3,10,1,0.0007639419404125,cp,syn,False,nonada,nonada,nonada
1533AG,1533.0,AG,1,3,1,0.0007639419404125,cp,nonsyn,False,nonada,nonada,nonada
1533AG,1533.0,AG,2,10,1,0.0007639419404125,cp,nonsyn,False,nonada,nonada,nonada
1534AG,1534.0,AG,3,3,1,0.0007639419404125,cp,nonsyn,False,nonada,nonada,nonada
1535AG,1535.0,AG,1,3,1,0.0007639419404125,cp,syn,False,nonada,nonada,nonada
1535AG,1535.0,AG,1,10,1,0.0007639419404125,cp,syn,False,nonada,nonada,nonada
1535AG,1535.0,AG,2,7,3,0.0022918258212375,cp,syn,False,nonada,nonada,nonada
1535AG,1535.0,AG,2,10,1,0.0007639419404125,cp,syn,False,nonada,nonada,nonada
1535AT,1535.0,AT,3,10,1,0.0007639419404125,cp,nonsyn,False,nonada,nonada,nonada
1536GA,1536.0,GA,1,3,1,0.0007639419404125,cp,nonsyn,False,nonada,nonada,nonada
1537TA,1537.0,TA,2,7,1,0.0007639419404125,cp,nonsyn,False,nonada,nonada,nonada
1537TC,1537.0,TC,1,7,1,0.0007639419404125,cp,nonsyn,False,nonada,nonada,nonada
1537TC,1537.0,TC,2,3,1,0.0007639419404125,cp,nonsyn,False,nonada,nonada,nonada
1537TC,1537.0,TC,3,3,1,0.0007639419404125,cp,nonsyn,False,nonada,nonada,nonada
1537TG,1537.0,TG,1,10,2,0.001527883880825,cp,nonsyn,False,nonada,nonada,nonada
1537TG,1537.0,TG,2,7,1,0.0007639419404125,cp,nonsyn,False,nonada,nonada,nonada
1537TG,1537.0,TG,2,10,1,0.0007639419404125,cp,nonsyn,False,nonada,nonada,nonada
1538GA,1538.0,GA,1,7,1,0.0007639419404125,cp,syn,False,nonada,nonada,nonada
1538GA,1538.0,GA,2,10,1,0.0007639419404125,cp,syn,False,nonada,nonada,nonada
1538GA,1538.0,GA,3,3,1,0.0007639419404125,cp,syn,False,nonada,nonada,nonada
1539GA,1539.0,GA,1,3,4,0.0030557677616501,cp,nonsyn,False,nonada,nonada,nonada
1539GA,1539.0,GA,1,7,2,0.001527883880825,cp,nonsyn,False,nonada,nonada,nonada
1539GA,1539.0,GA,2,3,1,0.0007639419404125,cp,nonsyn,False,nonada,nonada,nonada
1539GA,1539.0,GA,2,7,1,0.0007639419404125,cp,nonsyn,False,nonada,nonada,nonada
1539GA,1539.0,GA,2,10,1,0.0007639419404125,cp,nonsyn,False,nonada,nonada,nonada
1539GA,1539.0,GA,3,10,1,0.0007639419404125,cp,nonsyn,False,nonada,nonada,nonada
153TC,153.0,TC,2,7,2,0.001527883880825,mat,syn,False,nonada,nonada,nonada
153TC,153.0,TC,2,10,1,0.0007639419404125,mat,syn,False,nonada,nonada,nonada
153TC,153.0,TC,3,7,1,0.0007639419404125,mat,syn,False,nonada,nonada,nonada
1540CT,1540.0,CT,2,3,1,0.0007639419404125,cp,nonsyn,False,nonada,nonada,nonada
1541AC,1541.0,AC,3,3,1,0.0007639419404125,cp,syn,False,nonada,nonada,nonada
1541AG,1541.0,AG,1,7,1,0.0007639419404125,cp,syn,False,nonada,nonada,nonada
1541AG,1541.0,AG,2,3,1,0.0007639419404125,cp,syn,False,nonada,nonada,nonada
1541AG,1541.0,AG,3,3,1,0.0007639419404125,cp,syn,False,nonada,nonada,nonada
1541AG,1541.0,AG,3,10,4,0.0030557677616501,cp,syn,False,nonada,nonada,nonada
1543CT,1543.0,CT,1,7,2,0.001527883880825,cp,nonsyn,False,nonada,nonada,nonada
1544CA,1544.0,CA,1,3,1,0.0007639419404125,cp,syn,False,nonada,nonada,nonada
1544CT,1544.0,CT,1,3,2,0.001527883880825,cp,syn,False,nonada,nonada,nonada
1544CT,1544.0,CT,2,10,3,0.0022918258212375,cp,syn,False,nonada,nonada,nonada
1544CT,1544.0,CT,3,3,1,0.0007639419404125,cp,syn,False,nonada,nonada,nonada
1544CT,1544.0,CT,3,7,1,0.0007639419404125,cp,syn,False,nonada,nonada,nonada
1545CT,1545.0,CT,1,3,1,0.0007639419404125,cp,nonsyn,True,nonada,nonada,nonada
1545CT,1545.0,CT,2,7,1,0.0007639419404125,cp,nonsyn,True,nonada,nonada,nonada
1546AG,1546.0,AG,3,7,1,0.0007639419404125,cp,nonsyn,False,nonada,nonada,nonada
1547GA,1547.0,GA,1,7,2,0.001527883880825,cp,syn,False,nonada,nonada,nonada
1547GA,1547.0,GA,1,10,1,0.0007639419404125,cp,syn,False,nonada,nonada,nonada
1547GA,1547.0,GA,2,3,1,0.0007639419404125,cp,syn,False,nonada,nonada,nonada
1547GA,1547.0,GA,3,3,2,0.001527883880825,cp,syn,False,nonada,nonada,nonada
1547GA,1547.0,GA,3,7,1,0.0007639419404125,cp,syn,False,nonada,nonada,nonada
1548AG,1548.0,AG,1,3,1,0.0007639419404125,cp,nonsyn,False,nonada,nonada,nonada
1548AG,1548.0,AG,1,10,2,0.001527883880825,cp,nonsyn,False,nonada,nonada,nonada
1548AG,1548.0,AG,3,7,1,0.0007639419404125,cp,nonsyn,False,nonada,nonada,nonada
1549CA,1549.0,CA,3,7,1,0.0007639419404125,cp,nonsyn,False,nonada,nonada,nonada
1549CT,1549.0,CT,1,3,1,0.0007639419404125,cp,nonsyn,False,nonada,nonada,nonada
154AG,154.0,AG,1,7,1,0.0007639419404125,mat,nonsyn,False,nonada,nonada,nonada
154AG,154.0,AG,3,10,1,0.0007639419404125,mat,nonsyn,False,nonada,nonada,nonada
1550TA,1550.0,TA,2,10,1,0.0007639419404125,cp,syn,False,nonada,nonada,nonada
1550TC,1550.0,TC,1,3,1,0.0007639419404125,cp,syn,False,nonada,nonada,nonada
1550TC,1550.0,TC,1,7,3,0.0022918258212375,cp,syn,False,nonada,nonada,nonada
1550TC,1550.0,TC,1,10,2,0.001527883880825,cp,syn,False,nonada,nonada,nonada
1550TC,1550.0,TC,2,7,3,0.0022918258212375,cp,syn,False,nonada,nonada,nonada
1550TC,1550.0,TC,2,10,1,0.0007639419404125,cp,syn,False,nonada,nonada,nonada
1550TC,1550.0,TC,3,3,1,0.0007639419404125,cp,syn,False,nonada,nonada,nonada
1550TC,1550.0,TC,3,7,1,0.0007639419404125,cp,syn,False,nonada,nonada,nonada
1551GA,1551.0,GA,1,3,2,0.001527883880825,cp,nonsyn,False,nonada,nonada,nonada
1551GT,1551.0,GT,1,3,2,0.001527883880825,cp,nonsyn,False,nonada,nonada,nonada
1551GT,1551.0,GT,2,3,1,0.0007639419404125,cp,nonsyn,False,nonada,nonada,nonada
1552TC,1552.0,TC,1,3,1,0.0007639419404125,cp,nonsyn,False,nonada,nonada,nonada
1552TC,1552.0,TC,1,10,2,0.001527883880825,cp,nonsyn,False,nonada,nonada,nonada
1552TC,1552.0,TC,2,3,2,0.001527883880825,cp,nonsyn,False,nonada,nonada,nonada
1552TC,1552.0,TC,3,3,1,0.0007639419404125,cp,nonsyn,False,nonada,nonada,nonada
1552TG,1552.0,TG,2,3,2,0.001527883880825,cp,nonsyn,False,nonada,nonada,nonada
1553TC,1553.0,TC,1,3,1,0.0007639419404125,cp,syn,False,nonada,nonada,nonada
1553TC,1553.0,TC,1,7,1,0.0007639419404125,cp,syn,False,nonada,nonada,nonada
1553TC,1553.0,TC,1,10,1,0.0007639419404125,cp,syn,False,nonada,nonada,nonada
1553TC,1553.0,TC,2,3,1,0.0007639419404125,cp,syn,False,nonada,nonada,nonada
1553TC,1553.0,TC,2,7,1,0.0007639419404125,cp,syn,False,nonada,nonada,nonada
1555GA,1555.0,GA,2,7,1,0.0007639419404125,cp,nonsyn,False,nonada,nonada,nonada
1555GA,1555.0,GA,3,3,1,0.0007639419404125,cp,nonsyn,False,nonada,nonada,nonada
1556TC,1556.0,TC,1,7,1,0.0007639419404125,cp,syn,False,nonada,nonada,nonada
1556TC,1556.0,TC,2,7,4,0.0030557677616501,cp,syn,False,nonada,nonada,nonada
1556TC,1556.0,TC,3,3,1,0.0007639419404125,cp,syn,False,nonada,nonada,nonada
1556TC,1556.0,TC,3,10,1,0.0007639419404125,cp,syn,False,nonada,nonada,nonada
1556TG,1556.0,TG,1,3,1,0.0007639419404125,cp,syn,False,nonada,nonada,nonada
1557GA,1557.0,GA,1,10,2,0.001527883880825,cp,nonsyn,False,nonada,nonada,nonada
1558GA,1558.0,GA,3,10,1,0.0007639419404125,cp,nonsyn,False,nonada,nonada,nonada
1559TC,1559.0,TC,2,3,2,0.001527883880825,cp,syn,False,nonada,nonada,nonada
1559TC,1559.0,TC,3,7,1,0.0007639419404125,cp,syn,False,nonada,nonada,nonada
1559TG,1559.0,TG,1,10,2,0.001527883880825,cp,syn,False,nonada,nonada,nonada
155GA,155.0,GA,2,3,2,0.001527883880825,mat,nonsyn,False,nonada,nonada,nonada
155GA,155.0,GA,2,7,1,0.0007639419404125,mat,nonsyn,False,nonada,nonada,nonada
155GA,155.0,GA,2,10,1,0.0007639419404125,mat,nonsyn,False,nonada,nonada,nonada
155GA,155.0,GA,3,7,2,0.001527883880825,mat,nonsyn,False,nonada,nonada,nonada
155GA,155.0,GA,3,10,1,0.0007639419404125,mat,nonsyn,False,nonada,nonada,nonada
155GT,155.0,GT,2,3,1,0.0007639419404125,mat,nonsyn,False,nonada,nonada,nonada
1560GA,1560.0,GA,2,3,1,0.0007639419404125,cp,nonsyn,False,nonada,nonada,nonada
1560GA,1560.0,GA,3,10,1,0.0007639419404125,cp,nonsyn,False,nonada,nonada,nonada
1561TC,1561.0,TC,3,7,1,0.0007639419404125,cp,nonsyn,False,nonada,nonada,nonada
1562AG,1562.0,AG,1,10,1,0.0007639419404125,cp,syn,False,nonada,nonada,nonada
1562AG,1562.0,AG,2,3,1,0.0007639419404125,cp,syn,False,nonada,nonada,nonada
1562AG,1562.0,AG,2,7,1,0.0007639419404125,cp,syn,False,nonada,nonada,nonada
1563GA,1563.0,GA,3,10,1,0.0007639419404125,cp,nonsyn,False,nonada,nonada,nonada
1563GC,1563.0,GC,2,7,1,0.0007639419404125,cp,nonsyn,False,nonada,nonada,nonada
1563GT,1563.0,GT,3,7,1,0.0007639419404125,cp,nonsyn,True,nonada,nonada,nonada
1563GT,1563.0,GT,3,10,1,0.0007639419404125,cp,nonsyn,True,nonada,nonada,nonada
1564AG,1564.0,AG,2,3,1,0.0007639419404125,cp,nonsyn,False,nonada,nonada,nonada
1564AT,1564.0,AT,3,10,1,0.0007639419404125,cp,nonsyn,False,nonada,nonada,nonada
1565GA,1565.0,GA,1,7,1,0.0007639419404125,cp,syn,False,nonada,nonada,nonada
1565GA,1565.0,GA,1,10,1,0.0007639419404125,cp,syn,False,nonada,nonada,nonada
1565GT,1565.0,GT,2,3,1,0.0007639419404125,cp,nonsyn,False,nonada,nonada,nonada
1566CT,1566.0,CT,2,10,1,0.0007639419404125,cp,nonsyn,False,nonada,nonada,nonada
1566CT,1566.0,CT,3,10,1,0.0007639419404125,cp,nonsyn,False,nonada,nonada,nonada
1567TC,1567.0,TC,1,3,1,0.0007639419404125,cp,nonsyn,False,nonada,nonada,nonada
1567TC,1567.0,TC,2,3,1,0.0007639419404125,cp,nonsyn,False,nonada,nonada,nonada
1567TC,1567.0,TC,3,7,1,0.0007639419404125,cp,nonsyn,False,nonada,nonada,nonada
1568TC,1568.0,TC,3,3,2,0.001527883880825,cp,syn,False,nonada,nonada,nonada
1568TC,1568.0,TC,3,7,1,0.0007639419404125,cp,syn,False,nonada,nonada,nonada
1568TC,1568.0,TC,3,10,1,0.0007639419404125,cp,syn,False,nonada,nonada,nonada
1568TG,1568.0,TG,3,10,1,0.0007639419404125,cp,syn,False,nonada,nonada,nonada
156GA,156.0,GA,1,3,1,0.0007639419404125,mat,syn,False,nonada,nonada,nonada
156GA,156.0,GA,1,7,1,0.0007639419404125,mat,syn,False,nonada,nonada,nonada
156GA,156.0,GA,1,10,1,0.0007639419404125,mat,syn,False,nonada,nonada,nonada
156GA,156.0,GA,2,10,1,0.0007639419404125,mat,syn,False,nonada,nonada,nonada
156GA,156.0,GA,3,7,1,0.0007639419404125,mat,syn,False,nonada,nonada,nonada
156GA,156.0,GA,3,10,2,0.001527883880825,mat,syn,False,nonada,nonada,nonada
156GC,156.0,GC,2,10,1,0.0007639419404125,mat,nonsyn,False,nonada,nonada,nonada
156GT,156.0,GT,1,3,1,0.0007639419404125,mat,nonsyn,False,nonada,nonada,nonada
1570CT,1570.0,CT,2,3,1,0.0007639419404125,cp,nonsyn,False,nonada,nonada,nonada
1570CT,1570.0,CT,2,10,1,0.0007639419404125,cp,nonsyn,False,nonada,nonada,nonada
1570CT,1570.0,CT,3,7,1,0.0007639419404125,cp,nonsyn,False,nonada,nonada,nonada
1571TC,1571.0,TC,1,7,2,0.001527883880825,cp,syn,False,nonada,nonada,nonada
1571TC,1571.0,TC,2,10,1,0.0007639419404125,cp,syn,False,nonada,nonada,nonada
1571TC,1571.0,TC,3,3,1,0.0007639419404125,cp,syn,False,nonada,nonada,nonada
1571TG,1571.0,TG,1,7,5,0.0038197097020626,cp,syn,False,nonada,ada,nonada
1571TG,1571.0,TG,1,10,12,0.0091673032849503,cp,syn,False,nonada,ada,nonada
1571TG,1571.0,TG,2,3,1,0.0007639419404125,cp,syn,False,nonada,ada,nonada
1571TG,1571.0,TG,2,7,5,0.0038197097020626,cp,syn,False,nonada,ada,nonada
1571TG,1571.0,TG,2,10,15,0.0114591291061879,cp,syn,False,nonada,ada,ada
1571TG,1571.0,TG,3,3,1,0.0007639419404125,cp,syn,False,nonada,ada,nonada
1571TG,1571.0,TG,3,7,3,0.0022918258212375,cp,syn,False,nonada,ada,nonada
1571TG,1571.0,TG,3,10,15,0.0114591291061879,cp,syn,False,nonada,ada,ada
1572GA,1572.0,GA,1,3,1,0.0007639419404125,cp,nonsyn,False,nonada,nonada,nonada
1573TC,1573.0,TC,1,7,1,0.0007639419404125,cp,nonsyn,False,nonada,nonada,nonada
1573TC,1573.0,TC,2,10,1,0.0007639419404125,cp,nonsyn,False,nonada,nonada,nonada
1573TG,1573.0,TG,3,7,1,0.0007639419404125,cp,nonsyn,False,nonada,nonada,nonada
1574AC,1574.0,AC,1,7,1,0.0007639419404125,cp,syn,False,nonada,nonada,nonada
1574AG,1574.0,AG,1,3,1,0.0007639419404125,cp,syn,False,nonada,nonada,nonada
1574AG,1574.0,AG,1,7,6,0.0045836516424751,cp,syn,False,nonada,nonada,nonada
1574AG,1574.0,AG,1,10,8,0.0061115355233002,cp,syn,False,nonada,nonada,nonada
1574AG,1574.0,AG,2,7,8,0.0061115355233002,cp,syn,False,nonada,nonada,nonada
1574AG,1574.0,AG,2,10,19,0.014514896867838,cp,syn,False,nonada,nonada,nonada
1574AG,1574.0,AG,3,3,3,0.0022918258212375,cp,syn,False,nonada,nonada,nonada
1574AG,1574.0,AG,3,7,9,0.0068754774637127,cp,syn,False,nonada,nonada,nonada
1574AG,1574.0,AG,3,10,4,0.0030557677616501,cp,syn,False,nonada,nonada,nonada
1575GA,1575.0,GA,2,10,2,0.001527883880825,cp,nonsyn,False,nonada,nonada,nonada
1576CT,1576.0,CT,1,3,1,0.0007639419404125,cp,nonsyn,False,nonada,nonada,nonada
1577CA,1577.0,CA,1,7,1,0.0007639419404125,cp,syn,False,nonada,nonada,nonada
1577CA,1577.0,CA,2,3,1,0.0007639419404125,cp,syn,False,nonada,nonada,nonada
1577CA,1577.0,CA,2,10,1,0.0007639419404125,cp,syn,False,nonada,nonada,nonada
1577CT,1577.0,CT,1,3,1,0.0007639419404125,cp,syn,False,nonada,nonada,nonada
1577CT,1577.0,CT,1,10,1,0.0007639419404125,cp,syn,False,nonada,nonada,nonada
1578GA,1578.0,GA,1,3,1,0.0007639419404125,cp,nonsyn,False,nonada,nonada,nonada
1578GA,1578.0,GA,1,7,1,0.0007639419404125,cp,nonsyn,False,nonada,nonada,nonada
1578GA,1578.0,GA,2,3,1,0.0007639419404125,cp,nonsyn,False,nonada,nonada,nonada
1578GA,1578.0,GA,2,7,1,0.0007639419404125,cp,nonsyn,False,nonada,nonada,nonada
1578GA,1578.0,GA,2,10,2,0.001527883880825,cp,nonsyn,False,nonada,nonada,nonada
1578GA,1578.0,GA,3,3,1,0.0007639419404125,cp,nonsyn,False,nonada,nonada,nonada
1578GA,1578.0,GA,3,7,3,0.0022918258212375,cp,nonsyn,False,nonada,nonada,nonada
1579CT,1579.0,CT,2,7,1,0.0007639419404125,cp,nonsyn,False,nonada,nonada,nonada
1579CT,1579.0,CT,3,7,1,0.0007639419404125,cp,nonsyn,False,nonada,nonada,nonada
157GA,157.0,GA,1,7,1,0.0007639419404125,mat,nonsyn,False,nonada,nonada,nonada
157GA,157.0,GA,3,7,1,0.0007639419404125,mat,nonsyn,False,nonada,nonada,nonada
1580AG,1580.0,AG,1,7,1,0.0007639419404125,cp,syn,False,nonada,nonada,nonada
1580AG,1580.0,AG,3,10,1,0.0007639419404125,cp,syn,False,nonada,nonada,nonada
1580AT,1580.0,AT,1,3,1,0.0007639419404125,cp,syn,False,nonada,nonada,nonada
1581TC,1581.0,TC,2,3,1,0.0007639419404125,cp,nonsyn,False,nonada,nonada,nonada
1581TG,1581.0,TG,2,7,1,0.0007639419404125,cp,nonsyn,False,nonada,nonada,nonada
1582GA,1582.0,GA,2,3,1,0.0007639419404125,cp,nonsyn,True,nonada,nonada,nonada
1582GA,1582.0,GA,2,10,1,0.0007639419404125,cp,nonsyn,True,nonada,nonada,nonada
1583GA,1583.0,GA,1,7,1,0.0007639419404125,cp,nonsyn,True,nonada,nonada,nonada
1583GA,1583.0,GA,1,10,1,0.0007639419404125,cp,nonsyn,True,nonada,nonada,nonada
1583GA,1583.0,GA,3,7,1,0.0007639419404125,cp,nonsyn,True,nonada,nonada,nonada
1584CA,1584.0,CA,1,7,1,0.0007639419404125,cp,nonsyn,False,nonada,nonada,nonada
1584CT,1584.0,CT,1,10,1,0.0007639419404125,cp,nonsyn,False,nonada,nonada,nonada
1584CT,1584.0,CT,2,3,1,0.0007639419404125,cp,nonsyn,False,nonada,nonada,nonada
1584CT,1584.0,CT,2,10,1,0.0007639419404125,cp,nonsyn,False,nonada,nonada,nonada
1585GA,1585.0,GA,1,10,1,0.0007639419404125,cp,nonsyn,False,nonada,nonada,nonada
1585GA,1585.0,GA,2,10,1,0.0007639419404125,cp,nonsyn,False,nonada,nonada,nonada
1585GA,1585.0,GA,3,3,1,0.0007639419404125,cp,nonsyn,False,nonada,nonada,nonada
1585GC,1585.0,GC,2,10,1,0.0007639419404125,cp,nonsyn,False,nonada,nonada,nonada
1586TA,1586.0,TA,1,7,1,0.0007639419404125,cp,syn,False,nonada,nonada,nonada
1586TC,1586.0,TC,2,3,2,0.001527883880825,cp,syn,False,nonada,nonada,nonada
1586TC,1586.0,TC,2,10,2,0.001527883880825,cp,syn,False,nonada,nonada,nonada
1586TG,1586.0,TG,1,7,1,0.0007639419404125,cp,syn,False,nonada,nonada,nonada
1587TA,1587.0,TA,2,10,1,0.0007639419404125,cp,nonsyn,False,nonada,nonada,nonada
1588CG,1588.0,CG,1,10,1,0.0007639419404125,cp,nonsyn,False,nonada,nonada,nonada
1589GA,1589.0,GA,1,10,2,0.001527883880825,cp,syn,False,nonada,nonada,nonada
1589GA,1589.0,GA,2,7,3,0.0022918258212375,cp,syn,False,nonada,nonada,nonada
1589GA,1589.0,GA,3,3,2,0.001527883880825,cp,syn,False,nonada,nonada,nonada
1589GA,1589.0,GA,3,10,1,0.0007639419404125,cp,syn,False,nonada,nonada,nonada
158AT,158.0,AT,2,7,1,0.0007639419404125,mat,nonsyn,False,nonada,nonada,nonada
1590TC,1590.0,TC,2,3,1,0.0007639419404125,cp,nonsyn,False,nonada,nonada,nonada
1590TC,1590.0,TC,2,10,1,0.0007639419404125,cp,nonsyn,False,nonada,nonada,nonada
1590TC,1590.0,TC,3,7,1,0.0007639419404125,cp,nonsyn,False,nonada,nonada,nonada
1591AG,1591.0,AG,2,10,1,0.0007639419404125,cp,nonsyn,False,nonada,nonada,nonada
1591AG,1591.0,AG,3,3,1,0.0007639419404125,cp,nonsyn,False,nonada,nonada,nonada
1591AT,1591.0,AT,2,3,1,0.0007639419404125,cp,nonsyn,False,nonada,nonada,nonada
1592CT,1592.0,CT,1,10,1,0.0007639419404125,cp,syn,False,nonada,nonada,nonada
1592CT,1592.0,CT,3,7,1,0.0007639419404125,cp,syn,False,nonada,nonada,nonada
1593TC,1593.0,TC,1,7,1,0.0007639419404125,cp,syn,False,nonada,nonada,nonada
1593TC,1593.0,TC,2,3,1,0.0007639419404125,cp,syn,False,nonada,nonada,nonada
1593TC,1593.0,TC,3,3,1,0.0007639419404125,cp,syn,False,nonada,nonada,nonada
1593TC,1593.0,TC,3,10,1,0.0007639419404125,cp,syn,False,nonada,nonada,nonada
1594TA,1594.0,TA,3,3,1,0.0007639419404125,cp,nonsyn,True,nonada,nonada,nonada
1594TC,1594.0,TC,1,7,1,0.0007639419404125,cp,nonsyn,False,nonada,nonada,nonada
1594TC,1594.0,TC,3,3,1,0.0007639419404125,cp,nonsyn,False,nonada,nonada,nonada
1594TC,1594.0,TC,3,7,1,0.0007639419404125,cp,nonsyn,False,nonada,nonada,nonada
1595AG,1595.0,AG,1,7,1,0.0007639419404125,cp,syn,False,nonada,nonada,nonada
1595AG,1595.0,AG,1,10,2,0.001527883880825,cp,syn,False,nonada,nonada,nonada
1595AG,1595.0,AG,2,7,3,0.0022918258212375,cp,syn,False,nonada,nonada,nonada
1595AG,1595.0,AG,3,3,1,0.0007639419404125,cp,syn,False,nonada,nonada,nonada
1595AG,1595.0,AG,3,7,2,0.001527883880825,cp,syn,False,nonada,nonada,nonada
1595AG,1595.0,AG,3,10,1,0.0007639419404125,cp,syn,False,nonada,nonada,nonada
1596AG,1596.0,AG,3,10,1,0.0007639419404125,cp,nonsyn,False,nonada,nonada,nonada
1598TA,1598.0,TA,3,7,1,0.0007639419404125,cp,nonsyn,False,nonada,nonada,nonada
1598TC,1598.0,TC,1,7,1,0.0007639419404125,cp,syn,False,nonada,nonada,nonada
1598TC,1598.0,TC,1,10,1,0.0007639419404125,cp,syn,False,nonada,nonada,nonada
1598TC,1598.0,TC,2,7,1,0.0007639419404125,cp,syn,False,nonada,nonada,nonada
1598TC,1598.0,TC,3,3,1,0.0007639419404125,cp,syn,False,nonada,nonada,nonada
1599AG,1599.0,AG,1,3,1,0.0007639419404125,cp,nonsyn,False,nonada,nonada,nonada
1599AG,1599.0,AG,1,10,1,0.0007639419404125,cp,nonsyn,False,nonada,nonada,nonada
1599AG,1599.0,AG,2,3,1,0.0007639419404125,cp,nonsyn,False,nonada,nonada,nonada
1599AG,1599.0,AG,2,7,1,0.0007639419404125,cp,nonsyn,False,nonada,nonada,nonada
159GA,159.0,GA,1,10,2,0.001527883880825,mat,syn,False,nonada,nonada,nonada
159GA,159.0,GA,2,3,1,0.0007639419404125,mat,syn,False,nonada,nonada,nonada
159GA,159.0,GA,3,3,1,0.0007639419404125,mat,syn,False,nonada,nonada,nonada
159GT,159.0,GT,2,10,1,0.0007639419404125,mat,nonsyn,False,nonada,nonada,nonada
159GT,159.0,GT,3,10,1,0.0007639419404125,mat,nonsyn,False,nonada,nonada,nonada
1600TC,1600.0,TC,2,10,1,0.0007639419404125,cp,nonsyn,False,nonada,nonada,nonada
1600TC,1600.0,TC,3,3,1,0.0007639419404125,cp,nonsyn,False,nonada,nonada,nonada
1602GA,1602.0,GA,1,3,1,0.0007639419404125,cp,nonsyn,False,nonada,nonada,nonada
1602GA,1602.0,GA,2,3,1,0.0007639419404125,cp,nonsyn,False,nonada,nonada,nonada
1602GA,1602.0,GA,3,7,1,0.0007639419404125,cp,nonsyn,False,nonada,nonada,nonada
1604AG,1604.0,AG,3,7,1,0.0007639419404125,cp,syn,False,nonada,nonada,nonada
1605CT,1605.0,CT,1,7,2,0.001527883880825,cp,syn,False,nonada,nonada,nonada
1605CT,1605.0,CT,1,10,3,0.0022918258212375,cp,syn,False,nonada,nonada,nonada
1605CT,1605.0,CT,2,10,2,0.001527883880825,cp,syn,False,nonada,nonada,nonada
1605CT,1605.0,CT,3,3,2,0.001527883880825,cp,syn,False,nonada,nonada,nonada
1605CT,1605.0,CT,3,10,1,0.0007639419404125,cp,syn,False,nonada,nonada,nonada
1607AG,1607.0,AG,1,3,2,0.001527883880825,cp,syn,False,nonada,nonada,nonada
1607AG,1607.0,AG,1,10,1,0.0007639419404125,cp,syn,False,nonada,nonada,nonada
1608AG,1608.0,AG,2,7,1,0.0007639419404125,cp,nonsyn,False,nonada,nonada,nonada
1609CT,1609.0,CT,2,3,2,0.001527883880825,cp,nonsyn,False,nonada,nonada,nonada
160AG,160.0,AG,2,10,1,0.0007639419404125,mat,nonsyn,False,nonada,nonada,nonada
160AT,160.0,AT,2,3,1,0.0007639419404125,mat,nonsyn,False,nonada,nonada,nonada
160AT,160.0,AT,3,7,1,0.0007639419404125,mat,nonsyn,False,nonada,nonada,nonada
1610CT,1610.0,CT,1,7,2,0.001527883880825,cp,syn,False,nonada,nonada,nonada
1610CT,1610.0,CT,1,10,1,0.0007639419404125,cp,syn,False,nonada,nonada,nonada
1610CT,1610.0,CT,2,3,2,0.001527883880825,cp,syn,False,nonada,nonada,nonada
1610CT,1610.0,CT,2,7,2,0.001527883880825,cp,syn,False,nonada,nonada,nonada
1610CT,1610.0,CT,2,10,1,0.0007639419404125,cp,syn,False,nonada,nonada,nonada
1610CT,1610.0,CT,3,3,3,0.0022918258212375,cp,syn,False,nonada,nonada,nonada
1610CT,1610.0,CT,3,10,2,0.001527883880825,cp,syn,False,nonada,nonada,nonada
1611AG,1611.0,AG,2,10,1,0.0007639419404125,cp,nonsyn,False,nonada,nonada,nonada
1611AT,1611.0,AT,3,10,1,0.0007639419404125,cp,nonsyn,False,nonada,nonada,nonada
1612TC,1612.0,TC,1,7,1,0.0007639419404125,cp,nonsyn,False,nonada,nonada,nonada
1612TC,1612.0,TC,2,10,1,0.0007639419404125,cp,nonsyn,False,nonada,nonada,nonada
1612TC,1612.0,TC,3,3,1,0.0007639419404125,cp,nonsyn,False,nonada,nonada,nonada
1613TC,1613.0,TC,1,7,1,0.0007639419404125,cp,syn,False,nonada,nonada,nonada
1614CT,1614.0,CT,1,7,1,0.0007639419404125,cp,nonsyn,False,nonada,nonada,nonada
1615CA,1615.0,CA,1,10,1,0.0007639419404125,cp,nonsyn,False,nonada,nonada,nonada
1615CA,1615.0,CA,2,3,2,0.001527883880825,cp,nonsyn,False,nonada,nonada,nonada
1615CA,1615.0,CA,2,7,1,0.0007639419404125,cp,nonsyn,False,nonada,nonada,nonada
1615CA,1615.0,CA,2,10,1,0.0007639419404125,cp,nonsyn,False,nonada,nonada,nonada
1615CT,1615.0,CT,2,10,1,0.0007639419404125,cp,nonsyn,False,nonada,nonada,nonada
1616AG,1616.0,AG,1,10,1,0.0007639419404125,cp,syn,False,nonada,nonada,nonada
1616AG,1616.0,AG,2,7,1,0.0007639419404125,cp,syn,False,nonada,nonada,nonada
1616AG,1616.0,AG,3,3,1,0.0007639419404125,cp,syn,False,nonada,nonada,nonada
1616AG,1616.0,AG,3,10,1,0.0007639419404125,cp,syn,False,nonada,nonada,nonada
1617AT,1617.0,AT,1,3,2,0.001527883880825,cp,nonsyn,False,nonada,nonada,nonada
1617AT,1617.0,AT,3,7,1,0.0007639419404125,cp,nonsyn,False,nonada,nonada,nonada
1618TC,1618.0,TC,1,3,1,0.0007639419404125,cp,nonsyn,False,nonada,nonada,nonada
1618TG,1618.0,TG,1,10,1,0.0007639419404125,cp,nonsyn,False,nonada,nonada,nonada
1618TG,1618.0,TG,3,7,1,0.0007639419404125,cp,nonsyn,False,nonada,nonada,nonada
1619TC,1619.0,TC,1,7,1,0.0007639419404125,cp,syn,False,nonada,nonada,nonada
1619TC,1619.0,TC,1,10,1,0.0007639419404125,cp,syn,False,nonada,nonada,nonada
1619TC,1619.0,TC,2,3,1,0.0007639419404125,cp,syn,False,nonada,nonada,nonada
1619TC,1619.0,TC,3,3,2,0.001527883880825,cp,syn,False,nonada,nonada,nonada
161AG,161.0,AG,1,7,1,0.0007639419404125,mat,nonsyn,False,nonada,nonada,nonada
161AG,161.0,AG,1,10,2,0.001527883880825,mat,nonsyn,False,nonada,nonada,nonada
161AG,161.0,AG,2,3,1,0.0007639419404125,mat,nonsyn,False,nonada,nonada,nonada
161AG,161.0,AG,2,10,2,0.001527883880825,mat,nonsyn,False,nonada,nonada,nonada
161AG,161.0,AG,3,7,1,0.0007639419404125,mat,nonsyn,False,nonada,nonada,nonada
1620TC,1620.0,TC,2,10,1,0.0007639419404125,cp,nonsyn,False,nonada,nonada,nonada
1621TC,1621.0,TC,1,7,1,0.0007639419404125,cp,nonsyn,False,nonada,nonada,nonada
1621TC,1621.0,TC,3,7,1,0.0007639419404125,cp,nonsyn,False,nonada,nonada,nonada
1622CT,1622.0,CT,1,3,1,0.0007639419404125,cp,syn,False,nonada,nonada,nonada
1622CT,1622.0,CT,1,7,2,0.001527883880825,cp,syn,False,nonada,nonada,nonada
1622CT,1622.0,CT,2,3,1,0.0007639419404125,cp,syn,False,nonada,nonada,nonada
1622CT,1622.0,CT,2,7,2,0.001527883880825,cp,syn,False,nonada,nonada,nonada
1622CT,1622.0,CT,3,3,3,0.0022918258212375,cp,syn,False,nonada,nonada,nonada
1622CT,1622.0,CT,3,7,1,0.0007639419404125,cp,syn,False,nonada,nonada,nonada
1623GA,1623.0,GA,1,3,2,0.001527883880825,cp,nonsyn,False,nonada,nonada,nonada
1623GA,1623.0,GA,2,3,3,0.0022918258212375,cp,nonsyn,False,nonada,nonada,nonada
1624CA,1624.0,CA,2,7,1,0.0007639419404125,cp,nonsyn,False,nonada,nonada,nonada
1624CT,1624.0,CT,1,3,1,0.0007639419404125,cp,nonsyn,False,nonada,nonada,nonada
1624CT,1624.0,CT,1,7,1,0.0007639419404125,cp,nonsyn,False,nonada,nonada,nonada
1624CT,1624.0,CT,1,10,2,0.001527883880825,cp,nonsyn,False,nonada,nonada,nonada
1624CT,1624.0,CT,2,7,1,0.0007639419404125,cp,nonsyn,False,nonada,nonada,nonada
1625TC,1625.0,TC,1,3,1,0.0007639419404125,cp,syn,False,nonada,nonada,nonada
1625TC,1625.0,TC,1,10,1,0.0007639419404125,cp,syn,False,nonada,nonada,nonada
1625TC,1625.0,TC,2,3,1,0.0007639419404125,cp,syn,False,nonada,nonada,nonada
1625TC,1625.0,TC,3,10,3,0.0022918258212375,cp,syn,False,nonada,nonada,nonada
1625TG,1625.0,TG,1,10,1,0.0007639419404125,cp,syn,False,nonada,nonada,nonada
1625TG,1625.0,TG,3,7,1,0.0007639419404125,cp,syn,False,nonada,nonada,nonada
1627CT,1627.0,CT,1,10,1,0.0007639419404125,cp,nonsyn,False,nonada,nonada,nonada
1627CT,1627.0,CT,2,7,1,0.0007639419404125,cp,nonsyn,False,nonada,nonada,nonada
1627CT,1627.0,CT,2,10,1,0.0007639419404125,cp,nonsyn,False,nonada,nonada,nonada
1627CT,1627.0,CT,3,7,1,0.0007639419404125,cp,nonsyn,False,nonada,nonada,nonada
1628GA,1628.0,GA,2,10,1,0.0007639419404125,cp,syn,False,nonada,nonada,nonada
1628GA,1628.0,GA,3,3,1,0.0007639419404125,cp,syn,False,nonada,nonada,nonada
1629AG,1629.0,AG,1,3,1,0.0007639419404125,cp,nonsyn,False,nonada,nonada,nonada
162CT,162.0,CT,2,3,1,0.0007639419404125,mat,syn,False,nonada,nonada,nonada
162CT,162.0,CT,2,7,1,0.0007639419404125,mat,syn,False,nonada,nonada,nonada
162CT,162.0,CT,3,7,3,0.0022918258212375,mat,syn,False,nonada,nonada,nonada
162CT,162.0,CT,3,10,2,0.001527883880825,mat,syn,False,nonada,nonada,nonada
1631TC,1631.0,TC,1,3,1,0.0007639419404125,cp,syn,False,nonada,nonada,nonada
1631TC,1631.0,TC,1,10,1,0.0007639419404125,cp,syn,False,nonada,nonada,nonada
1631TC,1631.0,TC,2,7,1,0.0007639419404125,cp,syn,False,nonada,nonada,nonada
1631TC,1631.0,TC,3,3,2,0.001527883880825,cp,syn,False,nonada,nonada,nonada
1631TC,1631.0,TC,3,7,1,0.0007639419404125,cp,syn,False,nonada,nonada,nonada
1632TC,1632.0,TC,1,3,1,0.0007639419404125,cp,nonsyn,False,nonada,nonada,nonada
1633CT,1633.0,CT,1,7,1,0.0007639419404125,cp,nonsyn,False,nonada,nonada,nonada
1634CA,1634.0,CA,2,3,1,0.0007639419404125,cp,syn,False,nonada,nonada,nonada
1634CT,1634.0,CT,2,7,3,0.0022918258212375,cp,syn,False,nonada,nonada,nonada
1634CT,1634.0,CT,3,7,2,0.001527883880825,cp,syn,False,nonada,nonada,nonada
1634CT,1634.0,CT,3,10,1,0.0007639419404125,cp,syn,False,nonada,nonada,nonada
1635GA,1635.0,GA,3,10,1,0.0007639419404125,cp,nonsyn,False,nonada,nonada,nonada
1636AG,1636.0,AG,1,10,1,0.0007639419404125,cp,nonsyn,False,nonada,nonada,nonada
1637CT,1637.0,CT,1,10,1,0.0007639419404125,cp,syn,False,nonada,nonada,nonada
1637CT,1637.0,CT,2,3,1,0.0007639419404125,cp,syn,False,nonada,nonada,nonada
1637CT,1637.0,CT,3,10,2,0.001527883880825,cp,syn,False,nonada,nonada,nonada
1638TC,1638.0,TC,1,10,1,0.0007639419404125,cp,nonsyn,False,nonada,nonada,nonada
1638TC,1638.0,TC,3,7,1,0.0007639419404125,cp,nonsyn,False,nonada,nonada,nonada
1638TC,1638.0,TC,3,10,1,0.0007639419404125,cp,nonsyn,False,nonada,nonada,nonada
1638TG,1638.0,TG,2,7,1,0.0007639419404125,cp,nonsyn,False,nonada,nonada,nonada
1639GA,1639.0,GA,3,10,1,0.0007639419404125,cp,nonsyn,False,nonada,nonada,nonada
163GA,163.0,GA,1,3,1,0.0007639419404125,mat,nonsyn,False,nonada,nonada,nonada
163GA,163.0,GA,1,7,1,0.0007639419404125,mat,nonsyn,False,nonada,nonada,nonada
163GA,163.0,GA,1,10,1,0.0007639419404125,mat,nonsyn,False,nonada,nonada,nonada
1640CT,1640.0,CT,1,3,2,0.001527883880825,cp,syn,False,nonada,nonada,nonada
1640CT,1640.0,CT,1,7,1,0.0007639419404125,cp,syn,False,nonada,nonada,nonada
1640CT,1640.0,CT,2,3,1,0.0007639419404125,cp,syn,False,nonada,nonada,nonada
1640CT,1640.0,CT,2,7,1,0.0007639419404125,cp,syn,False,nonada,nonada,nonada
1640CT,1640.0,CT,2,10,2,0.001527883880825,cp,syn,False,nonada,nonada,nonada
1640CT,1640.0,CT,3,3,1,0.0007639419404125,cp,syn,False,nonada,nonada,nonada
1640CT,1640.0,CT,3,7,1,0.0007639419404125,cp,syn,False,nonada,nonada,nonada
1641GA,1641.0,GA,1,3,1,0.0007639419404125,cp,nonsyn,False,nonada,nonada,nonada
1642AT,1642.0,AT,1,10,1,0.0007639419404125,cp,nonsyn,False,nonada,nonada,nonada
1643GA,1643.0,GA,1,7,2,0.001527883880825,cp,syn,False,nonada,nonada,nonada
1643GA,1643.0,GA,3,10,1,0.0007639419404125,cp,syn,False,nonada,nonada,nonada
1644CT,1644.0,CT,1,3,1,0.0007639419404125,cp,nonsyn,False,nonada,nonada,nonada
1644CT,1644.0,CT,1,7,1,0.0007639419404125,cp,nonsyn,False,nonada,nonada,nonada
1644CT,1644.0,CT,1,10,2,0.001527883880825,cp,nonsyn,False,nonada,nonada,nonada
1644CT,1644.0,CT,2,3,2,0.001527883880825,cp,nonsyn,False,nonada,nonada,nonada
1644CT,1644.0,CT,3,7,1,0.0007639419404125,cp,nonsyn,False,nonada,nonada,nonada
1645TC,1645.0,TC,1,10,1,0.0007639419404125,cp,nonsyn,False,nonada,nonada,nonada
1645TC,1645.0,TC,3,10,1,0.0007639419404125,cp,nonsyn,False,nonada,nonada,nonada
1646TC,1646.0,TC,1,7,1,0.0007639419404125,cp,syn,False,nonada,nonada,nonada
1646TC,1646.0,TC,1,10,1,0.0007639419404125,cp,syn,False,nonada,nonada,nonada
1646TC,1646.0,TC,3,7,1,0.0007639419404125,cp,syn,False,nonada,nonada,nonada
1646TC,1646.0,TC,3,10,2,0.001527883880825,cp,syn,False,nonada,nonada,nonada
1649TA,1649.0,TA,1,7,1,0.0007639419404125,cp,syn,False,nonada,nonada,nonada
1649TC,1649.0,TC,1,3,4,0.0030557677616501,cp,syn,False,ada,ada,nonada
1649TC,1649.0,TC,1,7,24,0.0183346065699006,cp,syn,False,ada,ada,ada
1649TC,1649.0,TC,1,10,45,0.0343773873185637,cp,syn,False,ada,ada,ada
1649TC,1649.0,TC,2,3,3,0.0022918258212375,cp,syn,False,ada,ada,nonada
1649TC,1649.0,TC,2,7,27,0.0206264323911382,cp,syn,False,ada,ada,ada
1649TC,1649.0,TC,2,10,73,0.0557677616501145,cp,syn,False,ada,ada,ada
1649TC,1649.0,TC,3,3,5,0.0038197097020626,cp,syn,False,ada,ada,nonada
1649TC,1649.0,TC,3,7,24,0.0183346065699006,cp,syn,False,ada,ada,ada
1649TC,1649.0,TC,3,10,76,0.0580595874713521,cp,syn,False,ada,ada,ada
1649TG,1649.0,TG,1,10,1,0.0007639419404125,cp,nonsyn,False,nonada,nonada,nonada
164AG,164.0,AG,3,7,2,0.001527883880825,mat,nonsyn,False,nonada,nonada,nonada
1650GA,1650.0,GA,2,10,1,0.0007639419404125,cp,nonsyn,False,nonada,nonada,nonada
1651TC,1651.0,TC,1,10,1,0.0007639419404125,cp,nonsyn,False,nonada,nonada,nonada
1651TC,1651.0,TC,2,10,1,0.0007639419404125,cp,nonsyn,False,nonada,nonada,nonada
1651TC,1651.0,TC,3,7,1,0.0007639419404125,cp,nonsyn,False,nonada,nonada,nonada
1651TG,1651.0,TG,1,3,1,0.0007639419404125,cp,nonsyn,False,nonada,nonada,nonada
1652TC,1652.0,TC,1,3,2,0.001527883880825,cp,syn,False,nonada,ada,nonada
1652TC,1652.0,TC,1,7,7,0.0053475935828877,cp,syn,False,nonada,ada,nonada
1652TC,1652.0,TC,1,10,23,0.0175706646294881,cp,syn,False,nonada,ada,ada
1652TC,1652.0,TC,2,3,2,0.001527883880825,cp,syn,False,nonada,ada,nonada
1652TC,1652.0,TC,2,7,8,0.0061115355233002,cp,syn,False,nonada,ada,nonada
1652TC,1652.0,TC,2,10,20,0.0152788388082505,cp,syn,False,nonada,ada,ada
1652TC,1652.0,TC,3,3,1,0.0007639419404125,cp,syn,False,nonada,ada,nonada
1652TC,1652.0,TC,3,7,10,0.0076394194041252,cp,syn,False,nonada,ada,nonada
1652TC,1652.0,TC,3,10,18,0.0137509549274255,cp,syn,False,nonada,ada,ada
1653AG,1653.0,AG,1,10,2,0.001527883880825,cp,nonsyn,False,nonada,nonada,nonada
1653AG,1653.0,AG,2,7,1,0.0007639419404125,cp,nonsyn,False,nonada,nonada,nonada
1654AG,1654.0,AG,2,7,1,0.0007639419404125,cp,nonsyn,False,nonada,nonada,nonada
1654AG,1654.0,AG,3,3,2,0.001527883880825,cp,nonsyn,False,nonada,nonada,nonada
1655GA,1655.0,GA,1,3,1,0.0007639419404125,cp,syn,False,nonada,ada,nonada
1655GA,1655.0,GA,1,7,13,0.0099312452253628,cp,syn,False,nonada,ada,nonada
1655GA,1655.0,GA,1,10,22,0.0168067226890756,cp,syn,False,nonada,ada,ada
1655GA,1655.0,GA,2,3,1,0.0007639419404125,cp,syn,False,nonada,ada,nonada
1655GA,1655.0,GA,2,7,7,0.0053475935828877,cp,syn,False,nonada,ada,nonada
1655GA,1655.0,GA,2,10,22,0.0168067226890756,cp,syn,False,nonada,ada,ada
1655GA,1655.0,GA,3,3,2,0.001527883880825,cp,syn,False,nonada,ada,nonada
1655GA,1655.0,GA,3,7,9,0.0068754774637127,cp,syn,False,nonada,ada,nonada
1655GA,1655.0,GA,3,10,11,0.0084033613445378,cp,syn,False,nonada,ada,nonada
1656GA,1656.0,GA,1,3,1,0.0007639419404125,cp,nonsyn,False,nonada,nonada,nonada
1656GA,1656.0,GA,1,7,1,0.0007639419404125,cp,nonsyn,False,nonada,nonada,nonada
1656GA,1656.0,GA,2,3,1,0.0007639419404125,cp,nonsyn,False,nonada,nonada,nonada
1656GA,1656.0,GA,3,3,1,0.0007639419404125,cp,nonsyn,False,nonada,nonada,nonada
1656GA,1656.0,GA,3,7,1,0.0007639419404125,cp,nonsyn,False,nonada,nonada,nonada
1656GA,1656.0,GA,3,10,1,0.0007639419404125,cp,nonsyn,False,nonada,nonada,nonada
1656GT,1656.0,GT,1,3,1,0.0007639419404125,cp,nonsyn,False,nonada,nonada,nonada
1657CA,1657.0,CA,3,10,1,0.0007639419404125,cp,nonsyn,False,nonada,nonada,nonada
1657CG,1657.0,CG,1,10,1,0.0007639419404125,cp,nonsyn,False,nonada,nonada,nonada
1658AG,1658.0,AG,1,10,1,0.0007639419404125,cp,syn,False,nonada,nonada,nonada
1658AG,1658.0,AG,2,7,1,0.0007639419404125,cp,syn,False,nonada,nonada,nonada
1659AG,1659.0,AG,1,7,1,0.0007639419404125,cp,nonsyn,False,nonada,nonada,nonada
1659AG,1659.0,AG,1,10,1,0.0007639419404125,cp,nonsyn,False,nonada,nonada,nonada
1659AG,1659.0,AG,2,10,2,0.001527883880825,cp,nonsyn,False,nonada,nonada,nonada
165GA,165.0,GA,1,3,1,0.0007639419404125,mat,syn,False,nonada,nonada,nonada
165GA,165.0,GA,3,7,1,0.0007639419404125,mat,syn,False,nonada,nonada,nonada
165GC,165.0,GC,3,7,1,0.0007639419404125,mat,nonsyn,False,nonada,nonada,nonada
1660TA,1660.0,TA,1,10,1,0.0007639419404125,cp,nonsyn,False,nonada,nonada,nonada
1660TC,1660.0,TC,2,7,1,0.0007639419404125,cp,nonsyn,False,nonada,nonada,nonada
1660TC,1660.0,TC,3,7,1,0.0007639419404125,cp,nonsyn,False,nonada,nonada,nonada
1660TG,1660.0,TG,1,7,1,0.0007639419404125,cp,nonsyn,False,nonada,nonada,nonada
1660TG,1660.0,TG,3,3,1,0.0007639419404125,cp,nonsyn,False,nonada,nonada,nonada
1660TG,1660.0,TG,3,7,1,0.0007639419404125,cp,nonsyn,False,nonada,nonada,nonada
1661GA,1661.0,GA,1,10,1,0.0007639419404125,cp,nonsyn,False,nonada,nonada,nonada
1661GA,1661.0,GA,2,3,1,0.0007639419404125,cp,nonsyn,False,nonada,nonada,nonada
1661GA,1661.0,GA,2,7,1,0.0007639419404125,cp,nonsyn,False,nonada,nonada,nonada
1661GA,1661.0,GA,2,10,1,0.0007639419404125,cp,nonsyn,False,nonada,nonada,nonada
1661GA,1661.0,GA,3,3,1,0.0007639419404125,cp,nonsyn,False,nonada,nonada,nonada
1661GT,1661.0,GT,1,10,1,0.0007639419404125,cp,nonsyn,False,nonada,nonada,nonada
1662CT,1662.0,CT,1,3,1,0.0007639419404125,cp,nonsyn,True,nonada,nonada,nonada
1663AG,1663.0,AG,1,10,1,0.0007639419404125,cp,nonsyn,False,nonada,nonada,nonada
1663AG,1663.0,AG,3,7,1,0.0007639419404125,cp,nonsyn,False,nonada,nonada,nonada
1664AC,1664.0,AC,3,3,1,0.0007639419404125,cp,nonsyn,False,nonada,nonada,nonada
1664AG,1664.0,AG,1,10,1,0.0007639419404125,cp,syn,False,nonada,nonada,nonada
1664AG,1664.0,AG,3,10,1,0.0007639419404125,cp,syn,False,nonada,nonada,nonada
1665GA,1665.0,GA,2,3,1,0.0007639419404125,cp,nonsyn,False,nonada,nonada,nonada
1665GA,1665.0,GA,3,3,1,0.0007639419404125,cp,nonsyn,False,nonada,nonada,nonada
1666GA,1666.0,GA,1,3,1,0.0007639419404125,cp,nonsyn,False,nonada,nonada,nonada
1666GA,1666.0,GA,3,3,1,0.0007639419404125,cp,nonsyn,False,nonada,nonada,nonada
1667TC,1667.0,TC,3,7,1,0.0007639419404125,cp,syn,False,nonada,nonada,nonada
1667TG,1667.0,TG,1,7,1,0.0007639419404125,cp,syn,False,nonada,nonada,nonada
1667TG,1667.0,TG,1,10,1,0.0007639419404125,cp,syn,False,nonada,nonada,nonada
1667TG,1667.0,TG,3,10,4,0.0030557677616501,cp,syn,False,nonada,nonada,nonada
1668CA,1668.0,CA,3,7,1,0.0007639419404125,cp,nonsyn,False,nonada,nonada,nonada
1668CG,1668.0,CG,1,10,1,0.0007639419404125,cp,nonsyn,False,nonada,nonada,nonada
1668CT,1668.0,CT,1,7,1,0.0007639419404125,cp,nonsyn,False,nonada,nonada,nonada
1669TC,1669.0,TC,1,3,2,0.001527883880825,cp,nonsyn,False,nonada,nonada,nonada
1669TC,1669.0,TC,2,7,1,0.0007639419404125,cp,nonsyn,False,nonada,nonada,nonada
166AG,166.0,AG,1,3,1,0.0007639419404125,mat,nonsyn,False,nonada,nonada,nonada
166AG,166.0,AG,1,7,1,0.0007639419404125,mat,nonsyn,False,nonada,nonada,nonada
166AG,166.0,AG,1,10,1,0.0007639419404125,mat,nonsyn,False,nonada,nonada,nonada
1671CT,1671.0,CT,3,3,1,0.0007639419404125,cp,syn,False,nonada,nonada,nonada
1671CT,1671.0,CT,3,10,1,0.0007639419404125,cp,syn,False,nonada,nonada,nonada
1672TA,1672.0,TA,1,7,1,0.0007639419404125,cp,nonsyn,False,nonada,nonada,nonada
1672TA,1672.0,TA,2,7,1,0.0007639419404125,cp,nonsyn,False,nonada,nonada,nonada
1672TA,1672.0,TA,2,10,1,0.0007639419404125,cp,nonsyn,False,nonada,nonada,nonada
1672TA,1672.0,TA,3,10,1,0.0007639419404125,cp,nonsyn,False,nonada,nonada,nonada
1672TC,1672.0,TC,3,10,1,0.0007639419404125,cp,nonsyn,False,nonada,nonada,nonada
1672TG,1672.0,TG,1,3,1,0.0007639419404125,cp,nonsyn,False,nonada,nonada,nonada
1672TG,1672.0,TG,3,3,1,0.0007639419404125,cp,nonsyn,False,nonada,nonada,nonada
1673AG,1673.0,AG,1,10,1,0.0007639419404125,cp,syn,False,nonada,nonada,nonada
1673AG,1673.0,AG,2,10,1,0.0007639419404125,cp,syn,False,nonada,nonada,nonada
1673AT,1673.0,AT,1,3,1,0.0007639419404125,cp,syn,False,nonada,nonada,nonada
1675AG,1675.0,AG,2,10,1,0.0007639419404125,cp,nonsyn,False,nonada,nonada,nonada
1675AG,1675.0,AG,3,10,1,0.0007639419404125,cp,nonsyn,False,nonada,nonada,nonada
1675AT,1675.0,AT,2,3,1,0.0007639419404125,cp,nonsyn,False,nonada,nonada,nonada
1675AT,1675.0,AT,3,10,1,0.0007639419404125,cp,nonsyn,False,nonada,nonada,nonada
1676AG,1676.0,AG,1,10,1,0.0007639419404125,cp,syn,False,nonada,nonada,nonada
1676AG,1676.0,AG,2,7,1,0.0007639419404125,cp,syn,False,nonada,nonada,nonada
1676AG,1676.0,AG,3,10,1,0.0007639419404125,cp,syn,False,nonada,nonada,nonada
1676AT,1676.0,AT,1,3,1,0.0007639419404125,cp,nonsyn,False,nonada,nonada,nonada
1677GA,1677.0,GA,3,3,1,0.0007639419404125,cp,nonsyn,False,nonada,nonada,nonada
1677GT,1677.0,GT,2,7,1,0.0007639419404125,cp,nonsyn,False,nonada,nonada,nonada
1678AG,1678.0,AG,2,7,1,0.0007639419404125,cp,nonsyn,False,nonada,nonada,nonada
1678AG,1678.0,AG,2,7,1,0.0007639419404125,lys,nonsyn,False,nonada,nonada,nonada
1680GA,1680.0,GA,2,10,1,0.0007639419404125,cp,nonsyn,False,nonada,nonada,nonada
1680GA,1680.0,GA,2,10,1,0.0007639419404125,lys,nonsyn,False,nonada,nonada,nonada
1680GA,1680.0,GA,3,10,1,0.0007639419404125,cp,nonsyn,False,nonada,nonada,nonada
1680GA,1680.0,GA,3,10,1,0.0007639419404125,lys,nonsyn,False,nonada,nonada,nonada
1680GT,1680.0,GT,3,3,1,0.0007639419404125,cp,nonsyn,True,nonada,nonada,nonada
1680GT,1680.0,GT,3,3,1,0.0007639419404125,lys,nonsyn,False,nonada,nonada,nonada
1680GT,1680.0,GT,3,7,1,0.0007639419404125,cp,nonsyn,True,nonada,nonada,nonada
1680GT,1680.0,GT,3,7,1,0.0007639419404125,lys,nonsyn,False,nonada,nonada,nonada
1681GA,1681.0,GA,1,3,1,0.0007639419404125,cp,nonsyn,False,nonada,nonada,nonada
1681GA,1681.0,GA,1,3,1,0.0007639419404125,lys,nonsyn,False,nonada,nonada,nonada
1681GA,1681.0,GA,1,7,3,0.0022918258212375,cp,nonsyn,False,nonada,nonada,nonada
1681GA,1681.0,GA,1,7,3,0.0022918258212375,lys,nonsyn,False,nonada,nonada,nonada
1681GA,1681.0,GA,1,10,3,0.0022918258212375,cp,nonsyn,False,nonada,nonada,nonada
1681GA,1681.0,GA,1,10,3,0.0022918258212375,lys,nonsyn,False,nonada,nonada,nonada
1681GA,1681.0,GA,2,3,1,0.0007639419404125,cp,nonsyn,False,nonada,nonada,nonada
1681GA,1681.0,GA,2,3,1,0.0007639419404125,lys,nonsyn,False,nonada,nonada,nonada
1681GA,1681.0,GA,2,7,1,0.0007639419404125,cp,nonsyn,False,nonada,nonada,nonada
1681GA,1681.0,GA,2,7,1,0.0007639419404125,lys,nonsyn,False,nonada,nonada,nonada
1681GA,1681.0,GA,2,10,3,0.0022918258212375,cp,nonsyn,False,nonada,nonada,nonada
1681GA,1681.0,GA,2,10,3,0.0022918258212375,lys,nonsyn,False,nonada,nonada,nonada
1681GA,1681.0,GA,3,3,3,0.0022918258212375,cp,nonsyn,False,nonada,nonada,nonada
1681GA,1681.0,GA,3,3,3,0.0022918258212375,lys,nonsyn,False,nonada,nonada,nonada
1681GA,1681.0,GA,3,10,1,0.0007639419404125,cp,nonsyn,False,nonada,nonada,nonada
1681GA,1681.0,GA,3,10,1,0.0007639419404125,lys,nonsyn,False,nonada,nonada,nonada
1682AG,1682.0,AG,1,3,1,0.0007639419404125,lys,nonsyn,False,nonada,nonada,nonada
1682AG,1682.0,AG,3,7,1,0.0007639419404125,lys,nonsyn,False,nonada,nonada,nonada
1683AT,1683.0,AT,2,10,1,0.0007639419404125,cp,nonsyn,False,nonada,nonada,nonada
1683AT,1683.0,AT,2,10,1,0.0007639419404125,lys,nonsyn,False,nonada,nonada,nonada
1685CA,1685.0,CA,1,3,1,0.0007639419404125,cp,nonsyn,False,nonada,nonada,nonada
1685CA,1685.0,CA,1,3,1,0.0007639419404125,lys,nonsyn,False,nonada,nonada,nonada
1685CA,1685.0,CA,2,10,1,0.0007639419404125,cp,nonsyn,False,nonada,nonada,nonada
1685CA,1685.0,CA,2,10,1,0.0007639419404125,lys,nonsyn,False,nonada,nonada,nonada
1685CT,1685.0,CT,1,3,4,0.0030557677616501,lys,nonsyn,False,ada,ada,nonada
1685CT,1685.0,CT,1,7,76,0.0580595874713521,lys,nonsyn,False,ada,ada,ada
1685CT,1685.0,CT,1,10,143,0.1092436974789916,lys,nonsyn,False,ada,ada,ada
1685CT,1685.0,CT,2,3,4,0.0030557677616501,lys,nonsyn,False,ada,ada,nonada
1685CT,1685.0,CT,2,7,32,0.0244461420932009,lys,nonsyn,False,ada,ada,ada
1685CT,1685.0,CT,2,10,147,0.1122994652406417,lys,nonsyn,False,ada,ada,ada
1685CT,1685.0,CT,3,3,6,0.0045836516424751,lys,nonsyn,False,ada,ada,nonada
1685CT,1685.0,CT,3,7,49,0.0374331550802139,lys,nonsyn,False,ada,ada,ada
1685CT,1685.0,CT,3,10,187,0.1428571428571428,lys,nonsyn,False,ada,ada,ada
1686CT,1686.0,CT,1,7,1,0.0007639419404125,cp,nonsyn,False,nonada,nonada,nonada
1686CT,1686.0,CT,2,3,1,0.0007639419404125,cp,nonsyn,False,nonada,nonada,nonada
1687CT,1687.0,CT,1,7,1,0.0007639419404125,cp,nonsyn,False,nonada,nonada,nonada
1687CT,1687.0,CT,1,7,1,0.0007639419404125,lys,nonsyn,True,nonada,nonada,nonada
1687CT,1687.0,CT,1,10,1,0.0007639419404125,cp,nonsyn,False,nonada,nonada,nonada
1687CT,1687.0,CT,1,10,1,0.0007639419404125,lys,nonsyn,True,nonada,nonada,nonada
1688GA,1688.0,GA,1,3,2,0.001527883880825,lys,nonsyn,False,nonada,nonada,nonada
1688GA,1688.0,GA,1,7,2,0.001527883880825,lys,nonsyn,False,nonada,nonada,nonada
1688GA,1688.0,GA,2,3,1,0.0007639419404125,lys,nonsyn,False,nonada,nonada,nonada
1688GA,1688.0,GA,2,7,1,0.0007639419404125,lys,nonsyn,False,nonada,nonada,nonada
1688GA,1688.0,GA,2,10,3,0.0022918258212375,lys,nonsyn,False,nonada,nonada,nonada
1688GA,1688.0,GA,3,3,2,0.001527883880825,lys,nonsyn,False,nonada,nonada,nonada
1688GA,1688.0,GA,3,7,4,0.0030557677616501,lys,nonsyn,False,nonada,nonada,nonada
1688GA,1688.0,GA,3,10,1,0.0007639419404125,lys,nonsyn,False,nonada,nonada,nonada
1688GC,1688.0,GC,3,10,1,0.0007639419404125,lys,nonsyn,False,nonada,nonada,nonada
1689AG,1689.0,AG,3,7,1,0.0007639419404125,cp,nonsyn,False,nonada,nonada,nonada
168CA,168.0,CA,2,10,1,0.0007639419404125,mat,syn,False,nonada,nonada,nonada
168CT,168.0,CT,2,10,1,0.0007639419404125,mat,syn,False,nonada,nonada,nonada
1691TC,1691.0,TC,1,3,7,0.0053475935828877,lys,nonsyn,False,ada,ada,nonada
1691TC,1691.0,TC,1,7,150,0.1145912910618792,lys,nonsyn,False,ada,ada,ada
1691TC,1691.0,TC,1,10,238,0.1818181818181818,lys,nonsyn,False,ada,ada,ada
1691TC,1691.0,TC,2,3,11,0.0084033613445378,lys,nonsyn,False,ada,ada,nonada
1691TC,1691.0,TC,2,7,109,0.0832696715049656,lys,nonsyn,False,ada,ada,ada
1691TC,1691.0,TC,2,10,241,0.1841100076394194,lys,nonsyn,False,ada,ada,ada
1691TC,1691.0,TC,3,3,9,0.0068754774637127,lys,nonsyn,False,ada,ada,nonada
1691TC,1691.0,TC,3,7,131,0.1000763941940412,lys,nonsyn,False,ada,ada,ada
1691TC,1691.0,TC,3,10,291,0.2223071046600458,lys,nonsyn,False,ada,ada,ada
1692CT,1692.0,CT,2,3,1,0.0007639419404125,cp,nonsyn,False,nonada,nonada,nonada
1692CT,1692.0,CT,3,7,1,0.0007639419404125,cp,nonsyn,False,nonada,nonada,nonada
1693CT,1693.0,CT,1,7,1,0.0007639419404125,cp,nonsyn,False,nonada,nonada,nonada
1693CT,1693.0,CT,1,7,1,0.0007639419404125,lys,nonsyn,False,nonada,nonada,nonada
1694CT,1694.0,CT,1,3,1,0.0007639419404125,lys,nonsyn,False,nonada,nonada,nonada
1694CT,1694.0,CT,2,3,1,0.0007639419404125,lys,nonsyn,False,nonada,nonada,nonada
1694CT,1694.0,CT,3,3,1,0.0007639419404125,lys,nonsyn,False,nonada,nonada,nonada
1694CT,1694.0,CT,3,7,1,0.0007639419404125,lys,nonsyn,False,nonada,nonada,nonada
1695TA,1695.0,TA,1,10,2,0.001527883880825,cp,nonsyn,False,nonada,nonada,nonada
1695TA,1695.0,TA,2,7,1,0.0007639419404125,cp,nonsyn,False,nonada,nonada,nonada
1695TA,1695.0,TA,2,10,2,0.001527883880825,cp,nonsyn,False,nonada,nonada,nonada
1695TC,1695.0,TC,2,7,2,0.001527883880825,cp,nonsyn,False,nonada,nonada,nonada
1695TC,1695.0,TC,2,10,1,0.0007639419404125,cp,nonsyn,False,nonada,nonada,nonada
1695TC,1695.0,TC,3,3,1,0.0007639419404125,cp,nonsyn,False,nonada,nonada,nonada
1696CT,1696.0,CT,2,7,1,0.0007639419404125,cp,nonsyn,False,nonada,nonada,nonada
1696CT,1696.0,CT,2,7,1,0.0007639419404125,lys,nonsyn,True,nonada,nonada,nonada
1697AC,1697.0,AC,1,3,3,0.0022918258212375,lys,nonsyn,False,ada,ada,nonada
1697AC,1697.0,AC,1,7,53,0.040488922841864,lys,nonsyn,False,ada,ada,ada
1697AC,1697.0,AC,1,10,301,0.2299465240641711,lys,nonsyn,False,ada,ada,ada
1697AC,1697.0,AC,2,7,35,0.0267379679144385,lys,nonsyn,False,ada,ada,ada
1697AC,1697.0,AC,2,10,251,0.1917494270435447,lys,nonsyn,False,ada,ada,ada
1697AC,1697.0,AC,3,3,1,0.0007639419404125,lys,nonsyn,False,ada,ada,nonada
1697AC,1697.0,AC,3,7,52,0.0397249809014514,lys,nonsyn,False,ada,ada,ada
1697AC,1697.0,AC,3,10,307,0.2345301757066463,lys,nonsyn,False,ada,ada,ada
1697AG,1697.0,AG,1,7,2,0.001527883880825,lys,nonsyn,False,nonada,nonada,nonada
1697AG,1697.0,AG,1,10,1,0.0007639419404125,lys,nonsyn,False,nonada,nonada,nonada
1697AG,1697.0,AG,2,10,1,0.0007639419404125,lys,nonsyn,False,nonada,nonada,nonada
1698GA,1698.0,GA,1,7,1,0.0007639419404125,cp,nonsyn,False,nonada,nonada,nonada
1698GA,1698.0,GA,1,10,2,0.001527883880825,cp,nonsyn,False,nonada,nonada,nonada
1698GA,1698.0,GA,2,3,1,0.0007639419404125,cp,nonsyn,False,nonada,nonada,nonada
1698GA,1698.0,GA,2,7,1,0.0007639419404125,cp,nonsyn,False,nonada,nonada,nonada
1698GA,1698.0,GA,2,10,1,0.0007639419404125,cp,nonsyn,False,nonada,nonada,nonada
1698GA,1698.0,GA,3,10,1,0.0007639419404125,cp,nonsyn,False,nonada,nonada,nonada
1699CT,1699.0,CT,2,7,1,0.0007639419404125,cp,nonsyn,False,nonada,nonada,nonada
1699CT,1699.0,CT,2,7,1,0.0007639419404125,lys,nonsyn,True,nonada,nonada,nonada
1699CT,1699.0,CT,3,3,1,0.0007639419404125,cp,nonsyn,False,nonada,nonada,nonada
1699CT,1699.0,CT,3,3,1,0.0007639419404125,lys,nonsyn,True,nonada,nonada,nonada
1699CT,1699.0,CT,3,7,1,0.0007639419404125,cp,nonsyn,False,nonada,nonada,nonada
1699CT,1699.0,CT,3,7,1,0.0007639419404125,lys,nonsyn,True,nonada,nonada,nonada
169TA,169.0,TA,3,3,1,0.0007639419404125,mat,nonsyn,False,nonada,nonada,nonada
169TC,169.0,TC,1,10,1,0.0007639419404125,mat,nonsyn,False,nonada,nonada,nonada
169TC,169.0,TC,2,10,1,0.0007639419404125,mat,nonsyn,False,nonada,nonada,nonada
169TC,169.0,TC,3,3,1,0.0007639419404125,mat,nonsyn,False,nonada,nonada,nonada
1701AG,1701.0,AG,2,10,2,0.001527883880825,cp,nonsyn,False,nonada,nonada,nonada
1702TC,1702.0,TC,1,3,1,0.0007639419404125,cp,nonsyn,False,nonada,nonada,nonada
1702TC,1702.0,TC,1,3,1,0.0007639419404125,lys,nonsyn,False,nonada,nonada,nonada
1702TC,1702.0,TC,1,10,1,0.0007639419404125,cp,nonsyn,False,nonada,nonada,nonada
1702TC,1702.0,TC,1,10,1,0.0007639419404125,lys,nonsyn,False,nonada,nonada,nonada
1702TG,1702.0,TG,1,10,1,0.0007639419404125,cp,nonsyn,False,nonada,nonada,nonada
1702TG,1702.0,TG,1,10,1,0.0007639419404125,lys,nonsyn,False,nonada,nonada,nonada
1702TG,1702.0,TG,3,7,1,0.0007639419404125,cp,nonsyn,False,nonada,nonada,nonada
1702TG,1702.0,TG,3,7,1,0.0007639419404125,lys,nonsyn,False,nonada,nonada,nonada
1703CT,1703.0,CT,2,7,2,0.001527883880825,lys,nonsyn,False,nonada,nonada,nonada
1704GA,1704.0,GA,1,3,2,0.001527883880825,cp,nonsyn,False,nonada,nonada,nonada
1704GA,1704.0,GA,1,7,1,0.0007639419404125,cp,nonsyn,False,nonada,nonada,nonada
1704GA,1704.0,GA,2,3,1,0.0007639419404125,cp,nonsyn,False,nonada,nonada,nonada
1704GA,1704.0,GA,3,3,1,0.0007639419404125,cp,nonsyn,False,nonada,nonada,nonada
1704GA,1704.0,GA,3,7,1,0.0007639419404125,cp,nonsyn,False,nonada,nonada,nonada
1706AG,1706.0,AG,1,3,1,0.0007639419404125,lys,nonsyn,False,nonada,nonada,nonada
1706AG,1706.0,AG,2,7,1,0.0007639419404125,lys,nonsyn,False,nonada,nonada,nonada
1707GA,1707.0,GA,1,7,1,0.0007639419404125,cp,nonsyn,False,nonada,nonada,nonada
1707GA,1707.0,GA,2,3,2,0.001527883880825,cp,nonsyn,False,nonada,nonada,nonada
1707GA,1707.0,GA,3,10,1,0.0007639419404125,cp,nonsyn,False,nonada,nonada,nonada
1707GT,1707.0,GT,2,7,1,0.0007639419404125,cp,nonsyn,False,nonada,nonada,nonada
1707GT,1707.0,GT,2,7,1,0.0007639419404125,lys,nonsyn,False,nonada,nonada,nonada
1708CA,1708.0,CA,2,3,1,0.0007639419404125,cp,nonsyn,False,nonada,nonada,nonada
1708CA,1708.0,CA,2,3,1,0.0007639419404125,lys,nonsyn,False,nonada,nonada,nonada
1708CA,1708.0,CA,2,10,1,0.0007639419404125,cp,nonsyn,False,nonada,nonada,nonada
1708CA,1708.0,CA,2,10,1,0.0007639419404125,lys,nonsyn,False,nonada,nonada,nonada
1708CA,1708.0,CA,3,7,1,0.0007639419404125,cp,nonsyn,False,nonada,nonada,nonada
1708CA,1708.0,CA,3,7,1,0.0007639419404125,lys,nonsyn,False,nonada,nonada,nonada
1708CT,1708.0,CT,1,7,1,0.0007639419404125,cp,nonsyn,False,nonada,nonada,nonada
1708CT,1708.0,CT,1,7,1,0.0007639419404125,lys,nonsyn,True,nonada,nonada,nonada
1708CT,1708.0,CT,2,7,1,0.0007639419404125,cp,nonsyn,False,nonada,nonada,nonada
1708CT,1708.0,CT,2,7,1,0.0007639419404125,lys,nonsyn,True,nonada,nonada,nonada
1709AG,1709.0,AG,2,7,1,0.0007639419404125,lys,nonsyn,False,nonada,nonada,nonada
1709AG,1709.0,AG,2,10,1,0.0007639419404125,lys,nonsyn,False,nonada,nonada,nonada
1709AG,1709.0,AG,3,3,1,0.0007639419404125,lys,nonsyn,False,nonada,nonada,nonada
1709AT,1709.0,AT,1,7,1,0.0007639419404125,lys,nonsyn,False,nonada,nonada,nonada
1712CT,1712.0,CT,1,7,1,0.0007639419404125,lys,nonsyn,False,nonada,nonada,nonada
1712CT,1712.0,CT,1,10,2,0.001527883880825,lys,nonsyn,False,nonada,nonada,nonada
1712CT,1712.0,CT,2,7,1,0.0007639419404125,lys,nonsyn,False,nonada,nonada,nonada
1712CT,1712.0,CT,3,3,1,0.0007639419404125,lys,nonsyn,False,nonada,nonada,nonada
1714CA,1714.0,CA,1,10,1,0.0007639419404125,cp,nonsyn,False,nonada,nonada,nonada
1714CA,1714.0,CA,1,10,1,0.0007639419404125,lys,nonsyn,False,nonada,nonada,nonada
1714CT,1714.0,CT,3,7,1,0.0007639419404125,cp,nonsyn,False,nonada,nonada,nonada
1714CT,1714.0,CT,3,7,1,0.0007639419404125,lys,nonsyn,False,nonada,nonada,nonada
1715CG,1715.0,CG,2,7,1,0.0007639419404125,lys,nonsyn,False,nonada,nonada,nonada
1715CG,1715.0,CG,3,10,1,0.0007639419404125,lys,nonsyn,False,nonada,nonada,nonada
1715CT,1715.0,CT,1,7,2,0.001527883880825,lys,nonsyn,False,nonada,nonada,nonada
1715CT,1715.0,CT,3,7,1,0.0007639419404125,lys,nonsyn,False,nonada,nonada,nonada
1716GA,1716.0,GA,1,3,1,0.0007639419404125,cp,nonsyn,False,nonada,nonada,nonada
1716GA,1716.0,GA,1,10,2,0.001527883880825,cp,nonsyn,False,nonada,nonada,nonada
1716GA,1716.0,GA,3,7,1,0.0007639419404125,cp,nonsyn,False,nonada,nonada,nonada
1717GA,1717.0,GA,1,10,1,0.0007639419404125,cp,nonsyn,False,nonada,nonada,nonada
1717GA,1717.0,GA,1,10,1,0.0007639419404125,lys,nonsyn,False,nonada,nonada,nonada
1717GA,1717.0,GA,2,7,2,0.001527883880825,cp,nonsyn,False,nonada,nonada,nonada
1717GA,1717.0,GA,2,7,2,0.001527883880825,lys,nonsyn,False,nonada,nonada,nonada
1717GA,1717.0,GA,3,7,1,0.0007639419404125,cp,nonsyn,False,nonada,nonada,nonada
1717GA,1717.0,GA,3,7,1,0.0007639419404125,lys,nonsyn,False,nonada,nonada,nonada
1718CT,1718.0,CT,3,3,1,0.0007639419404125,lys,nonsyn,False,nonada,nonada,nonada
1719AT,1719.0,AT,3,7,1,0.0007639419404125,cp,nonsyn,False,nonada,nonada,nonada
171CT,171.0,CT,1,10,1,0.0007639419404125,mat,syn,False,nonada,nonada,nonada
171CT,171.0,CT,2,7,1,0.0007639419404125,mat,syn,False,nonada,nonada,nonada
171CT,171.0,CT,2,10,1,0.0007639419404125,mat,syn,False,nonada,nonada,nonada
171CT,171.0,CT,3,7,1,0.0007639419404125,mat,syn,False,nonada,nonada,nonada
171CT,171.0,CT,3,10,2,0.001527883880825,mat,syn,False,nonada,nonada,nonada
1720TC,1720.0,TC,1,3,1,0.0007639419404125,cp,nonsyn,False,nonada,nonada,nonada
1720TC,1720.0,TC,1,3,1,0.0007639419404125,lys,nonsyn,False,nonada,nonada,nonada
1722TA,1722.0,TA,2,7,1,0.0007639419404125,cp,nonsyn,False,nonada,nonada,nonada
1722TC,1722.0,TC,2,7,1,0.0007639419404125,cp,nonsyn,False,nonada,nonada,nonada
1722TC,1722.0,TC,3,7,1,0.0007639419404125,cp,nonsyn,False,nonada,nonada,nonada
1723AG,1723.0,AG,2,3,1,0.0007639419404125,cp,nonsyn,False,nonada,nonada,nonada
1723AG,1723.0,AG,2,3,1,0.0007639419404125,lys,nonsyn,False,nonada,nonada,nonada
1724CT,1724.0,CT,2,10,1,0.0007639419404125,lys,nonsyn,False,nonada,nonada,nonada
1724CT,1724.0,CT,3,10,1,0.0007639419404125,lys,nonsyn,False,nonada,nonada,nonada
1725TC,1725.0,TC,2,3,1,0.0007639419404125,cp,nonsyn,True,nonada,nonada,nonada
1728TC,1728.0,TC,1,3,2,0.001527883880825,lys,syn,False,nonada,nonada,nonada
1728TC,1728.0,TC,3,7,1,0.0007639419404125,lys,syn,False,nonada,nonada,nonada
172GA,172.0,GA,3,3,3,0.0022918258212375,mat,nonsyn,False,nonada,nonada,nonada
1730GA,1730.0,GA,3,10,1,0.0007639419404125,lys,nonsyn,False,nonada,nonada,nonada
1731AG,1731.0,AG,1,3,2,0.001527883880825,lys,syn,False,nonada,nonada,nonada
1731AG,1731.0,AG,2,7,1,0.0007639419404125,lys,syn,False,nonada,nonada,nonada
1731AG,1731.0,AG,3,7,1,0.0007639419404125,lys,syn,False,nonada,nonada,nonada
1731AG,1731.0,AG,3,10,1,0.0007639419404125,lys,syn,False,nonada,nonada,nonada
1731AT,1731.0,AT,1,10,1,0.0007639419404125,lys,nonsyn,False,nonada,nonada,nonada
1732CT,1732.0,CT,2,3,1,0.0007639419404125,lys,nonsyn,False,nonada,nonada,nonada
1732CT,1732.0,CT,3,7,1,0.0007639419404125,lys,nonsyn,False,nonada,nonada,nonada
1733GA,1733.0,GA,1,10,2,0.001527883880825,lys,nonsyn,False,nonada,nonada,nonada
1733GA,1733.0,GA,2,3,1,0.0007639419404125,lys,nonsyn,False,nonada,nonada,nonada
1733GA,1733.0,GA,2,7,2,0.001527883880825,lys,nonsyn,False,nonada,nonada,nonada
1733GA,1733.0,GA,3,3,1,0.0007639419404125,lys,nonsyn,False,nonada,nonada,nonada
1734CT,1734.0,CT,2,7,1,0.0007639419404125,lys,syn,False,nonada,nonada,nonada
1735CG,1735.0,CG,1,10,1,0.0007639419404125,lys,nonsyn,False,nonada,nonada,nonada
1735CT,1735.0,CT,2,3,1,0.0007639419404125,lys,nonsyn,False,nonada,nonada,nonada
1735CT,1735.0,CT,3,7,1,0.0007639419404125,lys,nonsyn,False,nonada,nonada,nonada
1735CT,1735.0,CT,3,10,1,0.0007639419404125,lys,nonsyn,False,nonada,nonada,nonada
1736GA,1736.0,GA,2,3,1,0.0007639419404125,lys,nonsyn,False,nonada,nonada,nonada
1736GA,1736.0,GA,3,3,1,0.0007639419404125,lys,nonsyn,False,nonada,nonada,nonada
1736GA,1736.0,GA,3,7,1,0.0007639419404125,lys,nonsyn,False,nonada,nonada,nonada
1737GA,1737.0,GA,1,3,1,0.0007639419404125,lys,syn,False,nonada,nonada,nonada
1737GA,1737.0,GA,1,10,1,0.0007639419404125,lys,syn,False,nonada,nonada,nonada
1737GA,1737.0,GA,2,3,2,0.001527883880825,lys,syn,False,nonada,nonada,nonada
1737GA,1737.0,GA,2,7,2,0.001527883880825,lys,syn,False,nonada,nonada,nonada
1737GA,1737.0,GA,2,10,2,0.001527883880825,lys,syn,False,nonada,nonada,nonada
1737GA,1737.0,GA,3,7,1,0.0007639419404125,lys,syn,False,nonada,nonada,nonada
1737GA,1737.0,GA,3,10,3,0.0022918258212375,lys,syn,False,nonada,nonada,nonada
1737GT,1737.0,GT,1,3,1,0.0007639419404125,lys,syn,False,nonada,nonada,nonada
1737GT,1737.0,GT,2,7,1,0.0007639419404125,lys,syn,False,nonada,nonada,nonada
1737GT,1737.0,GT,3,3,1,0.0007639419404125,lys,syn,False,nonada,nonada,nonada
1738CA,1738.0,CA,2,7,1,0.0007639419404125,lys,nonsyn,False,nonada,nonada,nonada
1738CG,1738.0,CG,3,7,1,0.0007639419404125,lys,nonsyn,False,nonada,nonada,nonada
1738CT,1738.0,CT,2,3,1,0.0007639419404125,lys,nonsyn,False,nonada,nonada,nonada
173TC,173.0,TC,1,7,1,0.0007639419404125,mat,nonsyn,False,nonada,nonada,nonada
173TC,173.0,TC,2,10,1,0.0007639419404125,mat,nonsyn,False,nonada,nonada,nonada
1740AG,1740.0,AG,2,3,1,0.0007639419404125,lys,syn,False,nonada,nonada,nonada
1740AG,1740.0,AG,2,7,2,0.001527883880825,lys,syn,False,nonada,nonada,nonada
1740AG,1740.0,AG,2,10,1,0.0007639419404125,lys,syn,False,nonada,nonada,nonada
1740AG,1740.0,AG,3,7,1,0.0007639419404125,lys,syn,False,nonada,nonada,nonada
1740AG,1740.0,AG,3,10,1,0.0007639419404125,lys,syn,False,nonada,nonada,nonada
1740AT,1740.0,AT,3,3,1,0.0007639419404125,lys,syn,False,nonada,nonada,nonada
1740AT,1740.0,AT,3,10,1,0.0007639419404125,lys,syn,False,nonada,nonada,nonada
1741TA,1741.0,TA,3,7,1,0.0007639419404125,lys,nonsyn,False,nonada,nonada,nonada
1741TC,1741.0,TC,1,7,1,0.0007639419404125,lys,nonsyn,False,nonada,nonada,nonada
1741TC,1741.0,TC,3,3,1,0.0007639419404125,lys,nonsyn,False,nonada,nonada,nonada
1742TC,1742.0,TC,1,3,1,0.0007639419404125,lys,nonsyn,False,nonada,nonada,nonada
1742TC,1742.0,TC,2,7,1,0.0007639419404125,lys,nonsyn,False,nonada,nonada,nonada
1742TC,1742.0,TC,2,10,1,0.0007639419404125,lys,nonsyn,False,nonada,nonada,nonada
1742TC,1742.0,TC,3,10,1,0.0007639419404125,lys,nonsyn,False,nonada,nonada,nonada
1743CA,1743.0,CA,1,10,1,0.0007639419404125,lys,nonsyn,False,nonada,nonada,nonada
1743CA,1743.0,CA,2,3,1,0.0007639419404125,lys,nonsyn,False,nonada,nonada,nonada
1743CA,1743.0,CA,3,7,1,0.0007639419404125,lys,nonsyn,False,nonada,nonada,nonada
1743CT,1743.0,CT,3,3,1,0.0007639419404125,lys,syn,False,nonada,nonada,nonada
1744AC,1744.0,AC,2,7,1,0.0007639419404125,lys,nonsyn,False,nonada,nonada,nonada
1744AG,1744.0,AG,3,7,1,0.0007639419404125,lys,nonsyn,False,nonada,nonada,nonada
1746AG,1746.0,AG,2,7,1,0.0007639419404125,lys,syn,False,nonada,nonada,nonada
1746AG,1746.0,AG,3,3,1,0.0007639419404125,lys,syn,False,nonada,nonada,nonada
1748AG,1748.0,AG,2,10,1,0.0007639419404125,lys,nonsyn,False,nonada,nonada,nonada
1748AT,1748.0,AT,1,7,1,0.0007639419404125,lys,nonsyn,False,nonada,nonada,nonada
1749TG,1749.0,TG,3,10,1,0.0007639419404125,lys,nonsyn,False,nonada,nonada,nonada
174CT,174.0,CT,1,7,2,0.001527883880825,mat,syn,False,nonada,nonada,nonada
174CT,174.0,CT,2,10,1,0.0007639419404125,mat,syn,False,nonada,nonada,nonada
174CT,174.0,CT,3,3,3,0.0022918258212375,mat,syn,False,nonada,nonada,nonada
1750GA,1750.0,GA,2,10,3,0.0022918258212375,lys,nonsyn,False,nonada,nonada,nonada
1750GA,1750.0,GA,3,3,1,0.0007639419404125,lys,nonsyn,False,nonada,nonada,nonada
1751AT,1751.0,AT,3,7,1,0.0007639419404125,lys,nonsyn,False,nonada,nonada,nonada
1752GA,1752.0,GA,1,7,1,0.0007639419404125,lys,syn,False,nonada,nonada,nonada
1752GA,1752.0,GA,2,10,2,0.001527883880825,lys,syn,False,nonada,nonada,nonada
1753GA,1753.0,GA,2,3,1,0.0007639419404125,lys,nonsyn,False,nonada,nonada,nonada
1754AG,1754.0,AG,2,3,1,0.0007639419404125,lys,nonsyn,False,nonada,nonada,nonada
1754AG,1754.0,AG,2,10,1,0.0007639419404125,lys,nonsyn,False,nonada,nonada,nonada
1755TC,1755.0,TC,1,3,1,0.0007639419404125,lys,syn,False,nonada,nonada,nonada
1755TC,1755.0,TC,2,3,1,0.0007639419404125,lys,syn,False,nonada,nonada,nonada
1756TC,1756.0,TC,1,10,1,0.0007639419404125,lys,nonsyn,False,nonada,nonada,nonada
1757AC,1757.0,AC,1,3,1,0.0007639419404125,lys,nonsyn,False,nonada,nonada,nonada
1757AG,1757.0,AG,2,7,1,0.0007639419404125,lys,nonsyn,False,nonada,nonada,nonada
1757AT,1757.0,AT,2,10,1,0.0007639419404125,lys,nonsyn,False,nonada,nonada,nonada
1758CT,1758.0,CT,2,3,1,0.0007639419404125,lys,syn,False,nonada,nonada,nonada
1758CT,1758.0,CT,3,3,1,0.0007639419404125,lys,syn,False,nonada,nonada,nonada
1759CT,1759.0,CT,1,10,1,0.0007639419404125,lys,nonsyn,False,nonada,nonada,nonada
175CG,175.0,CG,3,10,1,0.0007639419404125,mat,nonsyn,False,nonada,nonada,nonada
175CT,175.0,CT,1,3,1,0.0007639419404125,mat,nonsyn,False,nonada,nonada,nonada
175CT,175.0,CT,3,10,1,0.0007639419404125,mat,nonsyn,False,nonada,nonada,nonada
1761AG,1761.0,AG,3,3,1,0.0007639419404125,rep,nonsyn,False,nonada,nonada,nonada
1762TA,1762.0,TA,3,7,1,0.0007639419404125,lys,nonsyn,False,nonada,nonada,nonada
1762TA,1762.0,TA,3,7,1,0.0007639419404125,rep,nonsyn,False,nonada,nonada,nonada
1762TG,1762.0,TG,1,3,1,0.0007639419404125,lys,nonsyn,False,nonada,nonada,nonada
1762TG,1762.0,TG,1,3,1,0.0007639419404125,rep,nonsyn,False,nonada,nonada,nonada
1762TG,1762.0,TG,1,7,1,0.0007639419404125,lys,nonsyn,False,nonada,nonada,nonada
1762TG,1762.0,TG,1,7,1,0.0007639419404125,rep,nonsyn,False,nonada,nonada,nonada
1762TG,1762.0,TG,3,3,1,0.0007639419404125,lys,nonsyn,False,nonada,nonada,nonada
1762TG,1762.0,TG,3,3,1,0.0007639419404125,rep,nonsyn,False,nonada,nonada,nonada
1763GA,1763.0,GA,2,7,1,0.0007639419404125,lys,nonsyn,False,nonada,nonada,nonada
1763GA,1763.0,GA,2,7,1,0.0007639419404125,rep,nonsyn,False,nonada,nonada,nonada
1763GA,1763.0,GA,3,3,1,0.0007639419404125,lys,nonsyn,False,nonada,nonada,nonada
1763GA,1763.0,GA,3,3,1,0.0007639419404125,rep,nonsyn,False,nonada,nonada,nonada
1763GA,1763.0,GA,3,7,1,0.0007639419404125,lys,nonsyn,False,nonada,nonada,nonada
1763GA,1763.0,GA,3,7,1,0.0007639419404125,rep,nonsyn,False,nonada,nonada,nonada
1764TC,1764.0,TC,1,3,1,0.0007639419404125,rep,nonsyn,False,nonada,nonada,nonada
1764TC,1764.0,TC,2,3,1,0.0007639419404125,rep,nonsyn,False,nonada,nonada,nonada
1764TC,1764.0,TC,2,7,1,0.0007639419404125,rep,nonsyn,False,nonada,nonada,nonada
1765CT,1765.0,CT,1,3,2,0.001527883880825,lys,nonsyn,True,nonada,nonada,nonada
1765CT,1765.0,CT,1,3,2,0.001527883880825,rep,nonsyn,False,nonada,nonada,nonada
1765CT,1765.0,CT,1,10,1,0.0007639419404125,lys,nonsyn,True,nonada,nonada,nonada
1765CT,1765.0,CT,1,10,1,0.0007639419404125,rep,nonsyn,False,nonada,nonada,nonada
1765CT,1765.0,CT,2,7,2,0.001527883880825,lys,nonsyn,True,nonada,nonada,nonada
1765CT,1765.0,CT,2,7,2,0.001527883880825,rep,nonsyn,False,nonada,nonada,nonada
1766GA,1766.0,GA,1,3,1,0.0007639419404125,lys,nonsyn,False,nonada,nonada,nonada
1766GA,1766.0,GA,1,7,1,0.0007639419404125,lys,nonsyn,False,nonada,nonada,nonada
1766GT,1766.0,GT,2,10,1,0.0007639419404125,lys,nonsyn,False,nonada,nonada,nonada
1769GA,1769.0,GA,1,3,2,0.001527883880825,lys,nonsyn,False,nonada,nonada,nonada
1769GA,1769.0,GA,2,10,1,0.0007639419404125,lys,nonsyn,False,nonada,nonada,nonada
176CA,176.0,CA,2,3,1,0.0007639419404125,mat,nonsyn,False,nonada,nonada,nonada
176CG,176.0,CG,1,7,1,0.0007639419404125,mat,nonsyn,False,nonada,nonada,nonada
176CT,176.0,CT,1,10,1,0.0007639419404125,mat,nonsyn,False,nonada,nonada,nonada
1770AT,1770.0,AT,1,3,1,0.0007639419404125,lys,nonsyn,False,nonada,nonada,nonada
1770AT,1770.0,AT,1,3,1,0.0007639419404125,rep,nonsyn,False,nonada,nonada,nonada
1772AG,1772.0,AG,1,7,1,0.0007639419404125,lys,nonsyn,False,nonada,nonada,nonada
1772AG,1772.0,AG,2,3,2,0.001527883880825,lys,nonsyn,False,nonada,nonada,nonada
1776AG,1776.0,AG,1,10,1,0.0007639419404125,rep,nonsyn,False,nonada,nonada,nonada
1776AG,1776.0,AG,2,7,1,0.0007639419404125,rep,nonsyn,False,nonada,nonada,nonada
1777AG,1777.0,AG,3,3,1,0.0007639419404125,lys,nonsyn,False,nonada,nonada,nonada
1777AG,1777.0,AG,3,3,1,0.0007639419404125,rep,nonsyn,False,nonada,nonada,nonada
1777AG,1777.0,AG,3,7,1,0.0007639419404125,lys,nonsyn,False,nonada,nonada,nonada
1777AG,1777.0,AG,3,7,1,0.0007639419404125,rep,nonsyn,False,nonada,nonada,nonada
1778GA,1778.0,GA,1,10,1,0.0007639419404125,lys,nonsyn,False,nonada,nonada,nonada
1778GA,1778.0,GA,3,7,1,0.0007639419404125,lys,nonsyn,False,nonada,nonada,nonada
177CG,177.0,CG,2,3,1,0.0007639419404125,mat,syn,False,nonada,nonada,nonada
177CT,177.0,CT,1,3,2,0.001527883880825,mat,syn,False,nonada,nonada,nonada
177CT,177.0,CT,1,10,2,0.001527883880825,mat,syn,False,nonada,nonada,nonada
177CT,177.0,CT,2,7,1,0.0007639419404125,mat,syn,False,nonada,nonada,nonada
177CT,177.0,CT,3,7,1,0.0007639419404125,mat,syn,False,nonada,nonada,nonada
177CT,177.0,CT,3,10,1,0.0007639419404125,mat,syn,False,nonada,nonada,nonada
1780AG,1780.0,AG,2,7,1,0.0007639419404125,lys,nonsyn,False,nonada,nonada,nonada
1780AG,1780.0,AG,2,7,1,0.0007639419404125,rep,nonsyn,False,nonada,nonada,nonada
1781GA,1781.0,GA,2,3,1,0.0007639419404125,lys,nonsyn,False,nonada,nonada,nonada
1781GA,1781.0,GA,2,10,2,0.001527883880825,lys,nonsyn,False,nonada,nonada,nonada
1781GT,1781.0,GT,2,7,1,0.0007639419404125,lys,nonsyn,False,nonada,nonada,nonada
1781GT,1781.0,GT,2,7,1,0.0007639419404125,rep,nonsyn,False,nonada,nonada,nonada
1782TC,1782.0,TC,3,3,2,0.001527883880825,rep,nonsyn,False,nonada,nonada,nonada
1782TC,1782.0,TC,3,7,1,0.0007639419404125,rep,nonsyn,False,nonada,nonada,nonada
1782TC,1782.0,TC,3,10,1,0.0007639419404125,rep,nonsyn,False,nonada,nonada,nonada
1783TC,1783.0,TC,1,10,1,0.0007639419404125,lys,nonsyn,False,nonada,nonada,nonada
1783TC,1783.0,TC,1,10,1,0.0007639419404125,rep,nonsyn,False,nonada,nonada,nonada
1784CT,1784.0,CT,2,7,1,0.0007639419404125,lys,nonsyn,False,nonada,nonada,nonada
1785AG,1785.0,AG,3,7,1,0.0007639419404125,rep,nonsyn,False,nonada,nonada,nonada
1786AT,1786.0,AT,3,7,1,0.0007639419404125,lys,nonsyn,False,nonada,nonada,nonada
1786AT,1786.0,AT,3,7,1,0.0007639419404125,rep,nonsyn,False,nonada,nonada,nonada
1788TC,1788.0,TC,2,3,1,0.0007639419404125,rep,nonsyn,False,nonada,nonada,nonada
1789CT,1789.0,CT,1,3,1,0.0007639419404125,lys,nonsyn,False,nonada,nonada,nonada
1789CT,1789.0,CT,1,3,1,0.0007639419404125,rep,nonsyn,False,nonada,nonada,nonada
1789CT,1789.0,CT,1,7,1,0.0007639419404125,lys,nonsyn,False,nonada,nonada,nonada
1789CT,1789.0,CT,1,7,1,0.0007639419404125,rep,nonsyn,False,nonada,nonada,nonada
1789CT,1789.0,CT,2,3,2,0.001527883880825,lys,nonsyn,False,nonada,nonada,nonada
1789CT,1789.0,CT,2,3,2,0.001527883880825,rep,nonsyn,False,nonada,nonada,nonada
1789CT,1789.0,CT,2,7,1,0.0007639419404125,lys,nonsyn,False,nonada,nonada,nonada
1789CT,1789.0,CT,2,7,1,0.0007639419404125,rep,nonsyn,False,nonada,nonada,nonada
178TC,178.0,TC,1,10,1,0.0007639419404125,mat,nonsyn,False,nonada,nonada,nonada
178TC,178.0,TC,2,7,2,0.001527883880825,mat,nonsyn,False,nonada,nonada,nonada
1790TC,1790.0,TC,1,3,1,0.0007639419404125,lys,nonsyn,False,nonada,nonada,nonada
1790TC,1790.0,TC,1,7,2,0.001527883880825,lys,nonsyn,False,nonada,nonada,nonada
1790TC,1790.0,TC,1,10,2,0.001527883880825,lys,nonsyn,False,nonada,nonada,nonada
1790TC,1790.0,TC,2,7,1,0.0007639419404125,lys,nonsyn,False,nonada,nonada,nonada
1790TC,1790.0,TC,3,10,2,0.001527883880825,lys,nonsyn,False,nonada,nonada,nonada
1792TC,1792.0,TC,3,10,1,0.0007639419404125,lys,nonsyn,False,nonada,nonada,nonada
1792TC,1792.0,TC,3,10,1,0.0007639419404125,rep,nonsyn,False,nonada,nonada,nonada
1793AT,1793.0,AT,1,7,1,0.0007639419404125,lys,nonsyn,False,nonada,nonada,nonada
1793AT,1793.0,AT,1,7,1,0.0007639419404125,rep,nonsyn,False,nonada,nonada,nonada
1794TC,1794.0,TC,3,3,1,0.0007639419404125,rep,nonsyn,False,nonada,nonada,nonada
1796TC,1796.0,TC,1,7,1,0.0007639419404125,lys,nonsyn,False,nonada,nonada,nonada
1796TC,1796.0,TC,3,3,1,0.0007639419404125,lys,nonsyn,False,nonada,nonada,nonada
1796TC,1796.0,TC,3,7,2,0.001527883880825,lys,nonsyn,False,nonada,nonada,nonada
1797AG,1797.0,AG,3,7,1,0.0007639419404125,rep,nonsyn,False,nonada,nonada,nonada
1797AT,1797.0,AT,1,3,1,0.0007639419404125,rep,nonsyn,False,nonada,nonada,nonada
1798TC,1798.0,TC,2,3,1,0.0007639419404125,rep,nonsyn,False,nonada,nonada,nonada
1798TC,1798.0,TC,3,3,1,0.0007639419404125,rep,nonsyn,False,nonada,nonada,nonada
1798TG,1798.0,TG,1,3,1,0.0007639419404125,lys,nonsyn,False,nonada,nonada,nonada
1798TG,1798.0,TG,1,3,1,0.0007639419404125,rep,nonsyn,False,nonada,nonada,nonada
1798TG,1798.0,TG,3,7,1,0.0007639419404125,lys,nonsyn,False,nonada,nonada,nonada
1798TG,1798.0,TG,3,7,1,0.0007639419404125,rep,nonsyn,False,nonada,nonada,nonada
1798TG,1798.0,TG,3,10,1,0.0007639419404125,lys,nonsyn,False,nonada,nonada,nonada
1798TG,1798.0,TG,3,10,1,0.0007639419404125,rep,nonsyn,False,nonada,nonada,nonada
179CT,179.0,CT,1,3,1,0.0007639419404125,mat,nonsyn,False,nonada,nonada,nonada
179CT,179.0,CT,2,3,1,0.0007639419404125,mat,nonsyn,False,nonada,nonada,nonada
179CT,179.0,CT,3,7,1,0.0007639419404125,mat,nonsyn,False,nonada,nonada,nonada
179CT,179.0,CT,3,10,1,0.0007639419404125,mat,nonsyn,False,nonada,nonada,nonada
1800GA,1800.0,GA,1,3,1,0.0007639419404125,rep,nonsyn,False,nonada,nonada,nonada
1800GT,1800.0,GT,2,10,1,0.0007639419404125,lys,nonsyn,False,nonada,nonada,nonada
1800GT,1800.0,GT,2,10,1,0.0007639419404125,rep,nonsyn,False,nonada,nonada,nonada
1801AG,1801.0,AG,2,3,1,0.0007639419404125,lys,nonsyn,False,nonada,nonada,nonada
1801AG,1801.0,AG,2,3,1,0.0007639419404125,rep,nonsyn,False,nonada,nonada,nonada
1802TC,1802.0,TC,2,7,1,0.0007639419404125,lys,nonsyn,False,nonada,nonada,nonada
1802TC,1802.0,TC,2,10,1,0.0007639419404125,lys,nonsyn,False,nonada,nonada,nonada
1802TC,1802.0,TC,3,7,1,0.0007639419404125,lys,nonsyn,False,nonada,nonada,nonada
1803CT,1803.0,CT,3,10,1,0.0007639419404125,rep,nonsyn,False,nonada,nonada,nonada
1804TC,1804.0,TC,2,7,1,0.0007639419404125,lys,nonsyn,False,nonada,nonada,nonada
1804TC,1804.0,TC,2,7,1,0.0007639419404125,rep,nonsyn,False,nonada,nonada,nonada
1805TC,1805.0,TC,3,7,2,0.001527883880825,lys,nonsyn,False,nonada,nonada,nonada
1805TG,1805.0,TG,3,7,1,0.0007639419404125,lys,nonsyn,False,nonada,nonada,nonada
1806CT,1806.0,CT,2,3,1,0.0007639419404125,rep,nonsyn,False,nonada,nonada,nonada
1806CT,1806.0,CT,3,7,1,0.0007639419404125,rep,nonsyn,False,nonada,nonada,nonada
1806CT,1806.0,CT,3,10,1,0.0007639419404125,rep,nonsyn,False,nonada,nonada,nonada
1807CA,1807.0,CA,2,10,1,0.0007639419404125,lys,nonsyn,False,nonada,nonada,nonada
1807CA,1807.0,CA,2,10,1,0.0007639419404125,rep,nonsyn,False,nonada,nonada,nonada
1807CA,1807.0,CA,3,3,1,0.0007639419404125,lys,nonsyn,False,nonada,nonada,nonada
1807CA,1807.0,CA,3,3,1,0.0007639419404125,rep,nonsyn,False,nonada,nonada,nonada
1807CA,1807.0,CA,3,7,1,0.0007639419404125,lys,nonsyn,False,nonada,nonada,nonada
1807CA,1807.0,CA,3,7,1,0.0007639419404125,rep,nonsyn,False,nonada,nonada,nonada
1808TC,1808.0,TC,3,3,1,0.0007639419404125,lys,nonsyn,False,nonada,nonada,nonada
1809CA,1809.0,CA,2,3,1,0.0007639419404125,rep,nonsyn,False,nonada,nonada,nonada
1809CT,1809.0,CT,1,7,1,0.0007639419404125,rep,nonsyn,False,nonada,nonada,nonada
1809CT,1809.0,CT,3,3,1,0.0007639419404125,rep,nonsyn,False,nonada,nonada,nonada
1809CT,1809.0,CT,3,7,1,0.0007639419404125,rep,nonsyn,False,nonada,nonada,nonada
180CA,180.0,CA,2,3,1,0.0007639419404125,mat,syn,False,nonada,nonada,nonada
180CT,180.0,CT,1,3,1,0.0007639419404125,mat,syn,False,nonada,nonada,nonada
180CT,180.0,CT,1,7,2,0.001527883880825,mat,syn,False,nonada,nonada,nonada
180CT,180.0,CT,2,7,1,0.0007639419404125,mat,syn,False,nonada,nonada,nonada
180CT,180.0,CT,2,10,1,0.0007639419404125,mat,syn,False,nonada,nonada,nonada
180CT,180.0,CT,3,7,1,0.0007639419404125,mat,syn,False,nonada,nonada,nonada
1810GA,1810.0,GA,1,7,1,0.0007639419404125,lys,nonsyn,False,nonada,nonada,nonada
1810GA,1810.0,GA,1,7,1,0.0007639419404125,rep,nonsyn,False,nonada,nonada,nonada
1810GA,1810.0,GA,1,10,1,0.0007639419404125,lys,nonsyn,False,nonada,nonada,nonada
1810GA,1810.0,GA,1,10,1,0.0007639419404125,rep,nonsyn,False,nonada,nonada,nonada
1810GA,1810.0,GA,3,10,1,0.0007639419404125,lys,nonsyn,False,nonada,nonada,nonada
1810GA,1810.0,GA,3,10,1,0.0007639419404125,rep,nonsyn,False,nonada,nonada,nonada
1811CT,1811.0,CT,1,7,1,0.0007639419404125,lys,nonsyn,False,nonada,nonada,nonada
1811CT,1811.0,CT,3,3,1,0.0007639419404125,lys,nonsyn,False,nonada,nonada,nonada
1812GA,1812.0,GA,1,3,1,0.0007639419404125,rep,nonsyn,False,nonada,nonada,nonada
1813AG,1813.0,AG,1,7,1,0.0007639419404125,lys,nonsyn,False,nonada,nonada,nonada
1813AG,1813.0,AG,1,7,1,0.0007639419404125,rep,nonsyn,False,nonada,nonada,nonada
1815CT,1815.0,CT,1,3,4,0.0030557677616501,rep,nonsyn,False,nonada,nonada,nonada
1815CT,1815.0,CT,1,10,2,0.001527883880825,rep,nonsyn,False,nonada,nonada,nonada
1815CT,1815.0,CT,2,3,1,0.0007639419404125,rep,nonsyn,False,nonada,nonada,nonada
1815CT,1815.0,CT,2,10,1,0.0007639419404125,rep,nonsyn,False,nonada,nonada,nonada
1815CT,1815.0,CT,3,3,2,0.001527883880825,rep,nonsyn,False,nonada,nonada,nonada
1815CT,1815.0,CT,3,7,2,0.001527883880825,rep,nonsyn,False,nonada,nonada,nonada
1815CT,1815.0,CT,3,10,3,0.0022918258212375,rep,nonsyn,False,nonada,nonada,nonada
1816TC,1816.0,TC,1,3,1,0.0007639419404125,lys,nonsyn,False,nonada,nonada,nonada
1816TC,1816.0,TC,1,3,1,0.0007639419404125,rep,nonsyn,False,nonada,nonada,nonada
1816TC,1816.0,TC,1,10,1,0.0007639419404125,lys,nonsyn,False,nonada,nonada,nonada
1816TC,1816.0,TC,1,10,1,0.0007639419404125,rep,nonsyn,False,nonada,nonada,nonada
1816TC,1816.0,TC,2,10,3,0.0022918258212375,lys,nonsyn,False,nonada,nonada,nonada
1816TC,1816.0,TC,2,10,3,0.0022918258212375,rep,nonsyn,False,nonada,nonada,nonada
1816TC,1816.0,TC,3,7,1,0.0007639419404125,lys,nonsyn,False,nonada,nonada,nonada
1816TC,1816.0,TC,3,7,1,0.0007639419404125,rep,nonsyn,False,nonada,nonada,nonada
1816TG,1816.0,TG,3,3,1,0.0007639419404125,lys,nonsyn,False,nonada,nonada,nonada
1816TG,1816.0,TG,3,3,1,0.0007639419404125,rep,nonsyn,False,nonada,nonada,nonada
1817TC,1817.0,TC,1,7,1,0.0007639419404125,lys,nonsyn,False,nonada,nonada,nonada
1817TC,1817.0,TC,2,10,1,0.0007639419404125,lys,nonsyn,False,nonada,nonada,nonada
1817TC,1817.0,TC,3,7,1,0.0007639419404125,lys,nonsyn,False,nonada,nonada,nonada
1819CT,1819.0,CT,1,3,1,0.0007639419404125,lys,nonsyn,False,nonada,nonada,nonada
1819CT,1819.0,CT,1,3,1,0.0007639419404125,rep,nonsyn,False,nonada,nonada,nonada
1819CT,1819.0,CT,3,7,1,0.0007639419404125,lys,nonsyn,False,nonada,nonada,nonada
1819CT,1819.0,CT,3,7,1,0.0007639419404125,rep,nonsyn,False,nonada,nonada,nonada
181GA,181.0,GA,1,7,1,0.0007639419404125,mat,nonsyn,False,nonada,nonada,nonada
181GA,181.0,GA,3,7,2,0.001527883880825,mat,nonsyn,False,nonada,nonada,nonada
181GA,181.0,GA,3,10,2,0.001527883880825,mat,nonsyn,False,nonada,nonada,nonada
1820TC,1820.0,TC,1,7,1,0.0007639419404125,lys,nonsyn,False,nonada,nonada,nonada
1820TC,1820.0,TC,1,10,2,0.001527883880825,lys,nonsyn,False,nonada,nonada,nonada
1820TC,1820.0,TC,2,10,1,0.0007639419404125,lys,nonsyn,False,nonada,nonada,nonada
1821CA,1821.0,CA,3,7,1,0.0007639419404125,rep,nonsyn,False,nonada,nonada,nonada
1822TC,1822.0,TC,1,7,1,0.0007639419404125,lys,nonsyn,False,nonada,nonada,nonada
1822TC,1822.0,TC,1,7,1,0.0007639419404125,rep,nonsyn,False,nonada,nonada,nonada
1822TG,1822.0,TG,1,3,1,0.0007639419404125,lys,nonsyn,False,nonada,nonada,nonada
1822TG,1822.0,TG,1,3,1,0.0007639419404125,rep,nonsyn,False,nonada,nonada,nonada
1823CT,1823.0,CT,1,7,1,0.0007639419404125,lys,nonsyn,False,nonada,nonada,nonada
1824GA,1824.0,GA,1,3,3,0.0022918258212375,rep,nonsyn,False,nonada,nonada,nonada
1824GA,1824.0,GA,1,10,2,0.001527883880825,rep,nonsyn,False,nonada,nonada,nonada
1824GA,1824.0,GA,2,7,3,0.0022918258212375,rep,nonsyn,False,nonada,nonada,nonada
1824GA,1824.0,GA,2,10,2,0.001527883880825,rep,nonsyn,False,nonada,nonada,nonada
1824GA,1824.0,GA,3,7,3,0.0022918258212375,rep,nonsyn,False,nonada,nonada,nonada
1824GA,1824.0,GA,3,10,1,0.0007639419404125,rep,nonsyn,False,nonada,nonada,nonada
1826AG,1826.0,AG,1,7,1,0.0007639419404125,lys,nonsyn,False,nonada,nonada,nonada
1826AG,1826.0,AG,2,10,1,0.0007639419404125,lys,nonsyn,False,nonada,nonada,nonada
1826AG,1826.0,AG,3,7,1,0.0007639419404125,lys,nonsyn,False,nonada,nonada,nonada
1826AT,1826.0,AT,1,7,1,0.0007639419404125,lys,nonsyn,False,nonada,nonada,nonada
1826AT,1826.0,AT,1,7,1,0.0007639419404125,rep,nonsyn,False,nonada,nonada,nonada
1826AT,1826.0,AT,2,10,1,0.0007639419404125,lys,nonsyn,False,nonada,nonada,nonada
1826AT,1826.0,AT,2,10,1,0.0007639419404125,rep,nonsyn,False,nonada,nonada,nonada
1827AG,1827.0,AG,1,3,1,0.0007639419404125,rep,nonsyn,False,nonada,nonada,nonada
1827AG,1827.0,AG,1,7,1,0.0007639419404125,rep,nonsyn,False,nonada,nonada,nonada
1827AG,1827.0,AG,2,3,2,0.001527883880825,rep,nonsyn,False,nonada,nonada,nonada
1827AG,1827.0,AG,2,7,2,0.001527883880825,rep,nonsyn,False,nonada,nonada,nonada
1827AG,1827.0,AG,2,10,1,0.0007639419404125,rep,nonsyn,False,nonada,nonada,nonada
1827AT,1827.0,AT,1,3,2,0.001527883880825,lys,nonsyn,False,nonada,nonada,nonada
1827AT,1827.0,AT,1,3,2,0.001527883880825,rep,nonsyn,False,nonada,nonada,nonada
1827AT,1827.0,AT,2,10,1,0.0007639419404125,lys,nonsyn,False,nonada,nonada,nonada
1827AT,1827.0,AT,2,10,1,0.0007639419404125,rep,nonsyn,False,nonada,nonada,nonada
1828TA,1828.0,TA,2,10,1,0.0007639419404125,lys,nonsyn,False,nonada,nonada,nonada
1828TA,1828.0,TA,2,10,1,0.0007639419404125,rep,nonsyn,False,nonada,nonada,nonada
1828TA,1828.0,TA,3,7,1,0.0007639419404125,lys,nonsyn,False,nonada,nonada,nonada
1828TA,1828.0,TA,3,7,1,0.0007639419404125,rep,nonsyn,False,nonada,nonada,nonada
1828TG,1828.0,TG,3,7,1,0.0007639419404125,lys,nonsyn,False,nonada,nonada,nonada
1828TG,1828.0,TG,3,7,1,0.0007639419404125,rep,nonsyn,False,nonada,nonada,nonada
1829TC,1829.0,TC,3,3,1,0.0007639419404125,lys,nonsyn,False,nonada,nonada,nonada
182TC,182.0,TC,1,10,1,0.0007639419404125,mat,nonsyn,False,nonada,nonada,nonada
182TC,182.0,TC,2,7,2,0.001527883880825,mat,nonsyn,False,nonada,nonada,nonada
1830TC,1830.0,TC,1,7,1,0.0007639419404125,rep,nonsyn,False,nonada,nonada,nonada
1830TC,1830.0,TC,1,10,1,0.0007639419404125,rep,nonsyn,False,nonada,nonada,nonada
1830TC,1830.0,TC,2,3,1,0.0007639419404125,rep,nonsyn,False,nonada,nonada,nonada
1830TC,1830.0,TC,2,10,1,0.0007639419404125,rep,nonsyn,False,nonada,nonada,nonada
1831AG,1831.0,AG,1,3,1,0.0007639419404125,lys,nonsyn,False,nonada,nonada,nonada
1831AG,1831.0,AG,1,3,1,0.0007639419404125,rep,nonsyn,False,nonada,nonada,nonada
1831AG,1831.0,AG,1,10,1,0.0007639419404125,lys,nonsyn,False,nonada,nonada,nonada
1831AG,1831.0,AG,1,10,1,0.0007639419404125,rep,nonsyn,False,nonada,nonada,nonada
1832CG,1832.0,CG,1,3,1,0.0007639419404125,lys,nonsyn,False,nonada,nonada,nonada
1832CG,1832.0,CG,1,3,1,0.0007639419404125,rep,nonsyn,True,nonada,nonada,nonada
1832CT,1832.0,CT,1,7,1,0.0007639419404125,lys,nonsyn,False,nonada,nonada,nonada
1832CT,1832.0,CT,3,3,1,0.0007639419404125,lys,nonsyn,False,nonada,nonada,nonada
1832CT,1832.0,CT,3,7,1,0.0007639419404125,lys,nonsyn,False,nonada,nonada,nonada
1832CT,1832.0,CT,3,10,1,0.0007639419404125,lys,nonsyn,False,nonada,nonada,nonada
1833CA,1833.0,CA,2,7,1,0.0007639419404125,rep,nonsyn,False,nonada,nonada,nonada
1833CA,1833.0,CA,3,3,2,0.001527883880825,rep,nonsyn,False,nonada,nonada,nonada
1835AG,1835.0,AG,1,10,1,0.0007639419404125,lys,nonsyn,False,nonada,nonada,nonada
1835AG,1835.0,AG,2,3,1,0.0007639419404125,lys,nonsyn,False,nonada,nonada,nonada
1836TC,1836.0,TC,2,10,1,0.0007639419404125,rep,nonsyn,False,nonada,nonada,nonada
1837CA,1837.0,CA,2,10,1,0.0007639419404125,lys,nonsyn,False,nonada,nonada,nonada
1837CA,1837.0,CA,2,10,1,0.0007639419404125,rep,nonsyn,True,nonada,nonada,nonada
1837CT,1837.0,CT,2,3,1,0.0007639419404125,lys,nonsyn,True,nonada,nonada,nonada
1837CT,1837.0,CT,2,3,1,0.0007639419404125,rep,nonsyn,False,nonada,nonada,nonada
1837CT,1837.0,CT,3,3,1,0.0007639419404125,lys,nonsyn,True,nonada,nonada,nonada
1837CT,1837.0,CT,3,3,1,0.0007639419404125,rep,nonsyn,False,nonada,nonada,nonada
1838AG,1838.0,AG,1,10,1,0.0007639419404125,lys,nonsyn,False,nonada,nonada,nonada
1838AG,1838.0,AG,2,7,1,0.0007639419404125,lys,nonsyn,False,nonada,nonada,nonada
1839AG,1839.0,AG,1,7,2,0.001527883880825,rep,nonsyn,False,nonada,nonada,nonada
1839AG,1839.0,AG,2,3,1,0.0007639419404125,rep,nonsyn,False,nonada,nonada,nonada
183TC,183.0,TC,1,7,1,0.0007639419404125,mat,syn,False,nonada,nonada,nonada
183TC,183.0,TC,1,10,2,0.001527883880825,mat,syn,False,nonada,nonada,nonada
183TC,183.0,TC,2,3,1,0.0007639419404125,mat,syn,False,nonada,nonada,nonada
183TC,183.0,TC,3,3,1,0.0007639419404125,mat,syn,False,nonada,nonada,nonada
183TC,183.0,TC,3,10,3,0.0022918258212375,mat,syn,False,nonada,nonada,nonada
183TG,183.0,TG,2,3,1,0.0007639419404125,mat,syn,False,nonada,nonada,nonada
1840TC,1840.0,TC,1,10,1,0.0007639419404125,rep,nonsyn,False,nonada,nonada,nonada
1840TC,1840.0,TC,2,10,1,0.0007639419404125,rep,nonsyn,False,nonada,nonada,nonada
1840TG,1840.0,TG,2,3,1,0.0007639419404125,lys,nonsyn,False,nonada,nonada,nonada
1840TG,1840.0,TG,2,3,1,0.0007639419404125,rep,nonsyn,False,nonada,nonada,nonada
1841TC,1841.0,TC,2,3,1,0.0007639419404125,lys,nonsyn,False,nonada,nonada,nonada
1842GA,1842.0,GA,2,7,2,0.001527883880825,rep,nonsyn,False,nonada,nonada,nonada
1843CT,1843.0,CT,3,3,1,0.0007639419404125,lys,nonsyn,False,nonada,nonada,nonada
1843CT,1843.0,CT,3,3,1,0.0007639419404125,rep,nonsyn,False,nonada,nonada,nonada
1843CT,1843.0,CT,3,10,1,0.0007639419404125,lys,nonsyn,False,nonada,nonada,nonada
1843CT,1843.0,CT,3,10,1,0.0007639419404125,rep,nonsyn,False,nonada,nonada,nonada
1844TA,1844.0,TA,3,7,1,0.0007639419404125,lys,nonsyn,False,nonada,nonada,nonada
1844TC,1844.0,TC,3,3,1,0.0007639419404125,lys,nonsyn,False,nonada,nonada,nonada
1848GA,1848.0,GA,1,7,1,0.0007639419404125,rep,nonsyn,False,nonada,nonada,nonada
1848GA,1848.0,GA,1,10,2,0.001527883880825,rep,nonsyn,False,nonada,nonada,nonada
1848GA,1848.0,GA,2,7,2,0.001527883880825,rep,nonsyn,False,nonada,nonada,nonada
1848GA,1848.0,GA,3,3,1,0.0007639419404125,rep,nonsyn,False,nonada,nonada,nonada
1848GA,1848.0,GA,3,10,1,0.0007639419404125,rep,nonsyn,False,nonada,nonada,nonada
1849TC,1849.0,TC,1,7,1,0.0007639419404125,lys,nonsyn,False,nonada,nonada,nonada
1849TC,1849.0,TC,1,7,1,0.0007639419404125,rep,nonsyn,False,nonada,nonada,nonada
1849TC,1849.0,TC,2,3,1,0.0007639419404125,lys,nonsyn,False,nonada,nonada,nonada
1849TC,1849.0,TC,2,3,1,0.0007639419404125,rep,nonsyn,False,nonada,nonada,nonada
1849TC,1849.0,TC,2,7,2,0.001527883880825,lys,nonsyn,False,nonada,nonada,nonada
1849TC,1849.0,TC,2,7,2,0.001527883880825,rep,nonsyn,False,nonada,nonada,nonada
1849TC,1849.0,TC,2,10,1,0.0007639419404125,lys,nonsyn,False,nonada,nonada,nonada
1849TC,1849.0,TC,2,10,1,0.0007639419404125,rep,nonsyn,False,nonada,nonada,nonada
1849TC,1849.0,TC,3,7,1,0.0007639419404125,lys,nonsyn,False,nonada,nonada,nonada
1849TC,1849.0,TC,3,7,1,0.0007639419404125,rep,nonsyn,False,nonada,nonada,nonada
184CT,184.0,CT,1,3,1,0.0007639419404125,mat,nonsyn,False,nonada,nonada,nonada
184CT,184.0,CT,2,7,1,0.0007639419404125,mat,nonsyn,False,nonada,nonada,nonada
184CT,184.0,CT,2,10,1,0.0007639419404125,mat,nonsyn,False,nonada,nonada,nonada
1850CT,1850.0,CT,1,10,1,0.0007639419404125,lys,nonsyn,False,nonada,nonada,nonada
1850CT,1850.0,CT,2,7,2,0.001527883880825,lys,nonsyn,False,nonada,nonada,nonada
1851GA,1851.0,GA,1,10,1,0.0007639419404125,rep,nonsyn,False,nonada,nonada,nonada
1851GA,1851.0,GA,2,7,1,0.0007639419404125,rep,nonsyn,False,nonada,nonada,nonada
1851GT,1851.0,GT,1,7,1,0.0007639419404125,rep,nonsyn,False,nonada,nonada,nonada
1852CT,1852.0,CT,2,7,1,0.0007639419404125,rep,nonsyn,False,nonada,nonada,nonada
1854AG,1854.0,AG,1,7,1,0.0007639419404125,rep,nonsyn,False,nonada,nonada,nonada
1854AG,1854.0,AG,2,7,2,0.001527883880825,rep,nonsyn,False,nonada,nonada,nonada
1855CT,1855.0,CT,3,7,1,0.0007639419404125,rep,nonsyn,False,nonada,nonada,nonada
1856TA,1856.0,TA,3,3,1,0.0007639419404125,lys,nonsyn,False,nonada,nonada,nonada
1856TC,1856.0,TC,1,3,1,0.0007639419404125,lys,nonsyn,False,nonada,nonada,nonada
1856TG,1856.0,TG,3,10,1,0.0007639419404125,lys,nonsyn,False,nonada,nonada,nonada
1857GA,1857.0,GA,1,3,1,0.0007639419404125,rep,nonsyn,False,nonada,nonada,nonada
1857GA,1857.0,GA,1,7,1,0.0007639419404125,rep,nonsyn,False,nonada,nonada,nonada
1857GA,1857.0,GA,1,10,1,0.0007639419404125,rep,nonsyn,False,nonada,nonada,nonada
1857GA,1857.0,GA,3,10,1,0.0007639419404125,rep,nonsyn,False,nonada,nonada,nonada
1857GT,1857.0,GT,2,10,1,0.0007639419404125,rep,nonsyn,True,nonada,nonada,nonada
1858GA,1858.0,GA,2,3,1,0.0007639419404125,lys,nonsyn,False,nonada,nonada,nonada
1858GA,1858.0,GA,2,3,1,0.0007639419404125,rep,nonsyn,False,nonada,nonada,nonada
1858GA,1858.0,GA,3,3,1,0.0007639419404125,lys,nonsyn,False,nonada,nonada,nonada
1858GA,1858.0,GA,3,3,1,0.0007639419404125,rep,nonsyn,False,nonada,nonada,nonada
1858GA,1858.0,GA,3,10,1,0.0007639419404125,lys,nonsyn,False,nonada,nonada,nonada
1858GA,1858.0,GA,3,10,1,0.0007639419404125,rep,nonsyn,False,nonada,nonada,nonada
1858GT,1858.0,GT,1,7,1,0.0007639419404125,lys,nonsyn,True,nonada,nonada,nonada
1858GT,1858.0,GT,1,7,1,0.0007639419404125,rep,nonsyn,False,nonada,nonada,nonada
1858GT,1858.0,GT,2,3,1,0.0007639419404125,lys,nonsyn,True,nonada,nonada,nonada
1858GT,1858.0,GT,2,3,1,0.0007639419404125,rep,nonsyn,False,nonada,nonada,nonada
1858GT,1858.0,GT,2,7,1,0.0007639419404125,lys,nonsyn,True,nonada,nonada,nonada
1858GT,1858.0,GT,2,7,1,0.0007639419404125,rep,nonsyn,False,nonada,nonada,nonada
1858GT,1858.0,GT,2,10,1,0.0007639419404125,lys,nonsyn,True,nonada,nonada,nonada
1858GT,1858.0,GT,2,10,1,0.0007639419404125,rep,nonsyn,False,nonada,nonada,nonada
1858GT,1858.0,GT,3,7,1,0.0007639419404125,lys,nonsyn,True,nonada,nonada,nonada
1858GT,1858.0,GT,3,7,1,0.0007639419404125,rep,nonsyn,False,nonada,nonada,nonada
1858GT,1858.0,GT,3,10,2,0.001527883880825,lys,nonsyn,True,nonada,nonada,nonada
1858GT,1858.0,GT,3,10,2,0.001527883880825,rep,nonsyn,False,nonada,nonada,nonada
1859AG,1859.0,AG,1,7,2,0.001527883880825,lys,nonsyn,False,nonada,nonada,nonada
185GA,185.0,GA,2,3,1,0.0007639419404125,mat,nonsyn,False,nonada,nonada,nonada
185GA,185.0,GA,3,10,1,0.0007639419404125,mat,nonsyn,False,nonada,nonada,nonada
185GT,185.0,GT,2,3,1,0.0007639419404125,mat,nonsyn,False,nonada,nonada,nonada
1860AG,1860.0,AG,1,3,2,0.001527883880825,rep,nonsyn,False,nonada,nonada,nonada
1860AT,1860.0,AT,3,7,1,0.0007639419404125,lys,nonsyn,False,nonada,nonada,nonada
1860AT,1860.0,AT,3,7,1,0.0007639419404125,rep,nonsyn,False,nonada,nonada,nonada
1861GA,1861.0,GA,1,3,1,0.0007639419404125,lys,nonsyn,False,nonada,nonada,nonada
1861GA,1861.0,GA,1,3,1,0.0007639419404125,rep,nonsyn,False,nonada,nonada,nonada
1861GA,1861.0,GA,2,3,1,0.0007639419404125,lys,nonsyn,False,nonada,nonada,nonada
1861GA,1861.0,GA,2,3,1,0.0007639419404125,rep,nonsyn,False,nonada,nonada,nonada
1861GA,1861.0,GA,2,10,1,0.0007639419404125,lys,nonsyn,False,nonada,nonada,nonada
1861GA,1861.0,GA,2,10,1,0.0007639419404125,rep,nonsyn,False,nonada,nonada,nonada
1861GA,1861.0,GA,3,7,1,0.0007639419404125,lys,nonsyn,False,nonada,nonada,nonada
1861GA,1861.0,GA,3,7,1,0.0007639419404125,rep,nonsyn,False,nonada,nonada,nonada
1862CG,1862.0,CG,3,7,1,0.0007639419404125,lys,nonsyn,False,nonada,nonada,nonada
1862CG,1862.0,CG,3,7,1,0.0007639419404125,rep,nonsyn,False,nonada,nonada,nonada
1862CT,1862.0,CT,2,10,1,0.0007639419404125,lys,nonsyn,False,nonada,nonada,nonada
1862CT,1862.0,CT,3,3,1,0.0007639419404125,lys,nonsyn,False,nonada,nonada,nonada
1863GA,1863.0,GA,2,3,1,0.0007639419404125,rep,nonsyn,False,nonada,nonada,nonada
1864GA,1864.0,GA,1,7,2,0.001527883880825,lys,nonsyn,False,nonada,nonada,nonada
1864GA,1864.0,GA,1,7,2,0.001527883880825,rep,nonsyn,False,nonada,nonada,nonada
1864GA,1864.0,GA,1,10,1,0.0007639419404125,lys,nonsyn,False,nonada,nonada,nonada
1864GA,1864.0,GA,1,10,1,0.0007639419404125,rep,nonsyn,False,nonada,nonada,nonada
1864GA,1864.0,GA,2,3,1,0.0007639419404125,lys,nonsyn,False,nonada,nonada,nonada
1864GA,1864.0,GA,2,3,1,0.0007639419404125,rep,nonsyn,False,nonada,nonada,nonada
1864GA,1864.0,GA,3,10,1,0.0007639419404125,lys,nonsyn,False,nonada,nonada,nonada
1864GA,1864.0,GA,3,10,1,0.0007639419404125,rep,nonsyn,False,nonada,nonada,nonada
1865TC,1865.0,TC,2,3,1,0.0007639419404125,lys,nonsyn,False,nonada,nonada,nonada
1865TC,1865.0,TC,2,10,1,0.0007639419404125,lys,nonsyn,False,nonada,nonada,nonada
1865TG,1865.0,TG,2,3,1,0.0007639419404125,lys,nonsyn,False,nonada,nonada,nonada
1866GA,1866.0,GA,1,3,1,0.0007639419404125,rep,nonsyn,False,nonada,nonada,nonada
1866GA,1866.0,GA,1,7,2,0.001527883880825,rep,nonsyn,False,nonada,nonada,nonada
1866GA,1866.0,GA,1,10,1,0.0007639419404125,rep,nonsyn,False,nonada,nonada,nonada
1866GA,1866.0,GA,2,3,2,0.001527883880825,rep,nonsyn,False,nonada,nonada,nonada
1866GA,1866.0,GA,2,7,2,0.001527883880825,rep,nonsyn,False,nonada,nonada,nonada
1866GA,1866.0,GA,2,10,7,0.0053475935828877,rep,nonsyn,False,nonada,nonada,nonada
1866GA,1866.0,GA,3,7,1,0.0007639419404125,rep,nonsyn,False,nonada,nonada,nonada
1866GA,1866.0,GA,3,10,1,0.0007639419404125,rep,nonsyn,False,nonada,nonada,nonada
1866GT,1866.0,GT,1,10,1,0.0007639419404125,rep,nonsyn,False,nonada,nonada,nonada
1866GT,1866.0,GT,3,7,1,0.0007639419404125,rep,nonsyn,False,nonada,nonada,nonada
1867AG,1867.0,AG,1,10,2,0.001527883880825,lys,nonsyn,False,nonada,nonada,nonada
1867AG,1867.0,AG,1,10,2,0.001527883880825,rep,nonsyn,False,nonada,nonada,nonada
1868TC,1868.0,TC,1,7,1,0.0007639419404125,lys,nonsyn,False,nonada,nonada,nonada
1868TC,1868.0,TC,2,3,1,0.0007639419404125,lys,nonsyn,False,nonada,nonada,nonada
1868TC,1868.0,TC,2,10,1,0.0007639419404125,lys,nonsyn,False,nonada,nonada,nonada
1868TC,1868.0,TC,3,3,1,0.0007639419404125,lys,nonsyn,False,nonada,nonada,nonada
1868TC,1868.0,TC,3,7,1,0.0007639419404125,lys,nonsyn,False,nonada,nonada,nonada
186CT,186.0,CT,2,7,2,0.001527883880825,mat,syn,False,nonada,nonada,nonada
186CT,186.0,CT,3,3,1,0.0007639419404125,mat,syn,False,nonada,nonada,nonada
186CT,186.0,CT,3,10,1,0.0007639419404125,mat,syn,False,nonada,nonada,nonada
1870CT,1870.0,CT,1,3,1,0.0007639419404125,lys,nonsyn,False,nonada,nonada,nonada
1870CT,1870.0,CT,1,3,1,0.0007639419404125,rep,nonsyn,False,nonada,nonada,nonada
1870CT,1870.0,CT,1,7,1,0.0007639419404125,lys,nonsyn,False,nonada,nonada,nonada
1870CT,1870.0,CT,1,7,1,0.0007639419404125,rep,nonsyn,False,nonada,nonada,nonada
1870CT,1870.0,CT,2,7,1,0.0007639419404125,lys,nonsyn,False,nonada,nonada,nonada
1870CT,1870.0,CT,2,7,1,0.0007639419404125,rep,nonsyn,False,nonada,nonada,nonada
1871GA,1871.0,GA,1,3,1,0.0007639419404125,lys,nonsyn,False,nonada,nonada,nonada
1871GA,1871.0,GA,1,7,3,0.0022918258212375,lys,nonsyn,False,nonada,nonada,nonada
1871GA,1871.0,GA,2,3,1,0.0007639419404125,lys,nonsyn,False,nonada,nonada,nonada
1871GA,1871.0,GA,2,7,1,0.0007639419404125,lys,nonsyn,False,nonada,nonada,nonada
1871GA,1871.0,GA,2,10,1,0.0007639419404125,lys,nonsyn,False,nonada,nonada,nonada
1871GA,1871.0,GA,3,10,2,0.001527883880825,lys,nonsyn,False,nonada,nonada,nonada
1871GC,1871.0,GC,1,3,1,0.0007639419404125,lys,nonsyn,False,nonada,nonada,nonada
1872CA,1872.0,CA,1,7,1,0.0007639419404125,rep,nonsyn,False,nonada,nonada,nonada
1872CT,1872.0,CT,1,10,1,0.0007639419404125,rep,nonsyn,False,nonada,nonada,nonada
1873AG,1873.0,AG,2,10,1,0.0007639419404125,lys,nonsyn,False,nonada,nonada,nonada
1873AG,1873.0,AG,2,10,1,0.0007639419404125,rep,nonsyn,False,nonada,nonada,nonada
1873AG,1873.0,AG,3,10,1,0.0007639419404125,lys,nonsyn,False,nonada,nonada,nonada
1873AG,1873.0,AG,3,10,1,0.0007639419404125,rep,nonsyn,False,nonada,nonada,nonada
1873AT,1873.0,AT,1,7,1,0.0007639419404125,lys,nonsyn,False,nonada,nonada,nonada
1873AT,1873.0,AT,1,7,1,0.0007639419404125,rep,nonsyn,False,nonada,nonada,nonada
1874CT,1874.0,CT,1,3,1,0.0007639419404125,lys,nonsyn,False,nonada,nonada,nonada
1874CT,1874.0,CT,2,3,1,0.0007639419404125,lys,nonsyn,False,nonada,nonada,nonada
1874CT,1874.0,CT,3,10,1,0.0007639419404125,lys,nonsyn,False,nonada,nonada,nonada
1875AT,1875.0,AT,2,7,1,0.0007639419404125,rep,nonsyn,False,nonada,nonada,nonada
1876GA,1876.0,GA,1,3,1,0.0007639419404125,lys,nonsyn,False,nonada,nonada,nonada
1876GA,1876.0,GA,1,3,1,0.0007639419404125,rep,nonsyn,False,nonada,nonada,nonada
1876GA,1876.0,GA,2,7,1,0.0007639419404125,lys,nonsyn,False,nonada,nonada,nonada
1876GA,1876.0,GA,2,7,1,0.0007639419404125,rep,nonsyn,False,nonada,nonada,nonada
1876GA,1876.0,GA,2,10,1,0.0007639419404125,lys,nonsyn,False,nonada,nonada,nonada
1876GA,1876.0,GA,2,10,1,0.0007639419404125,rep,nonsyn,False,nonada,nonada,nonada
1876GA,1876.0,GA,3,7,1,0.0007639419404125,lys,nonsyn,False,nonada,nonada,nonada
1876GA,1876.0,GA,3,7,1,0.0007639419404125,rep,nonsyn,False,nonada,nonada,nonada
1877TC,1877.0,TC,2,10,1,0.0007639419404125,lys,nonsyn,False,nonada,nonada,nonada
1877TC,1877.0,TC,3,3,1,0.0007639419404125,lys,nonsyn,False,nonada,nonada,nonada
1877TC,1877.0,TC,3,10,1,0.0007639419404125,lys,nonsyn,False,nonada,nonada,nonada
1877TG,1877.0,TG,3,10,1,0.0007639419404125,lys,nonsyn,False,nonada,nonada,nonada
1877TG,1877.0,TG,3,10,1,0.0007639419404125,rep,nonsyn,False,nonada,nonada,nonada
1878GA,1878.0,GA,1,3,1,0.0007639419404125,rep,nonsyn,False,nonada,nonada,nonada
1878GA,1878.0,GA,1,10,1,0.0007639419404125,rep,nonsyn,False,nonada,nonada,nonada
1878GA,1878.0,GA,2,3,1,0.0007639419404125,rep,nonsyn,False,nonada,nonada,nonada
1878GA,1878.0,GA,2,10,1,0.0007639419404125,rep,nonsyn,False,nonada,nonada,nonada
1879AG,1879.0,AG,1,3,1,0.0007639419404125,lys,nonsyn,False,nonada,nonada,nonada
1879AG,1879.0,AG,1,3,1,0.0007639419404125,rep,nonsyn,False,nonada,nonada,nonada
1879AG,1879.0,AG,2,10,1,0.0007639419404125,lys,nonsyn,False,nonada,nonada,nonada
1879AG,1879.0,AG,2,10,1,0.0007639419404125,rep,nonsyn,False,nonada,nonada,nonada
1879AG,1879.0,AG,3,10,1,0.0007639419404125,lys,nonsyn,False,nonada,nonada,nonada
1879AG,1879.0,AG,3,10,1,0.0007639419404125,rep,nonsyn,False,nonada,nonada,nonada
187GA,187.0,GA,1,3,2,0.001527883880825,mat,nonsyn,False,nonada,nonada,nonada
187GA,187.0,GA,1,7,1,0.0007639419404125,mat,nonsyn,False,nonada,nonada,nonada
187GT,187.0,GT,2,7,1,0.0007639419404125,mat,nonsyn,False,nonada,nonada,nonada
187GT,187.0,GT,2,10,1,0.0007639419404125,mat,nonsyn,False,nonada,nonada,nonada
1880CA,1880.0,CA,3,10,1,0.0007639419404125,lys,nonsyn,False,nonada,nonada,nonada
1880CA,1880.0,CA,3,10,1,0.0007639419404125,rep,nonsyn,False,nonada,nonada,nonada
1880CT,1880.0,CT,1,3,1,0.0007639419404125,lys,nonsyn,False,nonada,nonada,nonada
1880CT,1880.0,CT,1,7,1,0.0007639419404125,lys,nonsyn,False,nonada,nonada,nonada
1880CT,1880.0,CT,1,10,2,0.001527883880825,lys,nonsyn,False,nonada,nonada,nonada
1880CT,1880.0,CT,3,7,1,0.0007639419404125,lys,nonsyn,False,nonada,nonada,nonada
1881GA,1881.0,GA,2,7,1,0.0007639419404125,rep,nonsyn,False,nonada,nonada,nonada
1881GA,1881.0,GA,3,3,1,0.0007639419404125,rep,nonsyn,False,nonada,nonada,nonada
1881GA,1881.0,GA,3,10,1,0.0007639419404125,rep,nonsyn,False,nonada,nonada,nonada
1882AG,1882.0,AG,2,3,1,0.0007639419404125,lys,nonsyn,False,nonada,nonada,nonada
1882AG,1882.0,AG,2,3,1,0.0007639419404125,rep,nonsyn,False,nonada,nonada,nonada
1882AG,1882.0,AG,2,7,1,0.0007639419404125,lys,nonsyn,False,nonada,nonada,nonada
1882AG,1882.0,AG,2,7,1,0.0007639419404125,rep,nonsyn,False,nonada,nonada,nonada
1882AG,1882.0,AG,2,10,1,0.0007639419404125,lys,nonsyn,False,nonada,nonada,nonada
1882AG,1882.0,AG,2,10,1,0.0007639419404125,rep,nonsyn,False,nonada,nonada,nonada
1883CT,1883.0,CT,1,3,5,0.0038197097020626,lys,nonsyn,False,nonada,nonada,nonada
1883CT,1883.0,CT,1,7,6,0.0045836516424751,lys,nonsyn,False,nonada,nonada,nonada
1883CT,1883.0,CT,1,10,4,0.0030557677616501,lys,nonsyn,False,nonada,nonada,nonada
1883CT,1883.0,CT,2,3,8,0.0061115355233002,lys,nonsyn,False,nonada,nonada,nonada
1883CT,1883.0,CT,2,7,2,0.001527883880825,lys,nonsyn,False,nonada,nonada,nonada
1883CT,1883.0,CT,2,10,4,0.0030557677616501,lys,nonsyn,False,nonada,nonada,nonada
1883CT,1883.0,CT,3,3,8,0.0061115355233002,lys,nonsyn,False,nonada,nonada,nonada
1883CT,1883.0,CT,3,7,5,0.0038197097020626,lys,nonsyn,False,nonada,nonada,nonada
1883CT,1883.0,CT,3,10,10,0.0076394194041252,lys,nonsyn,False,nonada,nonada,nonada
1884TC,1884.0,TC,2,3,1,0.0007639419404125,rep,nonsyn,False,nonada,nonada,nonada
1884TG,1884.0,TG,1,10,1,0.0007639419404125,rep,nonsyn,False,nonada,nonada,nonada
1886TC,1886.0,TC,2,7,1,0.0007639419404125,lys,nonsyn,False,nonada,nonada,nonada
1886TC,1886.0,TC,3,3,1,0.0007639419404125,lys,nonsyn,False,nonada,nonada,nonada
1886TC,1886.0,TC,3,7,1,0.0007639419404125,lys,nonsyn,False,nonada,nonada,nonada
1887AG,1887.0,AG,3,7,1,0.0007639419404125,rep,nonsyn,False,nonada,nonada,nonada
1887AT,1887.0,AT,3,3,1,0.0007639419404125,lys,nonsyn,False,nonada,nonada,nonada
1887AT,1887.0,AT,3,3,1,0.0007639419404125,rep,nonsyn,False,nonada,nonada,nonada
1889AG,1889.0,AG,3,3,1,0.0007639419404125,lys,nonsyn,False,nonada,nonada,nonada
1889AT,1889.0,AT,3,7,1,0.0007639419404125,lys,nonsyn,False,nonada,nonada,nonada
188TA,188.0,TA,2,3,1,0.0007639419404125,mat,nonsyn,False,nonada,nonada,nonada
188TC,188.0,TC,1,3,1,0.0007639419404125,mat,nonsyn,False,nonada,nonada,nonada
188TC,188.0,TC,2,10,1,0.0007639419404125,mat,nonsyn,False,nonada,nonada,nonada
188TC,188.0,TC,3,7,2,0.001527883880825,mat,nonsyn,False,nonada,nonada,nonada
188TC,188.0,TC,3,10,1,0.0007639419404125,mat,nonsyn,False,nonada,nonada,nonada
1890GA,1890.0,GA,3,3,3,0.0022918258212375,rep,nonsyn,False,nonada,nonada,nonada
1890GA,1890.0,GA,3,10,1,0.0007639419404125,rep,nonsyn,False,nonada,nonada,nonada
1890GT,1890.0,GT,3,10,1,0.0007639419404125,lys,nonsyn,False,nonada,nonada,nonada
1890GT,1890.0,GT,3,10,1,0.0007639419404125,rep,nonsyn,False,nonada,nonada,nonada
1891CT,1891.0,CT,1,7,2,0.001527883880825,lys,nonsyn,True,nonada,nonada,nonada
1891CT,1891.0,CT,1,7,2,0.001527883880825,rep,nonsyn,False,nonada,nonada,nonada
1891CT,1891.0,CT,3,3,1,0.0007639419404125,lys,nonsyn,True,nonada,nonada,nonada
1891CT,1891.0,CT,3,3,1,0.0007639419404125,rep,nonsyn,False,nonada,nonada,nonada
1891CT,1891.0,CT,3,7,1,0.0007639419404125,lys,nonsyn,True,nonada,nonada,nonada
1891CT,1891.0,CT,3,7,1,0.0007639419404125,rep,nonsyn,False,nonada,nonada,nonada
1892AG,1892.0,AG,1,3,1,0.0007639419404125,lys,nonsyn,False,nonada,nonada,nonada
1892AG,1892.0,AG,2,3,1,0.0007639419404125,lys,nonsyn,False,nonada,nonada,nonada
1892AG,1892.0,AG,2,7,1,0.0007639419404125,lys,nonsyn,False,nonada,nonada,nonada
1893AG,1893.0,AG,2,3,1,0.0007639419404125,rep,nonsyn,False,nonada,nonada,nonada
1893AG,1893.0,AG,3,3,1,0.0007639419404125,rep,nonsyn,False,nonada,nonada,nonada
1893AG,1893.0,AG,3,7,1,0.0007639419404125,rep,nonsyn,False,nonada,nonada,nonada
1894TC,1894.0,TC,2,7,1,0.0007639419404125,rep,nonsyn,False,nonada,nonada,nonada
1894TG,1894.0,TG,2,3,1,0.0007639419404125,lys,nonsyn,False,nonada,nonada,nonada
1894TG,1894.0,TG,2,3,1,0.0007639419404125,rep,nonsyn,False,nonada,nonada,nonada
1894TG,1894.0,TG,3,3,1,0.0007639419404125,lys,nonsyn,False,nonada,nonada,nonada
1894TG,1894.0,TG,3,3,1,0.0007639419404125,rep,nonsyn,False,nonada,nonada,nonada
1894TG,1894.0,TG,3,7,1,0.0007639419404125,lys,nonsyn,False,nonada,nonada,nonada
1894TG,1894.0,TG,3,7,1,0.0007639419404125,rep,nonsyn,False,nonada,nonada,nonada
1895TC,1895.0,TC,1,10,1,0.0007639419404125,lys,nonsyn,False,nonada,nonada,nonada
1895TG,1895.0,TG,1,3,1,0.0007639419404125,lys,nonsyn,False,nonada,nonada,nonada
1895TG,1895.0,TG,1,3,1,0.0007639419404125,rep,nonsyn,False,nonada,nonada,nonada
1895TG,1895.0,TG,3,7,1,0.0007639419404125,lys,nonsyn,False,nonada,nonada,nonada
1895TG,1895.0,TG,3,7,1,0.0007639419404125,rep,nonsyn,False,nonada,nonada,nonada
1896GA,1896.0,GA,1,7,1,0.0007639419404125,rep,nonsyn,False,nonada,nonada,nonada
1896GA,1896.0,GA,1,10,1,0.0007639419404125,rep,nonsyn,False,nonada,nonada,nonada
1896GA,1896.0,GA,2,3,1,0.0007639419404125,rep,nonsyn,False,nonada,nonada,nonada
1896GA,1896.0,GA,2,10,1,0.0007639419404125,rep,nonsyn,False,nonada,nonada,nonada
1897CT,1897.0,CT,1,10,1,0.0007639419404125,lys,nonsyn,False,nonada,nonada,nonada
1897CT,1897.0,CT,1,10,1,0.0007639419404125,rep,nonsyn,False,nonada,nonada,nonada
1897CT,1897.0,CT,3,10,1,0.0007639419404125,lys,nonsyn,False,nonada,nonada,nonada
1897CT,1897.0,CT,3,10,1,0.0007639419404125,rep,nonsyn,False,nonada,nonada,nonada
1898TC,1898.0,TC,1,3,1,0.0007639419404125,lys,nonsyn,False,nonada,nonada,nonada
1898TC,1898.0,TC,1,7,1,0.0007639419404125,lys,nonsyn,False,nonada,nonada,nonada
1899TC,1899.0,TC,1,3,1,0.0007639419404125,rep,nonsyn,False,nonada,nonada,nonada
1899TC,1899.0,TC,1,7,1,0.0007639419404125,rep,nonsyn,False,nonada,nonada,nonada
1899TC,1899.0,TC,1,10,2,0.001527883880825,rep,nonsyn,False,nonada,nonada,nonada
1899TC,1899.0,TC,2,7,2,0.001527883880825,rep,nonsyn,False,nonada,nonada,nonada
189TA,189.0,TA,1,10,1,0.0007639419404125,mat,syn,False,nonada,nonada,nonada
189TC,189.0,TC,1,3,1,0.0007639419404125,mat,syn,False,nonada,nonada,nonada
189TC,189.0,TC,3,3,1,0.0007639419404125,mat,syn,False,nonada,nonada,nonada
1902TA,1902.0,TA,1,3,1,0.0007639419404125,rep,nonsyn,False,nonada,nonada,nonada
1903TC,1903.0,TC,2,10,1,0.0007639419404125,lys,nonsyn,True,nonada,nonada,nonada
1903TC,1903.0,TC,2,10,1,0.0007639419404125,rep,nonsyn,False,nonada,nonada,nonada
1903TG,1903.0,TG,2,7,1,0.0007639419404125,lys,nonsyn,True,nonada,nonada,nonada
1903TG,1903.0,TG,2,7,1,0.0007639419404125,rep,nonsyn,True,nonada,nonada,nonada
1905AG,1905.0,AG,1,7,1,0.0007639419404125,rep,nonsyn,False,nonada,nonada,nonada
1905AG,1905.0,AG,2,10,1,0.0007639419404125,rep,nonsyn,False,nonada,nonada,nonada
1906GA,1906.0,GA,2,7,2,0.001527883880825,rep,nonsyn,False,nonada,nonada,nonada
1906GA,1906.0,GA,2,10,1,0.0007639419404125,rep,nonsyn,False,nonada,nonada,nonada
1907GA,1907.0,GA,1,3,1,0.0007639419404125,rep,syn,False,nonada,nonada,nonada
1907GA,1907.0,GA,1,7,1,0.0007639419404125,rep,syn,False,nonada,nonada,nonada
1907GA,1907.0,GA,1,10,4,0.0030557677616501,rep,syn,False,nonada,nonada,nonada
1907GA,1907.0,GA,2,3,1,0.0007639419404125,rep,syn,False,nonada,nonada,nonada
1907GA,1907.0,GA,2,10,2,0.001527883880825,rep,syn,False,nonada,nonada,nonada
1908GA,1908.0,GA,1,10,1,0.0007639419404125,rep,nonsyn,False,nonada,nonada,nonada
1908GA,1908.0,GA,2,7,3,0.0022918258212375,rep,nonsyn,False,nonada,nonada,nonada
1908GA,1908.0,GA,3,3,2,0.001527883880825,rep,nonsyn,False,nonada,nonada,nonada
1908GA,1908.0,GA,3,10,1,0.0007639419404125,rep,nonsyn,False,nonada,nonada,nonada
1908GC,1908.0,GC,3,3,1,0.0007639419404125,rep,nonsyn,False,nonada,nonada,nonada
190TA,190.0,TA,3,10,1,0.0007639419404125,mat,nonsyn,False,nonada,nonada,nonada
190TC,190.0,TC,2,3,1,0.0007639419404125,mat,nonsyn,False,nonada,nonada,nonada
190TC,190.0,TC,3,10,1,0.0007639419404125,mat,nonsyn,False,nonada,nonada,nonada
1910CT,1910.0,CT,2,7,1,0.0007639419404125,rep,syn,False,nonada,nonada,nonada
1910CT,1910.0,CT,3,7,1,0.0007639419404125,rep,syn,False,nonada,nonada,nonada
1911GA,1911.0,GA,1,3,1,0.0007639419404125,rep,nonsyn,False,nonada,nonada,nonada
1911GA,1911.0,GA,2,3,2,0.001527883880825,rep,nonsyn,False,nonada,nonada,nonada
1911GA,1911.0,GA,2,7,1,0.0007639419404125,rep,nonsyn,False,nonada,nonada,nonada
1911GA,1911.0,GA,2,10,1,0.0007639419404125,rep,nonsyn,False,nonada,nonada,nonada
1911GT,1911.0,GT,1,7,1,0.0007639419404125,rep,nonsyn,True,nonada,nonada,nonada
1912AG,1912.0,AG,2,3,1,0.0007639419404125,rep,nonsyn,False,nonada,nonada,nonada
1912AG,1912.0,AG,2,7,2,0.001527883880825,rep,nonsyn,False,nonada,nonada,nonada
1912AG,1912.0,AG,3,3,1,0.0007639419404125,rep,nonsyn,False,nonada,nonada,nonada
1912AG,1912.0,AG,3,10,1,0.0007639419404125,rep,nonsyn,False,nonada,nonada,nonada
1912AT,1912.0,AT,2,3,1,0.0007639419404125,rep,nonsyn,False,nonada,nonada,nonada
1913AG,1913.0,AG,1,7,1,0.0007639419404125,rep,syn,False,nonada,nonada,nonada
1913AT,1913.0,AT,1,3,1,0.0007639419404125,rep,nonsyn,False,nonada,nonada,nonada
1914TC,1914.0,TC,1,7,1,0.0007639419404125,rep,syn,False,nonada,nonada,nonada
1914TC,1914.0,TC,1,10,1,0.0007639419404125,rep,syn,False,nonada,nonada,nonada
1915TC,1915.0,TC,3,7,1,0.0007639419404125,rep,nonsyn,False,nonada,nonada,nonada
1916GA,1916.0,GA,2,3,1,0.0007639419404125,rep,syn,False,nonada,nonada,nonada
1916GA,1916.0,GA,2,7,1,0.0007639419404125,rep,syn,False,nonada,nonada,nonada
1916GT,1916.0,GT,3,7,1,0.0007639419404125,rep,nonsyn,False,nonada,nonada,nonada
1917CT,1917.0,CT,3,7,1,0.0007639419404125,rep,nonsyn,False,nonada,nonada,nonada
1917CT,1917.0,CT,3,10,1,0.0007639419404125,rep,nonsyn,False,nonada,nonada,nonada
1918TC,1918.0,TC,2,10,1,0.0007639419404125,rep,nonsyn,False,nonada,nonada,nonada
1919CT,1919.0,CT,1,10,1,0.0007639419404125,rep,syn,False,nonada,nonada,nonada
1919CT,1919.0,CT,2,7,2,0.001527883880825,rep,syn,False,nonada,nonada,nonada
1919CT,1919.0,CT,2,10,3,0.0022918258212375,rep,syn,False,nonada,nonada,nonada
1919CT,1919.0,CT,3,7,1,0.0007639419404125,rep,syn,False,nonada,nonada,nonada
1919CT,1919.0,CT,3,10,2,0.001527883880825,rep,syn,False,nonada,nonada,nonada
191AG,191.0,AG,3,7,1,0.0007639419404125,mat,nonsyn,False,nonada,nonada,nonada
191AT,191.0,AT,3,3,1,0.0007639419404125,mat,nonsyn,False,nonada,nonada,nonada
1920AG,1920.0,AG,1,10,1,0.0007639419404125,rep,nonsyn,False,nonada,nonada,nonada
1920AT,1920.0,AT,2,7,1,0.0007639419404125,rep,nonsyn,False,nonada,nonada,nonada
1921CT,1921.0,CT,2,3,1,0.0007639419404125,rep,nonsyn,False,nonada,nonada,nonada
1921CT,1921.0,CT,2,7,2,0.001527883880825,rep,nonsyn,False,nonada,nonada,nonada
1921CT,1921.0,CT,3,3,2,0.001527883880825,rep,nonsyn,False,nonada,nonada,nonada
1921CT,1921.0,CT,3,10,1,0.0007639419404125,rep,nonsyn,False,nonada,nonada,nonada
1922AG,1922.0,AG,1,3,1,0.0007639419404125,rep,syn,False,nonada,nonada,nonada
1922AG,1922.0,AG,2,7,1,0.0007639419404125,rep,syn,False,nonada,nonada,nonada
1922AG,1922.0,AG,2,10,1,0.0007639419404125,rep,syn,False,nonada,nonada,nonada
1922AG,1922.0,AG,3,7,1,0.0007639419404125,rep,syn,False,nonada,nonada,nonada
1922AT,1922.0,AT,3,3,1,0.0007639419404125,rep,syn,False,nonada,nonada,nonada
1923AG,1923.0,AG,1,10,1,0.0007639419404125,rep,nonsyn,False,nonada,nonada,nonada
1924AG,1924.0,AG,1,3,1,0.0007639419404125,rep,nonsyn,False,nonada,nonada,nonada
1924AG,1924.0,AG,1,10,1,0.0007639419404125,rep,nonsyn,False,nonada,nonada,nonada
1924AG,1924.0,AG,2,10,1,0.0007639419404125,rep,nonsyn,False,nonada,nonada,nonada
1924AG,1924.0,AG,3,7,1,0.0007639419404125,rep,nonsyn,False,nonada,nonada,nonada
1925GA,1925.0,GA,1,3,1,0.0007639419404125,rep,syn,False,nonada,nonada,nonada
1925GA,1925.0,GA,3,3,1,0.0007639419404125,rep,syn,False,nonada,nonada,nonada
1925GT,1925.0,GT,2,3,1,0.0007639419404125,rep,nonsyn,False,nonada,nonada,nonada
1926CT,1926.0,CT,3,10,1,0.0007639419404125,rep,nonsyn,False,nonada,nonada,nonada
1928TC,1928.0,TC,1,3,1,0.0007639419404125,rep,syn,False,nonada,nonada,nonada
1928TC,1928.0,TC,2,7,2,0.001527883880825,rep,syn,False,nonada,nonada,nonada
1929CT,1929.0,CT,2,3,1,0.0007639419404125,rep,nonsyn,False,nonada,nonada,nonada
1929CT,1929.0,CT,3,3,1,0.0007639419404125,rep,nonsyn,False,nonada,nonada,nonada
192CT,192.0,CT,1,10,2,0.001527883880825,mat,syn,False,nonada,nonada,nonada
192CT,192.0,CT,2,3,1,0.0007639419404125,mat,syn,False,nonada,nonada,nonada
192CT,192.0,CT,2,7,1,0.0007639419404125,mat,syn,False,nonada,nonada,nonada
192CT,192.0,CT,3,3,1,0.0007639419404125,mat,syn,False,nonada,nonada,nonada
192CT,192.0,CT,3,7,3,0.0022918258212375,mat,syn,False,nonada,nonada,nonada
192CT,192.0,CT,3,10,2,0.001527883880825,mat,syn,False,nonada,nonada,nonada
1930CA,1930.0,CA,1,3,1,0.0007639419404125,rep,nonsyn,False,nonada,nonada,nonada
1930CT,1930.0,CT,2,7,1,0.0007639419404125,rep,nonsyn,False,nonada,nonada,nonada
1931GA,1931.0,GA,1,10,1,0.0007639419404125,rep,syn,False,nonada,nonada,nonada
1931GA,1931.0,GA,3,7,1,0.0007639419404125,rep,syn,False,nonada,nonada,nonada
1932AT,1932.0,AT,2,10,1,0.0007639419404125,rep,nonsyn,False,nonada,nonada,nonada
1933CT,1933.0,CT,2,10,1,0.0007639419404125,rep,nonsyn,False,nonada,nonada,nonada
1933CT,1933.0,CT,3,7,1,0.0007639419404125,rep,nonsyn,False,nonada,nonada,nonada
1934CT,1934.0,CT,1,3,1,0.0007639419404125,rep,syn,False,nonada,nonada,nonada
1935TC,1935.0,TC,1,7,1,0.0007639419404125,rep,syn,False,nonada,nonada,nonada
1935TC,1935.0,TC,2,3,1,0.0007639419404125,rep,syn,False,nonada,nonada,nonada
1935TC,1935.0,TC,2,10,2,0.001527883880825,rep,syn,False,nonada,nonada,nonada
1935TG,1935.0,TG,1,7,1,0.0007639419404125,rep,nonsyn,False,nonada,nonada,nonada
1935TG,1935.0,TG,3,10,1,0.0007639419404125,rep,nonsyn,False,nonada,nonada,nonada
1937AG,1937.0,AG,1,7,1,0.0007639419404125,rep,syn,False,nonada,nonada,nonada
1937AG,1937.0,AG,2,3,1,0.0007639419404125,rep,syn,False,nonada,nonada,nonada
1938GA,1938.0,GA,2,7,1,0.0007639419404125,rep,nonsyn,False,nonada,nonada,nonada
1938GA,1938.0,GA,2,10,2,0.001527883880825,rep,nonsyn,False,nonada,nonada,nonada
1938GA,1938.0,GA,3,3,1,0.0007639419404125,rep,nonsyn,False,nonada,nonada,nonada
1938GC,1938.0,GC,1,7,1,0.0007639419404125,rep,nonsyn,False,nonada,nonada,nonada
1939GA,1939.0,GA,1,7,1,0.0007639419404125,rep,nonsyn,False,nonada,nonada,nonada
1939GA,1939.0,GA,2,3,1,0.0007639419404125,rep,nonsyn,False,nonada,nonada,nonada
1939GA,1939.0,GA,3,7,1,0.0007639419404125,rep,nonsyn,False,nonada,nonada,nonada
1939GA,1939.0,GA,3,10,1,0.0007639419404125,rep,nonsyn,False,nonada,nonada,nonada
1939GT,1939.0,GT,1,10,1,0.0007639419404125,rep,nonsyn,False,nonada,nonada,nonada
1939GT,1939.0,GT,2,10,1,0.0007639419404125,rep,nonsyn,False,nonada,nonada,nonada
1940TC,1940.0,TC,1,7,1,0.0007639419404125,rep,syn,False,nonada,nonada,nonada
1940TC,1940.0,TC,2,3,1,0.0007639419404125,rep,syn,False,nonada,nonada,nonada
1940TC,1940.0,TC,2,7,2,0.001527883880825,rep,syn,False,nonada,nonada,nonada
1940TC,1940.0,TC,2,10,1,0.0007639419404125,rep,syn,False,nonada,nonada,nonada
1940TC,1940.0,TC,3,3,1,0.0007639419404125,rep,syn,False,nonada,nonada,nonada
1940TC,1940.0,TC,3,10,1,0.0007639419404125,rep,syn,False,nonada,nonada,nonada
1940TG,1940.0,TG,1,7,1,0.0007639419404125,rep,syn,False,nonada,nonada,nonada
1941TC,1941.0,TC,3,3,1,0.0007639419404125,rep,nonsyn,False,nonada,nonada,nonada
1942CA,1942.0,CA,2,10,1,0.0007639419404125,rep,nonsyn,False,nonada,nonada,nonada
1942CT,1942.0,CT,3,7,1,0.0007639419404125,rep,nonsyn,False,nonada,nonada,nonada
1943TA,1943.0,TA,3,10,1,0.0007639419404125,rep,syn,False,nonada,nonada,nonada
1943TC,1943.0,TC,1,7,1,0.0007639419404125,rep,syn,False,nonada,nonada,nonada
1943TC,1943.0,TC,2,3,1,0.0007639419404125,rep,syn,False,nonada,nonada,nonada
1943TC,1943.0,TC,2,7,4,0.0030557677616501,rep,syn,False,nonada,nonada,nonada
1943TC,1943.0,TC,2,10,2,0.001527883880825,rep,syn,False,nonada,nonada,nonada
1943TG,1943.0,TG,1,3,1,0.0007639419404125,rep,syn,False,nonada,nonada,nonada
1944GA,1944.0,GA,1,7,1,0.0007639419404125,rep,nonsyn,False,nonada,nonada,nonada
1944GA,1944.0,GA,2,3,1,0.0007639419404125,rep,nonsyn,False,nonada,nonada,nonada
1944GA,1944.0,GA,2,7,1,0.0007639419404125,rep,nonsyn,False,nonada,nonada,nonada
1944GA,1944.0,GA,2,10,1,0.0007639419404125,rep,nonsyn,False,nonada,nonada,nonada
1944GA,1944.0,GA,3,7,1,0.0007639419404125,rep,nonsyn,False,nonada,nonada,nonada
1944GA,1944.0,GA,3,10,2,0.001527883880825,rep,nonsyn,False,nonada,nonada,nonada
1944GT,1944.0,GT,1,7,1,0.0007639419404125,rep,nonsyn,False,nonada,nonada,nonada
1945GA,1945.0,GA,2,7,1,0.0007639419404125,rep,nonsyn,False,nonada,nonada,nonada
1945GA,1945.0,GA,3,7,1,0.0007639419404125,rep,nonsyn,False,nonada,nonada,nonada
1946TC,1946.0,TC,1,7,3,0.0022918258212375,rep,syn,False,nonada,nonada,nonada
1946TC,1946.0,TC,2,7,1,0.0007639419404125,rep,syn,False,nonada,nonada,nonada
1946TC,1946.0,TC,3,3,1,0.0007639419404125,rep,syn,False,nonada,nonada,nonada
1946TC,1946.0,TC,3,7,2,0.001527883880825,rep,syn,False,nonada,nonada,nonada
1947AG,1947.0,AG,2,3,1,0.0007639419404125,rep,nonsyn,False,nonada,nonada,nonada
1947AG,1947.0,AG,3,3,2,0.001527883880825,rep,nonsyn,False,nonada,nonada,nonada
1948AG,1948.0,AG,1,10,1,0.0007639419404125,rep,nonsyn,False,nonada,nonada,nonada
1949TC,1949.0,TC,1,3,1,0.0007639419404125,rep,syn,False,nonada,nonada,nonada
1949TC,1949.0,TC,1,7,1,0.0007639419404125,rep,syn,False,nonada,nonada,nonada
1949TC,1949.0,TC,1,10,3,0.0022918258212375,rep,syn,False,nonada,nonada,nonada
1949TC,1949.0,TC,3,7,1,0.0007639419404125,rep,syn,False,nonada,nonada,nonada
194CT,194.0,CT,3,7,1,0.0007639419404125,mat,nonsyn,False,nonada,nonada,nonada
194CT,194.0,CT,3,10,1,0.0007639419404125,mat,nonsyn,False,nonada,nonada,nonada
1950GA,1950.0,GA,1,3,2,0.001527883880825,rep,nonsyn,False,nonada,nonada,nonada
1950GA,1950.0,GA,1,7,2,0.001527883880825,rep,nonsyn,False,nonada,nonada,nonada
1950GA,1950.0,GA,1,10,3,0.0022918258212375,rep,nonsyn,False,nonada,nonada,nonada
1950GA,1950.0,GA,2,3,1,0.0007639419404125,rep,nonsyn,False,nonada,nonada,nonada
1950GA,1950.0,GA,2,7,2,0.001527883880825,rep,nonsyn,False,nonada,nonada,nonada
1950GA,1950.0,GA,2,10,4,0.0030557677616501,rep,nonsyn,False,nonada,nonada,nonada
1950GA,1950.0,GA,3,3,3,0.0022918258212375,rep,nonsyn,False,nonada,nonada,nonada
1950GA,1950.0,GA,3,7,2,0.001527883880825,rep,nonsyn,False,nonada,nonada,nonada
1950GA,1950.0,GA,3,10,2,0.001527883880825,rep,nonsyn,False,nonada,nonada,nonada
1951AG,1951.0,AG,2,3,1,0.0007639419404125,rep,nonsyn,False,nonada,nonada,nonada
1951AG,1951.0,AG,2,7,1,0.0007639419404125,rep,nonsyn,False,nonada,nonada,nonada
1951AT,1951.0,AT,3,7,1,0.0007639419404125,rep,nonsyn,False,nonada,nonada,nonada
1952CA,1952.0,CA,2,7,1,0.0007639419404125,rep,nonsyn,False,nonada,nonada,nonada
1952CA,1952.0,CA,3,3,1,0.0007639419404125,rep,nonsyn,False,nonada,nonada,nonada
1952CT,1952.0,CT,1,10,1,0.0007639419404125,rep,syn,False,nonada,nonada,nonada
1952CT,1952.0,CT,2,3,1,0.0007639419404125,rep,syn,False,nonada,nonada,nonada
1952CT,1952.0,CT,3,10,1,0.0007639419404125,rep,syn,False,nonada,nonada,nonada
1954AG,1954.0,AG,3,3,1,0.0007639419404125,rep,nonsyn,False,nonada,nonada,nonada
1955GA,1955.0,GA,1,3,1,0.0007639419404125,rep,syn,False,nonada,nonada,nonada
1955GT,1955.0,GT,1,3,1,0.0007639419404125,rep,nonsyn,False,nonada,nonada,nonada
1956GA,1956.0,GA,1,10,1,0.0007639419404125,rep,nonsyn,False,nonada,nonada,nonada
1956GA,1956.0,GA,2,3,2,0.001527883880825,rep,nonsyn,False,nonada,nonada,nonada
1956GA,1956.0,GA,3,3,1,0.0007639419404125,rep,nonsyn,False,nonada,nonada,nonada
1956GA,1956.0,GA,3,7,1,0.0007639419404125,rep,nonsyn,False,nonada,nonada,nonada
1957CT,1957.0,CT,1,7,1,0.0007639419404125,rep,nonsyn,False,nonada,nonada,nonada
1957CT,1957.0,CT,2,3,1,0.0007639419404125,rep,nonsyn,False,nonada,nonada,nonada
1957CT,1957.0,CT,3,7,1,0.0007639419404125,rep,nonsyn,False,nonada,nonada,nonada
1958GA,1958.0,GA,2,3,2,0.001527883880825,rep,syn,False,nonada,nonada,nonada
1958GA,1958.0,GA,2,7,1,0.0007639419404125,rep,syn,False,nonada,nonada,nonada
1958GA,1958.0,GA,2,10,1,0.0007639419404125,rep,syn,False,nonada,nonada,nonada
1958GA,1958.0,GA,3,3,1,0.0007639419404125,rep,syn,False,nonada,nonada,nonada
1959AT,1959.0,AT,3,3,1,0.0007639419404125,rep,nonsyn,False,nonada,nonada,nonada
195GA,195.0,GA,1,7,1,0.0007639419404125,mat,syn,False,nonada,nonada,nonada
195GA,195.0,GA,2,10,1,0.0007639419404125,mat,syn,False,nonada,nonada,nonada
1960CA,1960.0,CA,1,3,1,0.0007639419404125,rep,nonsyn,False,nonada,nonada,nonada
1960CA,1960.0,CA,2,7,1,0.0007639419404125,rep,nonsyn,False,nonada,nonada,nonada
1960CA,1960.0,CA,3,7,2,0.001527883880825,rep,nonsyn,False,nonada,nonada,nonada
1960CT,1960.0,CT,3,10,2,0.001527883880825,rep,nonsyn,False,nonada,nonada,nonada
1961CT,1961.0,CT,2,7,2,0.001527883880825,rep,syn,False,nonada,nonada,nonada
1961CT,1961.0,CT,3,7,1,0.0007639419404125,rep,syn,False,nonada,nonada,nonada
1962CT,1962.0,CT,1,3,2,0.001527883880825,rep,nonsyn,False,nonada,nonada,nonada
1963GA,1963.0,GA,1,3,1,0.0007639419404125,rep,nonsyn,False,nonada,nonada,nonada
1963GA,1963.0,GA,3,7,2,0.001527883880825,rep,nonsyn,False,nonada,nonada,nonada
1963GA,1963.0,GA,3,10,1,0.0007639419404125,rep,nonsyn,False,nonada,nonada,nonada
1964TC,1964.0,TC,1,10,2,0.001527883880825,rep,syn,False,nonada,nonada,nonada
1964TC,1964.0,TC,2,10,1,0.0007639419404125,rep,syn,False,nonada,nonada,nonada
1964TC,1964.0,TC,3,3,1,0.0007639419404125,rep,syn,False,nonada,nonada,nonada
1964TC,1964.0,TC,3,7,2,0.001527883880825,rep,syn,False,nonada,nonada,nonada
1965CT,1965.0,CT,2,10,1,0.0007639419404125,rep,nonsyn,False,nonada,nonada,nonada
1965CT,1965.0,CT,3,10,1,0.0007639419404125,rep,nonsyn,False,nonada,nonada,nonada
1966GA,1966.0,GA,1,7,1,0.0007639419404125,rep,nonsyn,False,nonada,nonada,nonada
1966GA,1966.0,GA,1,10,1,0.0007639419404125,rep,nonsyn,False,nonada,nonada,nonada
1966GT,1966.0,GT,3,10,1,0.0007639419404125,rep,nonsyn,False,nonada,nonada,nonada
1967TC,1967.0,TC,1,10,1,0.0007639419404125,rep,syn,False,nonada,nonada,nonada
1967TC,1967.0,TC,3,3,1,0.0007639419404125,rep,syn,False,nonada,nonada,nonada
1967TG,1967.0,TG,2,7,1,0.0007639419404125,rep,syn,False,nonada,nonada,nonada
1968AG,1968.0,AG,3,3,2,0.001527883880825,rep,nonsyn,False,nonada,nonada,nonada
1968AG,1968.0,AG,3,10,1,0.0007639419404125,rep,nonsyn,False,nonada,nonada,nonada
1969CA,1969.0,CA,2,10,1,0.0007639419404125,rep,nonsyn,False,nonada,nonada,nonada
1969CT,1969.0,CT,1,10,2,0.001527883880825,rep,nonsyn,False,nonada,nonada,nonada
1969CT,1969.0,CT,2,10,1,0.0007639419404125,rep,nonsyn,False,nonada,nonada,nonada
1969CT,1969.0,CT,3,3,2,0.001527883880825,rep,nonsyn,False,nonada,nonada,nonada
1969CT,1969.0,CT,3,10,1,0.0007639419404125,rep,nonsyn,False,nonada,nonada,nonada
196GA,196.0,GA,1,3,1,0.0007639419404125,mat,nonsyn,False,nonada,nonada,nonada
196GA,196.0,GA,1,10,1,0.0007639419404125,mat,nonsyn,False,nonada,nonada,nonada
196GA,196.0,GA,2,7,3,0.0022918258212375,mat,nonsyn,False,nonada,nonada,nonada
196GA,196.0,GA,3,3,2,0.001527883880825,mat,nonsyn,False,nonada,nonada,nonada
196GT,196.0,GT,1,3,1,0.0007639419404125,mat,nonsyn,False,nonada,nonada,nonada
1970CT,1970.0,CT,2,10,1,0.0007639419404125,rep,syn,False,nonada,nonada,nonada
1970CT,1970.0,CT,3,3,2,0.001527883880825,rep,syn,False,nonada,nonada,nonada
1971TC,1971.0,TC,1,7,1,0.0007639419404125,rep,syn,False,nonada,nonada,nonada
1971TC,1971.0,TC,2,10,1,0.0007639419404125,rep,syn,False,nonada,nonada,nonada
1972TC,1972.0,TC,1,10,1,0.0007639419404125,rep,nonsyn,False,nonada,nonada,nonada
1972TC,1972.0,TC,3,10,1,0.0007639419404125,rep,nonsyn,False,nonada,nonada,nonada
1973AG,1973.0,AG,1,10,2,0.001527883880825,rep,syn,False,nonada,nonada,nonada
1973AG,1973.0,AG,2,10,1,0.0007639419404125,rep,syn,False,nonada,nonada,nonada
1973AG,1973.0,AG,3,3,2,0.001527883880825,rep,syn,False,nonada,nonada,nonada
1973AG,1973.0,AG,3,7,1,0.0007639419404125,rep,syn,False,nonada,nonada,nonada
1974GA,1974.0,GA,2,7,1,0.0007639419404125,rep,nonsyn,False,nonada,nonada,nonada
1974GA,1974.0,GA,2,10,1,0.0007639419404125,rep,nonsyn,False,nonada,nonada,nonada
1974GA,1974.0,GA,3,7,1,0.0007639419404125,rep,nonsyn,False,nonada,nonada,nonada
1975CT,1975.0,CT,1,10,2,0.001527883880825,rep,nonsyn,False,nonada,nonada,nonada
1976TC,1976.0,TC,1,3,1,0.0007639419404125,rep,syn,False,nonada,nonada,nonada
1976TC,1976.0,TC,1,10,1,0.0007639419404125,rep,syn,False,nonada,nonada,nonada
1976TC,1976.0,TC,2,10,1,0.0007639419404125,rep,syn,False,nonada,nonada,nonada
1976TC,1976.0,TC,3,10,1,0.0007639419404125,rep,syn,False,nonada,nonada,nonada
1977AG,1977.0,AG,1,10,1,0.0007639419404125,rep,nonsyn,False,nonada,nonada,nonada
1978TA,1978.0,TA,1,10,1,0.0007639419404125,rep,nonsyn,False,nonada,nonada,nonada
1978TA,1978.0,TA,3,3,1,0.0007639419404125,rep,nonsyn,False,nonada,nonada,nonada
1978TG,1978.0,TG,3,7,1,0.0007639419404125,rep,nonsyn,False,nonada,nonada,nonada
1979CT,1979.0,CT,1,7,2,0.001527883880825,rep,syn,False,nonada,nonada,nonada
1979CT,1979.0,CT,1,10,1,0.0007639419404125,rep,syn,False,nonada,nonada,nonada
1979CT,1979.0,CT,2,3,1,0.0007639419404125,rep,syn,False,nonada,nonada,nonada
1979CT,1979.0,CT,2,7,1,0.0007639419404125,rep,syn,False,nonada,nonada,nonada
1979CT,1979.0,CT,2,10,3,0.0022918258212375,rep,syn,False,nonada,nonada,nonada
1979CT,1979.0,CT,3,3,1,0.0007639419404125,rep,syn,False,nonada,nonada,nonada
197AG,197.0,AG,1,7,1,0.0007639419404125,mat,nonsyn,False,nonada,nonada,nonada
197AG,197.0,AG,3,7,1,0.0007639419404125,mat,nonsyn,False,nonada,nonada,nonada
1980GA,1980.0,GA,1,3,1,0.0007639419404125,rep,nonsyn,False,nonada,nonada,nonada
1980GA,1980.0,GA,1,7,3,0.0022918258212375,rep,nonsyn,False,nonada,nonada,nonada
1980GA,1980.0,GA,3,3,1,0.0007639419404125,rep,nonsyn,False,nonada,nonada,nonada
1980GA,1980.0,GA,3,10,1,0.0007639419404125,rep,nonsyn,False,nonada,nonada,nonada
1980GT,1980.0,GT,3,3,1,0.0007639419404125,rep,nonsyn,False,nonada,nonada,nonada
1981CT,1981.0,CT,1,10,1,0.0007639419404125,rep,nonsyn,False,nonada,nonada,nonada
1981CT,1981.0,CT,3,3,2,0.001527883880825,rep,nonsyn,False,nonada,nonada,nonada
1981CT,1981.0,CT,3,10,1,0.0007639419404125,rep,nonsyn,False,nonada,nonada,nonada
1982TC,1982.0,TC,1,3,1,0.0007639419404125,rep,syn,False,nonada,nonada,nonada
1984AC,1984.0,AC,2,10,1,0.0007639419404125,rep,nonsyn,False,nonada,nonada,nonada
1984AG,1984.0,AG,1,3,1,0.0007639419404125,rep,nonsyn,False,nonada,nonada,nonada
1984AG,1984.0,AG,1,10,1,0.0007639419404125,rep,nonsyn,False,nonada,nonada,nonada
1984AT,1984.0,AT,3,7,1,0.0007639419404125,rep,nonsyn,False,nonada,nonada,nonada
1985GA,1985.0,GA,1,7,2,0.001527883880825,rep,syn,False,nonada,nonada,nonada
1985GA,1985.0,GA,3,7,1,0.0007639419404125,rep,syn,False,nonada,nonada,nonada
1986CT,1986.0,CT,1,7,2,0.001527883880825,rep,syn,False,nonada,nonada,nonada
1986CT,1986.0,CT,1,10,4,0.0030557677616501,rep,syn,False,nonada,nonada,nonada
1986CT,1986.0,CT,2,7,1,0.0007639419404125,rep,syn,False,nonada,nonada,nonada
1986CT,1986.0,CT,2,10,2,0.001527883880825,rep,syn,False,nonada,nonada,nonada
1986CT,1986.0,CT,3,7,1,0.0007639419404125,rep,syn,False,nonada,nonada,nonada
1988AG,1988.0,AG,1,3,1,0.0007639419404125,rep,syn,False,nonada,nonada,nonada
1988AG,1988.0,AG,1,7,1,0.0007639419404125,rep,syn,False,nonada,nonada,nonada
1989CG,1989.0,CG,3,7,1,0.0007639419404125,rep,nonsyn,False,nonada,nonada,nonada
1989CT,1989.0,CT,2,3,1,0.0007639419404125,rep,nonsyn,False,nonada,nonada,nonada
1989CT,1989.0,CT,3,10,1,0.0007639419404125,rep,nonsyn,False,nonada,nonada,nonada
198CT,198.0,CT,1,7,1,0.0007639419404125,mat,syn,False,nonada,nonada,nonada
198CT,198.0,CT,1,10,1,0.0007639419404125,mat,syn,False,nonada,nonada,nonada
198CT,198.0,CT,2,3,1,0.0007639419404125,mat,syn,False,nonada,nonada,nonada
198CT,198.0,CT,2,10,1,0.0007639419404125,mat,syn,False,nonada,nonada,nonada
198CT,198.0,CT,3,7,2,0.001527883880825,mat,syn,False,nonada,nonada,nonada
1990GA,1990.0,GA,1,7,1,0.0007639419404125,rep,nonsyn,False,nonada,nonada,nonada
1990GA,1990.0,GA,1,10,2,0.001527883880825,rep,nonsyn,False,nonada,nonada,nonada
1990GA,1990.0,GA,2,3,1,0.0007639419404125,rep,nonsyn,False,nonada,nonada,nonada
1990GA,1990.0,GA,2,10,1,0.0007639419404125,rep,nonsyn,False,nonada,nonada,nonada
1990GA,1990.0,GA,3,3,1,0.0007639419404125,rep,nonsyn,False,nonada,nonada,nonada
1990GA,1990.0,GA,3,7,1,0.0007639419404125,rep,nonsyn,False,nonada,nonada,nonada
1991GA,1991.0,GA,1,3,2,0.001527883880825,rep,syn,False,nonada,nonada,nonada
1991GA,1991.0,GA,1,7,1,0.0007639419404125,rep,syn,False,nonada,nonada,nonada
1991GA,1991.0,GA,2,3,1,0.0007639419404125,rep,syn,False,nonada,nonada,nonada
1991GA,1991.0,GA,2,7,3,0.0022918258212375,rep,syn,False,nonada,nonada,nonada
1991GA,1991.0,GA,2,10,2,0.001527883880825,rep,syn,False,nonada,nonada,nonada
1991GA,1991.0,GA,3,7,1,0.0007639419404125,rep,syn,False,nonada,nonada,nonada
1991GA,1991.0,GA,3,10,2,0.001527883880825,rep,syn,False,nonada,nonada,nonada
1992GA,1992.0,GA,1,7,1,0.0007639419404125,rep,nonsyn,False,nonada,nonada,nonada
1992GA,1992.0,GA,1,10,2,0.001527883880825,rep,nonsyn,False,nonada,nonada,nonada
1992GA,1992.0,GA,2,10,1,0.0007639419404125,rep,nonsyn,False,nonada,nonada,nonada
1992GA,1992.0,GA,3,3,1,0.0007639419404125,rep,nonsyn,False,nonada,nonada,nonada
1992GA,1992.0,GA,3,10,1,0.0007639419404125,rep,nonsyn,False,nonada,nonada,nonada
1993AG,1993.0,AG,3,3,2,0.001527883880825,rep,nonsyn,False,nonada,nonada,nonada
1994GA,1994.0,GA,2,3,2,0.001527883880825,rep,syn,False,nonada,nonada,nonada
1994GA,1994.0,GA,2,7,3,0.0022918258212375,rep,syn,False,nonada,nonada,nonada
1994GA,1994.0,GA,2,10,1,0.0007639419404125,rep,syn,False,nonada,nonada,nonada
1994GA,1994.0,GA,3,3,1,0.0007639419404125,rep,syn,False,nonada,nonada,nonada
1995GA,1995.0,GA,1,7,1,0.0007639419404125,rep,nonsyn,False,nonada,nonada,nonada
1995GA,1995.0,GA,1,10,1,0.0007639419404125,rep,nonsyn,False,nonada,nonada,nonada
1995GA,1995.0,GA,2,3,1,0.0007639419404125,rep,nonsyn,False,nonada,nonada,nonada
1995GA,1995.0,GA,2,7,1,0.0007639419404125,rep,nonsyn,False,nonada,nonada,nonada
1995GA,1995.0,GA,2,10,1,0.0007639419404125,rep,nonsyn,False,nonada,nonada,nonada
1995GA,1995.0,GA,3,3,1,0.0007639419404125,rep,nonsyn,False,nonada,nonada,nonada
1995GT,1995.0,GT,1,3,1,0.0007639419404125,rep,nonsyn,False,nonada,nonada,nonada
1996CT,1996.0,CT,2,10,1,0.0007639419404125,rep,nonsyn,False,nonada,nonada,nonada
1997GA,1997.0,GA,1,7,1,0.0007639419404125,rep,syn,False,nonada,nonada,nonada
1997GA,1997.0,GA,3,7,1,0.0007639419404125,rep,syn,False,nonada,nonada,nonada
1997GA,1997.0,GA,3,10,1,0.0007639419404125,rep,syn,False,nonada,nonada,nonada
1999AC,1999.0,AC,2,3,1,0.0007639419404125,rep,nonsyn,False,nonada,nonada,nonada
1999AG,1999.0,AG,1,3,1,0.0007639419404125,rep,nonsyn,False,nonada,nonada,nonada
199GA,199.0,GA,2,7,1,0.0007639419404125,mat,nonsyn,False,nonada,nonada,nonada
199GA,199.0,GA,3,3,1,0.0007639419404125,mat,nonsyn,False,nonada,nonada,nonada
199GA,199.0,GA,3,7,1,0.0007639419404125,mat,nonsyn,False,nonada,nonada,nonada
2000TC,2000.0,TC,1,3,1,0.0007639419404125,rep,syn,False,nonada,nonada,nonada
2000TC,2000.0,TC,2,3,1,0.0007639419404125,rep,syn,False,nonada,nonada,nonada
2000TC,2000.0,TC,3,10,1,0.0007639419404125,rep,syn,False,nonada,nonada,nonada
2001GA,2001.0,GA,1,7,1,0.0007639419404125,rep,nonsyn,False,nonada,nonada,nonada
2001GA,2001.0,GA,2,3,1,0.0007639419404125,rep,nonsyn,False,nonada,nonada,nonada
2001GA,2001.0,GA,2,7,1,0.0007639419404125,rep,nonsyn,False,nonada,nonada,nonada
2001GA,2001.0,GA,3,3,1,0.0007639419404125,rep,nonsyn,False,nonada,nonada,nonada
2001GA,2001.0,GA,3,7,2,0.001527883880825,rep,nonsyn,False,nonada,nonada,nonada
2001GA,2001.0,GA,3,10,1,0.0007639419404125,rep,nonsyn,False,nonada,nonada,nonada
2001GT,2001.0,GT,1,10,1,0.0007639419404125,rep,nonsyn,False,nonada,nonada,nonada
2002AG,2002.0,AG,3,10,2,0.001527883880825,rep,nonsyn,False,nonada,nonada,nonada
2003TC,2003.0,TC,2,10,1,0.0007639419404125,rep,syn,False,nonada,nonada,nonada
2003TC,2003.0,TC,3,3,2,0.001527883880825,rep,syn,False,nonada,nonada,nonada
2004CA,2004.0,CA,3,10,1,0.0007639419404125,rep,syn,False,nonada,nonada,nonada
2004CT,2004.0,CT,1,7,2,0.001527883880825,rep,nonsyn,False,nonada,nonada,nonada
2004CT,2004.0,CT,2,3,2,0.001527883880825,rep,nonsyn,False,nonada,nonada,nonada
2005GA,2005.0,GA,2,7,2,0.001527883880825,rep,nonsyn,False,nonada,nonada,nonada
2005GA,2005.0,GA,3,3,1,0.0007639419404125,rep,nonsyn,False,nonada,nonada,nonada
2005GA,2005.0,GA,3,7,1,0.0007639419404125,rep,nonsyn,False,nonada,nonada,nonada
2005GA,2005.0,GA,3,10,1,0.0007639419404125,rep,nonsyn,False,nonada,nonada,nonada
2005GT,2005.0,GT,2,10,1,0.0007639419404125,rep,nonsyn,False,nonada,nonada,nonada
2006GA,2006.0,GA,1,3,2,0.001527883880825,rep,syn,False,nonada,nonada,nonada
2006GA,2006.0,GA,1,7,2,0.001527883880825,rep,syn,False,nonada,nonada,nonada
2006GA,2006.0,GA,1,10,1,0.0007639419404125,rep,syn,False,nonada,nonada,nonada
2006GA,2006.0,GA,2,3,1,0.0007639419404125,rep,syn,False,nonada,nonada,nonada
2006GA,2006.0,GA,2,7,1,0.0007639419404125,rep,syn,False,nonada,nonada,nonada
2006GA,2006.0,GA,3,7,1,0.0007639419404125,rep,syn,False,nonada,nonada,nonada
2007TC,2007.0,TC,3,3,1,0.0007639419404125,rep,nonsyn,False,nonada,nonada,nonada
2008GA,2008.0,GA,1,10,1,0.0007639419404125,rep,nonsyn,False,nonada,nonada,nonada
2008GA,2008.0,GA,3,7,1,0.0007639419404125,rep,nonsyn,False,nonada,nonada,nonada
2008GA,2008.0,GA,3,10,1,0.0007639419404125,rep,nonsyn,False,nonada,nonada,nonada
2009CT,2009.0,CT,1,3,2,0.001527883880825,rep,syn,False,nonada,nonada,nonada
2009CT,2009.0,CT,1,7,1,0.0007639419404125,rep,syn,False,nonada,nonada,nonada
2009CT,2009.0,CT,1,10,1,0.0007639419404125,rep,syn,False,nonada,nonada,nonada
2009CT,2009.0,CT,2,3,1,0.0007639419404125,rep,syn,False,nonada,nonada,nonada
2009CT,2009.0,CT,2,7,2,0.001527883880825,rep,syn,False,nonada,nonada,nonada
2009CT,2009.0,CT,2,10,1,0.0007639419404125,rep,syn,False,nonada,nonada,nonada
2009CT,2009.0,CT,3,3,1,0.0007639419404125,rep,syn,False,nonada,nonada,nonada
2009CT,2009.0,CT,3,10,1,0.0007639419404125,rep,syn,False,nonada,nonada,nonada
200GA,200.0,GA,2,3,1,0.0007639419404125,mat,nonsyn,False,nonada,nonada,nonada
2010GA,2010.0,GA,1,3,1,0.0007639419404125,rep,nonsyn,False,nonada,nonada,nonada
2010GA,2010.0,GA,1,10,1,0.0007639419404125,rep,nonsyn,False,nonada,nonada,nonada
2010GA,2010.0,GA,2,10,1,0.0007639419404125,rep,nonsyn,False,nonada,nonada,nonada
2010GA,2010.0,GA,3,3,2,0.001527883880825,rep,nonsyn,False,nonada,nonada,nonada
2010GA,2010.0,GA,3,7,1,0.0007639419404125,rep,nonsyn,False,nonada,nonada,nonada
2010GC,2010.0,GC,1,10,1,0.0007639419404125,rep,nonsyn,False,nonada,nonada,nonada
2010GC,2010.0,GC,2,7,1,0.0007639419404125,rep,nonsyn,False,nonada,nonada,nonada
2010GC,2010.0,GC,2,10,2,0.001527883880825,rep,nonsyn,False,nonada,nonada,nonada
2010GC,2010.0,GC,3,3,1,0.0007639419404125,rep,nonsyn,False,nonada,nonada,nonada
2010GC,2010.0,GC,3,10,1,0.0007639419404125,rep,nonsyn,False,nonada,nonada,nonada
2010GT,2010.0,GT,1,7,1,0.0007639419404125,rep,nonsyn,False,nonada,nonada,nonada
2011GA,2011.0,GA,3,3,2,0.001527883880825,rep,nonsyn,False,nonada,nonada,nonada
2012TC,2012.0,TC,1,7,1,0.0007639419404125,rep,syn,False,nonada,nonada,nonada
2012TC,2012.0,TC,1,10,1,0.0007639419404125,rep,syn,False,nonada,nonada,nonada
2012TC,2012.0,TC,3,10,1,0.0007639419404125,rep,syn,False,nonada,nonada,nonada
2013CA,2013.0,CA,3,10,1,0.0007639419404125,rep,nonsyn,False,nonada,nonada,nonada
2013CT,2013.0,CT,2,7,1,0.0007639419404125,rep,nonsyn,True,nonada,nonada,nonada
2014AG,2014.0,AG,1,10,1,0.0007639419404125,rep,nonsyn,False,nonada,nonada,nonada
2014AG,2014.0,AG,3,3,1,0.0007639419404125,rep,nonsyn,False,nonada,nonada,nonada
2015GA,2015.0,GA,1,3,2,0.001527883880825,rep,syn,False,nonada,nonada,nonada
2015GA,2015.0,GA,2,7,1,0.0007639419404125,rep,syn,False,nonada,nonada,nonada
2015GT,2015.0,GT,3,3,1,0.0007639419404125,rep,nonsyn,False,nonada,nonada,nonada
2016AG,2016.0,AG,1,10,1,0.0007639419404125,rep,nonsyn,False,nonada,nonada,nonada
2016AG,2016.0,AG,3,10,1,0.0007639419404125,rep,nonsyn,False,nonada,nonada,nonada
2016AT,2016.0,AT,1,10,1,0.0007639419404125,rep,nonsyn,False,nonada,nonada,nonada
2016AT,2016.0,AT,2,7,1,0.0007639419404125,rep,nonsyn,False,nonada,nonada,nonada
2017TC,2017.0,TC,1,10,1,0.0007639419404125,rep,nonsyn,False,nonada,nonada,nonada
2018AG,2018.0,AG,1,3,1,0.0007639419404125,rep,nonsyn,False,nonada,nonada,nonada
2018AT,2018.0,AT,3,7,1,0.0007639419404125,rep,syn,False,nonada,nonada,nonada
2019AG,2019.0,AG,2,3,1,0.0007639419404125,rep,nonsyn,False,nonada,nonada,nonada
201TA,201.0,TA,2,10,1,0.0007639419404125,mat,syn,False,nonada,nonada,nonada
201TC,201.0,TC,1,7,1,0.0007639419404125,mat,syn,False,nonada,nonada,nonada
201TC,201.0,TC,1,10,2,0.001527883880825,mat,syn,False,nonada,nonada,nonada
201TC,201.0,TC,2,10,1,0.0007639419404125,mat,syn,False,nonada,nonada,nonada
201TC,201.0,TC,3,7,1,0.0007639419404125,mat,syn,False,nonada,nonada,nonada
201TC,201.0,TC,3,10,1,0.0007639419404125,mat,syn,False,nonada,nonada,nonada
201TG,201.0,TG,2,7,1,0.0007639419404125,mat,syn,False,nonada,nonada,nonada
2021TC,2021.0,TC,1,10,1,0.0007639419404125,rep,syn,False,nonada,nonada,nonada
2021TC,2021.0,TC,2,7,2,0.001527883880825,rep,syn,False,nonada,nonada,nonada
2021TC,2021.0,TC,3,10,2,0.001527883880825,rep,syn,False,nonada,nonada,nonada
2023GA,2023.0,GA,1,10,1,0.0007639419404125,rep,nonsyn,False,nonada,nonada,nonada
2023GA,2023.0,GA,2,10,1,0.0007639419404125,rep,nonsyn,False,nonada,nonada,nonada
2024AC,2024.0,AC,3,3,1,0.0007639419404125,rep,nonsyn,False,nonada,nonada,nonada
2024AG,2024.0,AG,1,10,1,0.0007639419404125,rep,syn,False,nonada,nonada,nonada
2024AT,2024.0,AT,3,3,1,0.0007639419404125,rep,nonsyn,False,nonada,nonada,nonada
2024AT,2024.0,AT,3,10,1,0.0007639419404125,rep,nonsyn,False,nonada,nonada,nonada
2025GA,2025.0,GA,1,3,1,0.0007639419404125,rep,nonsyn,False,nonada,nonada,nonada
2025GA,2025.0,GA,1,7,1,0.0007639419404125,rep,nonsyn,False,nonada,nonada,nonada
2025GA,2025.0,GA,2,7,1,0.0007639419404125,rep,nonsyn,False,nonada,nonada,nonada
2025GA,2025.0,GA,3,3,1,0.0007639419404125,rep,nonsyn,False,nonada,nonada,nonada
2025GC,2025.0,GC,3,10,1,0.0007639419404125,rep,nonsyn,False,nonada,nonada,nonada
2026AG,2026.0,AG,2,3,2,0.001527883880825,rep,nonsyn,False,nonada,nonada,nonada
2026AT,2026.0,AT,1,10,1,0.0007639419404125,rep,nonsyn,False,nonada,nonada,nonada
2027AG,2027.0,AG,1,7,1,0.0007639419404125,rep,syn,False,nonada,nonada,nonada
2027AG,2027.0,AG,2,3,1,0.0007639419404125,rep,syn,False,nonada,nonada,nonada
2028GA,2028.0,GA,1,7,1,0.0007639419404125,rep,nonsyn,False,nonada,nonada,nonada
2028GA,2028.0,GA,2,10,1,0.0007639419404125,rep,nonsyn,False,nonada,nonada,nonada
2028GA,2028.0,GA,3,3,1,0.0007639419404125,rep,nonsyn,False,nonada,nonada,nonada
2028GA,2028.0,GA,3,10,2,0.001527883880825,rep,nonsyn,False,nonada,nonada,nonada
2029GA,2029.0,GA,1,10,1,0.0007639419404125,rep,nonsyn,False,nonada,nonada,nonada
2029GA,2029.0,GA,2,10,1,0.0007639419404125,rep,nonsyn,False,nonada,nonada,nonada
2029GA,2029.0,GA,3,7,1,0.0007639419404125,rep,nonsyn,False,nonada,nonada,nonada
2029GT,2029.0,GT,1,3,3,0.0022918258212375,rep,nonsyn,False,nonada,nonada,nonada
2029GT,2029.0,GT,1,7,2,0.001527883880825,rep,nonsyn,False,nonada,nonada,nonada
2029GT,2029.0,GT,1,10,1,0.0007639419404125,rep,nonsyn,False,nonada,nonada,nonada
2029GT,2029.0,GT,2,3,2,0.001527883880825,rep,nonsyn,False,nonada,nonada,nonada
2029GT,2029.0,GT,2,10,1,0.0007639419404125,rep,nonsyn,False,nonada,nonada,nonada
2029GT,2029.0,GT,3,7,3,0.0022918258212375,rep,nonsyn,False,nonada,nonada,nonada
2029GT,2029.0,GT,3,10,2,0.001527883880825,rep,nonsyn,False,nonada,nonada,nonada
202GA,202.0,GA,1,3,1,0.0007639419404125,mat,nonsyn,False,nonada,nonada,nonada
202GA,202.0,GA,1,7,1,0.0007639419404125,mat,nonsyn,False,nonada,nonada,nonada
202GA,202.0,GA,1,10,1,0.0007639419404125,mat,nonsyn,False,nonada,nonada,nonada
202GA,202.0,GA,2,7,1,0.0007639419404125,mat,nonsyn,False,nonada,nonada,nonada
202GA,202.0,GA,3,7,2,0.001527883880825,mat,nonsyn,False,nonada,nonada,nonada
202GA,202.0,GA,3,10,2,0.001527883880825,mat,nonsyn,False,nonada,nonada,nonada
2030TC,2030.0,TC,3,7,1,0.0007639419404125,rep,syn,False,nonada,nonada,nonada
2030TG,2030.0,TG,1,10,1,0.0007639419404125,rep,syn,False,nonada,nonada,nonada
2030TG,2030.0,TG,2,3,1,0.0007639419404125,rep,syn,False,nonada,nonada,nonada
2030TG,2030.0,TG,3,3,1,0.0007639419404125,rep,syn,False,nonada,nonada,nonada
2034TC,2034.0,TC,1,3,1,0.0007639419404125,rep,syn,False,nonada,nonada,nonada
2034TC,2034.0,TC,1,7,1,0.0007639419404125,rep,syn,False,nonada,nonada,nonada
2035TC,2035.0,TC,2,3,1,0.0007639419404125,rep,nonsyn,False,nonada,nonada,nonada
2036AG,2036.0,AG,2,10,1,0.0007639419404125,rep,syn,False,nonada,nonada,nonada
2036AT,2036.0,AT,1,10,1,0.0007639419404125,rep,nonsyn,False,nonada,nonada,nonada
2038AG,2038.0,AG,1,3,1,0.0007639419404125,rep,nonsyn,False,nonada,nonada,nonada
2038AG,2038.0,AG,3,7,1,0.0007639419404125,rep,nonsyn,False,nonada,nonada,nonada
2039TC,2039.0,TC,3,3,1,0.0007639419404125,rep,syn,False,nonada,nonada,nonada
2039TC,2039.0,TC,3,7,1,0.0007639419404125,rep,syn,False,nonada,nonada,nonada
2039TC,2039.0,TC,3,10,1,0.0007639419404125,rep,syn,False,nonada,nonada,nonada
2039TG,2039.0,TG,2,7,1,0.0007639419404125,rep,nonsyn,False,nonada,nonada,nonada
203AC,203.0,AC,2,10,1,0.0007639419404125,mat,nonsyn,False,nonada,nonada,nonada
203AG,203.0,AG,1,7,2,0.001527883880825,mat,nonsyn,False,nonada,nonada,nonada
203AG,203.0,AG,3,10,1,0.0007639419404125,mat,nonsyn,False,nonada,nonada,nonada
2040GT,2040.0,GT,3,3,1,0.0007639419404125,rep,nonsyn,False,nonada,nonada,nonada
2042CA,2042.0,CA,2,3,1,0.0007639419404125,rep,nonsyn,False,nonada,nonada,nonada
2044AG,2044.0,AG,2,10,1,0.0007639419404125,rep,nonsyn,False,nonada,nonada,nonada
2045AC,2045.0,AC,1,3,1,0.0007639419404125,rep,nonsyn,False,nonada,nonada,nonada
2045AC,2045.0,AC,3,10,1,0.0007639419404125,rep,nonsyn,False,nonada,nonada,nonada
2045AG,2045.0,AG,2,7,1,0.0007639419404125,rep,syn,False,nonada,nonada,nonada
2046TA,2046.0,TA,3,3,1,0.0007639419404125,rep,nonsyn,False,nonada,nonada,nonada
2046TC,2046.0,TC,2,7,1,0.0007639419404125,rep,nonsyn,False,nonada,nonada,nonada
2046TC,2046.0,TC,3,10,2,0.001527883880825,rep,nonsyn,False,nonada,nonada,nonada
2047CT,2047.0,CT,2,7,1,0.0007639419404125,rep,nonsyn,False,nonada,nonada,nonada
2047CT,2047.0,CT,2,10,1,0.0007639419404125,rep,nonsyn,False,nonada,nonada,nonada
2047CT,2047.0,CT,3,3,1,0.0007639419404125,rep,nonsyn,False,nonada,nonada,nonada
2047CT,2047.0,CT,3,10,1,0.0007639419404125,rep,nonsyn,False,nonada,nonada,nonada
2048CA,2048.0,CA,2,10,1,0.0007639419404125,rep,syn,False,nonada,nonada,nonada
2048CA,2048.0,CA,3,7,1,0.0007639419404125,rep,syn,False,nonada,nonada,nonada
2048CT,2048.0,CT,1,7,1,0.0007639419404125,rep,syn,False,nonada,nonada,nonada
2048CT,2048.0,CT,3,3,1,0.0007639419404125,rep,syn,False,nonada,nonada,nonada
2049TC,2049.0,TC,1,3,1,0.0007639419404125,rep,syn,False,nonada,nonada,nonada
2049TC,2049.0,TC,1,7,1,0.0007639419404125,rep,syn,False,nonada,nonada,nonada
2049TC,2049.0,TC,3,3,1,0.0007639419404125,rep,syn,False,nonada,nonada,nonada
2049TC,2049.0,TC,3,10,1,0.0007639419404125,rep,syn,False,nonada,nonada,nonada
2049TG,2049.0,TG,3,7,1,0.0007639419404125,rep,nonsyn,False,nonada,nonada,nonada
2049TG,2049.0,TG,3,10,1,0.0007639419404125,rep,nonsyn,False,nonada,nonada,nonada
204GA,204.0,GA,1,3,1,0.0007639419404125,mat,syn,False,nonada,nonada,nonada
204GA,204.0,GA,1,7,1,0.0007639419404125,mat,syn,False,nonada,nonada,nonada
204GA,204.0,GA,2,10,1,0.0007639419404125,mat,syn,False,nonada,nonada,nonada
204GA,204.0,GA,3,7,1,0.0007639419404125,mat,syn,False,nonada,nonada,nonada
204GA,204.0,GA,3,10,1,0.0007639419404125,mat,syn,False,nonada,nonada,nonada
204GT,204.0,GT,2,7,1,0.0007639419404125,mat,nonsyn,False,nonada,nonada,nonada
2050TC,2050.0,TC,1,3,1,0.0007639419404125,rep,nonsyn,False,nonada,nonada,nonada
2050TC,2050.0,TC,1,7,1,0.0007639419404125,rep,nonsyn,False,nonada,nonada,nonada
2050TC,2050.0,TC,1,10,1,0.0007639419404125,rep,nonsyn,False,nonada,nonada,nonada
2050TC,2050.0,TC,2,3,1,0.0007639419404125,rep,nonsyn,False,nonada,nonada,nonada
2050TG,2050.0,TG,3,7,1,0.0007639419404125,rep,nonsyn,False,nonada,nonada,nonada
2051GA,2051.0,GA,3,7,2,0.001527883880825,rep,syn,False,nonada,nonada,nonada
2051GA,2051.0,GA,3,10,1,0.0007639419404125,rep,syn,False,nonada,nonada,nonada
2052TC,2052.0,TC,2,7,1,0.0007639419404125,rep,nonsyn,False,nonada,nonada,nonada
2052TC,2052.0,TC,3,7,1,0.0007639419404125,rep,nonsyn,False,nonada,nonada,nonada
2052TC,2052.0,TC,3,10,1,0.0007639419404125,rep,nonsyn,False,nonada,nonada,nonada
2053CT,2053.0,CT,1,3,1,0.0007639419404125,rep,nonsyn,False,nonada,nonada,nonada
2053CT,2053.0,CT,1,10,2,0.001527883880825,rep,nonsyn,False,nonada,nonada,nonada
2054AG,2054.0,AG,3,3,1,0.0007639419404125,rep,syn,False,nonada,nonada,nonada
2054AG,2054.0,AG,3,7,1,0.0007639419404125,rep,syn,False,nonada,nonada,nonada
2054AG,2054.0,AG,3,10,1,0.0007639419404125,rep,syn,False,nonada,nonada,nonada
2055TC,2055.0,TC,1,10,1,0.0007639419404125,rep,nonsyn,False,nonada,nonada,nonada
2055TC,2055.0,TC,2,10,2,0.001527883880825,rep,nonsyn,False,nonada,nonada,nonada
2055TC,2055.0,TC,3,10,1,0.0007639419404125,rep,nonsyn,False,nonada,nonada,nonada
2055TG,2055.0,TG,1,10,1,0.0007639419404125,rep,nonsyn,False,nonada,nonada,nonada
2057GT,2057.0,GT,2,10,1,0.0007639419404125,rep,nonsyn,False,nonada,nonada,nonada
2058GA,2058.0,GA,1,3,1,0.0007639419404125,rep,nonsyn,False,nonada,nonada,nonada
2058GA,2058.0,GA,2,7,2,0.001527883880825,rep,nonsyn,False,nonada,nonada,nonada
2058GA,2058.0,GA,3,7,1,0.0007639419404125,rep,nonsyn,False,nonada,nonada,nonada
2058GT,2058.0,GT,2,3,1,0.0007639419404125,rep,nonsyn,False,nonada,nonada,nonada
2059AG,2059.0,AG,2,10,1,0.0007639419404125,rep,nonsyn,False,nonada,nonada,nonada
205AG,205.0,AG,1,10,1,0.0007639419404125,mat,nonsyn,False,nonada,nonada,nonada
205AG,205.0,AG,2,10,1,0.0007639419404125,mat,nonsyn,False,nonada,nonada,nonada
205AG,205.0,AG,3,3,1,0.0007639419404125,mat,nonsyn,False,nonada,nonada,nonada
205AG,205.0,AG,3,10,2,0.001527883880825,mat,nonsyn,False,nonada,nonada,nonada
2060TC,2060.0,TC,1,3,1,0.0007639419404125,rep,syn,False,nonada,nonada,nonada
2060TC,2060.0,TC,2,7,1,0.0007639419404125,rep,syn,False,nonada,nonada,nonada
2060TC,2060.0,TC,3,3,1,0.0007639419404125,rep,syn,False,nonada,nonada,nonada
2061CT,2061.0,CT,1,10,1,0.0007639419404125,rep,nonsyn,False,nonada,nonada,nonada
2061CT,2061.0,CT,2,10,1,0.0007639419404125,rep,nonsyn,False,nonada,nonada,nonada
2062CT,2062.0,CT,1,10,1,0.0007639419404125,rep,nonsyn,False,nonada,nonada,nonada
2062CT,2062.0,CT,2,7,1,0.0007639419404125,rep,nonsyn,False,nonada,nonada,nonada
2063GA,2063.0,GA,2,3,1,0.0007639419404125,rep,syn,False,nonada,nonada,nonada
2064GA,2064.0,GA,2,3,1,0.0007639419404125,rep,nonsyn,False,nonada,nonada,nonada
2065AG,2065.0,AG,2,10,1,0.0007639419404125,rep,nonsyn,False,nonada,nonada,nonada
2065AG,2065.0,AG,3,10,1,0.0007639419404125,rep,nonsyn,False,nonada,nonada,nonada
2066TC,2066.0,TC,1,3,1,0.0007639419404125,rep,syn,False,nonada,nonada,nonada
2066TC,2066.0,TC,1,10,1,0.0007639419404125,rep,syn,False,nonada,nonada,nonada
2066TC,2066.0,TC,3,7,1,0.0007639419404125,rep,syn,False,nonada,nonada,nonada
2066TG,2066.0,TG,3,10,1,0.0007639419404125,rep,nonsyn,False,nonada,nonada,nonada
2067GA,2067.0,GA,2,10,1,0.0007639419404125,rep,nonsyn,False,nonada,nonada,nonada
2067GT,2067.0,GT,3,3,1,0.0007639419404125,rep,nonsyn,False,nonada,nonada,nonada
2068TC,2068.0,TC,1,10,1,0.0007639419404125,rep,nonsyn,False,nonada,nonada,nonada
2068TC,2068.0,TC,2,3,1,0.0007639419404125,rep,nonsyn,False,nonada,nonada,nonada
2068TC,2068.0,TC,2,10,2,0.001527883880825,rep,nonsyn,False,nonada,nonada,nonada
2068TC,2068.0,TC,3,3,1,0.0007639419404125,rep,nonsyn,False,nonada,nonada,nonada
2068TC,2068.0,TC,3,10,1,0.0007639419404125,rep,nonsyn,False,nonada,nonada,nonada
2069TC,2069.0,TC,1,10,1,0.0007639419404125,rep,syn,False,nonada,nonada,nonada
2069TG,2069.0,TG,1,3,1,0.0007639419404125,rep,syn,False,nonada,nonada,nonada
2069TG,2069.0,TG,1,7,1,0.0007639419404125,rep,syn,False,nonada,nonada,nonada
206CA,206.0,CA,3,10,1,0.0007639419404125,mat,nonsyn,False,nonada,nonada,nonada
206CT,206.0,CT,1,3,2,0.001527883880825,mat,nonsyn,False,nonada,nonada,nonada
206CT,206.0,CT,1,10,2,0.001527883880825,mat,nonsyn,False,nonada,nonada,nonada
206CT,206.0,CT,2,3,1,0.0007639419404125,mat,nonsyn,False,nonada,nonada,nonada
206CT,206.0,CT,2,10,2,0.001527883880825,mat,nonsyn,False,nonada,nonada,nonada
206CT,206.0,CT,3,3,2,0.001527883880825,mat,nonsyn,False,nonada,nonada,nonada
206CT,206.0,CT,3,7,1,0.0007639419404125,mat,nonsyn,False,nonada,nonada,nonada
206CT,206.0,CT,3,10,1,0.0007639419404125,mat,nonsyn,False,nonada,nonada,nonada
2070TC,2070.0,TC,1,7,1,0.0007639419404125,rep,syn,False,nonada,nonada,nonada
2070TC,2070.0,TC,3,7,1,0.0007639419404125,rep,syn,False,nonada,nonada,nonada
2070TC,2070.0,TC,3,10,1,0.0007639419404125,rep,syn,False,nonada,nonada,nonada
2071TC,2071.0,TC,3,7,1,0.0007639419404125,rep,nonsyn,False,nonada,nonada,nonada
2071TG,2071.0,TG,1,3,1,0.0007639419404125,rep,nonsyn,True,nonada,nonada,nonada
2072AT,2072.0,AT,3,7,1,0.0007639419404125,rep,nonsyn,False,nonada,nonada,nonada
2073CT,2073.0,CT,2,3,1,0.0007639419404125,rep,nonsyn,True,nonada,nonada,nonada
2075AG,2075.0,AG,1,3,1,0.0007639419404125,rep,syn,False,nonada,nonada,nonada
2075AG,2075.0,AG,2,10,1,0.0007639419404125,rep,syn,False,nonada,nonada,nonada
2077CA,2077.0,CA,2,3,1,0.0007639419404125,rep,nonsyn,False,nonada,nonada,nonada
2078CG,2078.0,CG,1,3,1,0.0007639419404125,rep,syn,False,nonada,nonada,nonada
2079AG,2079.0,AG,1,7,1,0.0007639419404125,rep,nonsyn,False,nonada,nonada,nonada
207TA,207.0,TA,3,10,1,0.0007639419404125,mat,syn,False,nonada,nonada,nonada
207TC,207.0,TC,2,10,1,0.0007639419404125,mat,syn,False,nonada,nonada,nonada
207TC,207.0,TC,3,3,2,0.001527883880825,mat,syn,False,nonada,nonada,nonada
2080GA,2080.0,GA,2,3,2,0.001527883880825,rep,nonsyn,False,nonada,nonada,nonada
2080GA,2080.0,GA,3,3,1,0.0007639419404125,rep,nonsyn,False,nonada,nonada,nonada
2080GA,2080.0,GA,3,7,1,0.0007639419404125,rep,nonsyn,False,nonada,nonada,nonada
2080GC,2080.0,GC,3,10,1,0.0007639419404125,rep,nonsyn,False,nonada,nonada,nonada
2082AG,2082.0,AG,2,3,1,0.0007639419404125,rep,nonsyn,False,nonada,nonada,nonada
2083TC,2083.0,TC,1,3,1,0.0007639419404125,rep,nonsyn,False,nonada,nonada,nonada
2083TC,2083.0,TC,2,3,1,0.0007639419404125,rep,nonsyn,False,nonada,nonada,nonada
2083TC,2083.0,TC,2,10,1,0.0007639419404125,rep,nonsyn,False,nonada,nonada,nonada
2085CT,2085.0,CT,1,3,1,0.0007639419404125,rep,nonsyn,False,nonada,nonada,nonada
2085CT,2085.0,CT,1,7,1,0.0007639419404125,rep,nonsyn,False,nonada,nonada,nonada
2085CT,2085.0,CT,2,3,1,0.0007639419404125,rep,nonsyn,False,nonada,nonada,nonada
2085CT,2085.0,CT,3,3,1,0.0007639419404125,rep,nonsyn,False,nonada,nonada,nonada
2086GA,2086.0,GA,1,7,1,0.0007639419404125,rep,nonsyn,False,nonada,nonada,nonada
2086GA,2086.0,GA,3,10,1,0.0007639419404125,rep,nonsyn,False,nonada,nonada,nonada
2087TC,2087.0,TC,1,10,2,0.001527883880825,rep,syn,False,nonada,nonada,nonada
2087TC,2087.0,TC,2,7,2,0.001527883880825,rep,syn,False,nonada,nonada,nonada
2087TC,2087.0,TC,2,10,2,0.001527883880825,rep,syn,False,nonada,nonada,nonada
2087TC,2087.0,TC,3,7,1,0.0007639419404125,rep,syn,False,nonada,nonada,nonada
2087TG,2087.0,TG,1,7,1,0.0007639419404125,rep,syn,False,nonada,nonada,nonada
2088AG,2088.0,AG,2,3,1,0.0007639419404125,rep,nonsyn,False,nonada,nonada,nonada
2089GA,2089.0,GA,2,3,1,0.0007639419404125,rep,nonsyn,False,nonada,nonada,nonada
2089GC,2089.0,GC,2,3,1,0.0007639419404125,rep,nonsyn,False,nonada,nonada,nonada
208GA,208.0,GA,1,3,1,0.0007639419404125,mat,nonsyn,False,nonada,nonada,nonada
208GA,208.0,GA,1,7,1,0.0007639419404125,mat,nonsyn,False,nonada,nonada,nonada
208GA,208.0,GA,2,3,1,0.0007639419404125,mat,nonsyn,False,nonada,nonada,nonada
208GA,208.0,GA,2,7,2,0.001527883880825,mat,nonsyn,False,nonada,nonada,nonada
208GA,208.0,GA,2,10,1,0.0007639419404125,mat,nonsyn,False,nonada,nonada,nonada
208GA,208.0,GA,3,7,1,0.0007639419404125,mat,nonsyn,False,nonada,nonada,nonada
208GT,208.0,GT,3,3,1,0.0007639419404125,mat,nonsyn,True,nonada,nonada,nonada
2090CT,2090.0,CT,2,3,1,0.0007639419404125,rep,syn,False,nonada,nonada,nonada
2090CT,2090.0,CT,3,7,1,0.0007639419404125,rep,syn,False,nonada,nonada,nonada
2091CA,2091.0,CA,3,3,1,0.0007639419404125,rep,nonsyn,False,nonada,nonada,nonada
2092TC,2092.0,TC,2,7,1,0.0007639419404125,rep,nonsyn,False,nonada,nonada,nonada
2092TG,2092.0,TG,3,3,1,0.0007639419404125,rep,nonsyn,False,nonada,nonada,nonada
2093TC,2093.0,TC,2,7,3,0.0022918258212375,rep,syn,False,nonada,nonada,nonada
2093TC,2093.0,TC,3,7,1,0.0007639419404125,rep,syn,False,nonada,nonada,nonada
2094AC,2094.0,AC,1,7,1,0.0007639419404125,rep,nonsyn,False,nonada,nonada,nonada
2094AC,2094.0,AC,2,10,1,0.0007639419404125,rep,nonsyn,False,nonada,nonada,nonada
2094AG,2094.0,AG,1,10,1,0.0007639419404125,rep,nonsyn,False,nonada,nonada,nonada
2094AG,2094.0,AG,2,10,1,0.0007639419404125,rep,nonsyn,False,nonada,nonada,nonada
2095TC,2095.0,TC,3,7,1,0.0007639419404125,rep,nonsyn,False,nonada,nonada,nonada
2095TG,2095.0,TG,1,10,1,0.0007639419404125,rep,nonsyn,False,nonada,nonada,nonada
2096TC,2096.0,TC,1,3,1,0.0007639419404125,rep,syn,False,nonada,nonada,nonada
2096TC,2096.0,TC,1,7,1,0.0007639419404125,rep,syn,False,nonada,nonada,nonada
2096TC,2096.0,TC,1,10,2,0.001527883880825,rep,syn,False,nonada,nonada,nonada
2096TC,2096.0,TC,2,10,3,0.0022918258212375,rep,syn,False,nonada,nonada,nonada
2096TC,2096.0,TC,3,3,1,0.0007639419404125,rep,syn,False,nonada,nonada,nonada
2097GA,2097.0,GA,1,3,1,0.0007639419404125,rep,nonsyn,False,nonada,nonada,nonada
2097GA,2097.0,GA,2,10,1,0.0007639419404125,rep,nonsyn,False,nonada,nonada,nonada
2097GA,2097.0,GA,3,3,2,0.001527883880825,rep,nonsyn,False,nonada,nonada,nonada
2098GA,2098.0,GA,1,7,1,0.0007639419404125,rep,nonsyn,False,nonada,nonada,nonada
2098GA,2098.0,GA,1,10,1,0.0007639419404125,rep,nonsyn,False,nonada,nonada,nonada
2098GA,2098.0,GA,2,7,2,0.001527883880825,rep,nonsyn,False,nonada,nonada,nonada
2099CT,2099.0,CT,2,3,2,0.001527883880825,rep,syn,False,nonada,nonada,nonada
2099CT,2099.0,CT,2,7,1,0.0007639419404125,rep,syn,False,nonada,nonada,nonada
2099CT,2099.0,CT,2,10,1,0.0007639419404125,rep,syn,False,nonada,nonada,nonada
209AG,209.0,AG,1,3,1,0.0007639419404125,mat,nonsyn,False,nonada,nonada,nonada
209AG,209.0,AG,2,10,1,0.0007639419404125,mat,nonsyn,False,nonada,nonada,nonada
209AT,209.0,AT,2,7,1,0.0007639419404125,mat,nonsyn,False,nonada,nonada,nonada
209AT,209.0,AT,3,7,1,0.0007639419404125,mat,nonsyn,False,nonada,nonada,nonada
2100AG,2100.0,AG,3,10,1,0.0007639419404125,rep,nonsyn,False,nonada,nonada,nonada
2102CT,2102.0,CT,1,10,2,0.001527883880825,rep,syn,False,nonada,nonada,nonada
2102CT,2102.0,CT,2,3,1,0.0007639419404125,rep,syn,False,nonada,nonada,nonada
2102CT,2102.0,CT,3,10,1,0.0007639419404125,rep,syn,False,nonada,nonada,nonada
2103CA,2103.0,CA,3,10,1,0.0007639419404125,rep,nonsyn,False,nonada,nonada,nonada
2103CT,2103.0,CT,1,7,1,0.0007639419404125,rep,nonsyn,False,nonada,nonada,nonada
2104TC,2104.0,TC,1,7,1,0.0007639419404125,rep,nonsyn,False,nonada,nonada,nonada
2104TC,2104.0,TC,2,3,1,0.0007639419404125,rep,nonsyn,False,nonada,nonada,nonada
2104TC,2104.0,TC,3,3,1,0.0007639419404125,rep,nonsyn,False,nonada,nonada,nonada
2105CT,2105.0,CT,1,7,1,0.0007639419404125,rep,syn,False,nonada,nonada,nonada
2105CT,2105.0,CT,1,10,3,0.0022918258212375,rep,syn,False,nonada,nonada,nonada
2105CT,2105.0,CT,2,7,2,0.001527883880825,rep,syn,False,nonada,nonada,nonada
2105CT,2105.0,CT,2,10,3,0.0022918258212375,rep,syn,False,nonada,nonada,nonada
2105CT,2105.0,CT,3,7,1,0.0007639419404125,rep,syn,False,nonada,nonada,nonada
2107TC,2107.0,TC,1,7,2,0.001527883880825,rep,nonsyn,False,nonada,nonada,nonada
2107TC,2107.0,TC,2,7,2,0.001527883880825,rep,nonsyn,False,nonada,nonada,nonada
2107TC,2107.0,TC,3,7,1,0.0007639419404125,rep,nonsyn,False,nonada,nonada,nonada
2107TC,2107.0,TC,3,10,1,0.0007639419404125,rep,nonsyn,False,nonada,nonada,nonada
2108CT,2108.0,CT,1,7,1,0.0007639419404125,rep,syn,False,nonada,nonada,nonada
2108CT,2108.0,CT,2,3,1,0.0007639419404125,rep,syn,False,nonada,nonada,nonada
2108CT,2108.0,CT,2,10,1,0.0007639419404125,rep,syn,False,nonada,nonada,nonada
2109TC,2109.0,TC,1,7,1,0.0007639419404125,rep,nonsyn,False,nonada,nonada,nonada
2109TC,2109.0,TC,1,10,2,0.001527883880825,rep,nonsyn,False,nonada,nonada,nonada
2109TC,2109.0,TC,2,7,3,0.0022918258212375,rep,nonsyn,False,nonada,nonada,nonada
2109TC,2109.0,TC,2,10,1,0.0007639419404125,rep,nonsyn,False,nonada,nonada,nonada
2109TC,2109.0,TC,3,3,2,0.001527883880825,rep,nonsyn,False,nonada,nonada,nonada
2109TC,2109.0,TC,3,10,1,0.0007639419404125,rep,nonsyn,False,nonada,nonada,nonada
210AG,210.0,AG,1,7,1,0.0007639419404125,mat,syn,False,nonada,nonada,nonada
210AG,210.0,AG,1,10,1,0.0007639419404125,mat,syn,False,nonada,nonada,nonada
210AG,210.0,AG,2,7,1,0.0007639419404125,mat,syn,False,nonada,nonada,nonada
210AG,210.0,AG,2,10,2,0.001527883880825,mat,syn,False,nonada,nonada,nonada
2110CT,2110.0,CT,2,3,1,0.0007639419404125,rep,nonsyn,False,nonada,nonada,nonada
2111TC,2111.0,TC,2,7,2,0.001527883880825,rep,syn,False,nonada,nonada,nonada
2111TG,2111.0,TG,1,7,1,0.0007639419404125,rep,syn,False,nonada,nonada,nonada
2111TG,2111.0,TG,1,10,1,0.0007639419404125,rep,syn,False,nonada,nonada,nonada
2111TG,2111.0,TG,2,3,1,0.0007639419404125,rep,syn,False,nonada,nonada,nonada
2111TG,2111.0,TG,3,10,1,0.0007639419404125,rep,syn,False,nonada,nonada,nonada
2112GA,2112.0,GA,3,7,3,0.0022918258212375,rep,nonsyn,False,nonada,nonada,nonada
2113GA,2113.0,GA,1,7,1,0.0007639419404125,rep,nonsyn,False,nonada,nonada,nonada
2113GA,2113.0,GA,2,7,4,0.0030557677616501,rep,nonsyn,False,nonada,nonada,nonada
2113GA,2113.0,GA,3,3,2,0.001527883880825,rep,nonsyn,False,nonada,nonada,nonada
2113GA,2113.0,GA,3,7,2,0.001527883880825,rep,nonsyn,False,nonada,nonada,nonada
2113GA,2113.0,GA,3,10,1,0.0007639419404125,rep,nonsyn,False,nonada,nonada,nonada
2114CT,2114.0,CT,1,7,2,0.001527883880825,rep,syn,False,nonada,nonada,nonada
2114CT,2114.0,CT,1,10,1,0.0007639419404125,rep,syn,False,nonada,nonada,nonada
2114CT,2114.0,CT,2,10,1,0.0007639419404125,rep,syn,False,nonada,nonada,nonada
2114CT,2114.0,CT,3,7,2,0.001527883880825,rep,syn,False,nonada,nonada,nonada
2115TC,2115.0,TC,1,3,1,0.0007639419404125,rep,nonsyn,False,nonada,nonada,nonada
2115TC,2115.0,TC,2,7,1,0.0007639419404125,rep,nonsyn,False,nonada,nonada,nonada
2115TC,2115.0,TC,3,3,1,0.0007639419404125,rep,nonsyn,False,nonada,nonada,nonada
2116AG,2116.0,AG,2,10,1,0.0007639419404125,rep,nonsyn,False,nonada,nonada,nonada
2116AT,2116.0,AT,2,3,1,0.0007639419404125,rep,nonsyn,False,nonada,nonada,nonada
2116AT,2116.0,AT,3,10,1,0.0007639419404125,rep,nonsyn,False,nonada,nonada,nonada
2117CT,2117.0,CT,1,3,1,0.0007639419404125,rep,syn,False,nonada,nonada,nonada
2117CT,2117.0,CT,2,3,1,0.0007639419404125,rep,syn,False,nonada,nonada,nonada
2118CT,2118.0,CT,2,3,1,0.0007639419404125,rep,nonsyn,True,nonada,nonada,nonada
2119GA,2119.0,GA,1,3,2,0.001527883880825,rep,nonsyn,False,nonada,nonada,nonada
2119GA,2119.0,GA,1,7,3,0.0022918258212375,rep,nonsyn,False,nonada,nonada,nonada
2119GA,2119.0,GA,1,10,1,0.0007639419404125,rep,nonsyn,False,nonada,nonada,nonada
2119GA,2119.0,GA,2,7,2,0.001527883880825,rep,nonsyn,False,nonada,nonada,nonada
2119GA,2119.0,GA,2,10,4,0.0030557677616501,rep,nonsyn,False,nonada,nonada,nonada
2119GA,2119.0,GA,3,3,2,0.001527883880825,rep,nonsyn,False,nonada,nonada,nonada
2119GA,2119.0,GA,3,7,1,0.0007639419404125,rep,nonsyn,False,nonada,nonada,nonada
2119GA,2119.0,GA,3,10,2,0.001527883880825,rep,nonsyn,False,nonada,nonada,nonada
211GA,211.0,GA,1,10,1,0.0007639419404125,mat,nonsyn,False,nonada,nonada,nonada
211GA,211.0,GA,2,7,1,0.0007639419404125,mat,nonsyn,False,nonada,nonada,nonada
211GA,211.0,GA,2,10,1,0.0007639419404125,mat,nonsyn,False,nonada,nonada,nonada
2120AG,2120.0,AG,1,3,2,0.001527883880825,rep,syn,False,nonada,nonada,nonada
2120AG,2120.0,AG,2,3,1,0.0007639419404125,rep,syn,False,nonada,nonada,nonada
2120AG,2120.0,AG,2,10,3,0.0022918258212375,rep,syn,False,nonada,nonada,nonada
2121TA,2121.0,TA,1,7,1,0.0007639419404125,rep,nonsyn,False,nonada,nonada,nonada
2121TC,2121.0,TC,1,7,1,0.0007639419404125,rep,nonsyn,False,nonada,nonada,nonada
2121TC,2121.0,TC,3,3,1,0.0007639419404125,rep,nonsyn,False,nonada,nonada,nonada
2121TC,2121.0,TC,3,7,2,0.001527883880825,rep,nonsyn,False,nonada,nonada,nonada
2122CT,2122.0,CT,1,10,1,0.0007639419404125,rep,nonsyn,False,nonada,nonada,nonada
2122CT,2122.0,CT,2,10,1,0.0007639419404125,rep,nonsyn,False,nonada,nonada,nonada
2123GA,2123.0,GA,1,10,1,0.0007639419404125,rep,syn,False,nonada,nonada,nonada
2123GA,2123.0,GA,3,10,1,0.0007639419404125,rep,syn,False,nonada,nonada,nonada
2124TC,2124.0,TC,1,7,1,0.0007639419404125,rep,nonsyn,False,nonada,nonada,nonada
2124TC,2124.0,TC,2,3,1,0.0007639419404125,rep,nonsyn,False,nonada,nonada,nonada
2125CT,2125.0,CT,1,3,1,0.0007639419404125,rep,nonsyn,False,nonada,nonada,nonada
2125CT,2125.0,CT,2,3,1,0.0007639419404125,rep,nonsyn,False,nonada,nonada,nonada
2126GA,2126.0,GA,1,7,1,0.0007639419404125,rep,syn,False,nonada,nonada,nonada
2126GA,2126.0,GA,2,10,1,0.0007639419404125,rep,syn,False,nonada,nonada,nonada
2126GA,2126.0,GA,3,3,1,0.0007639419404125,rep,syn,False,nonada,nonada,nonada
2126GA,2126.0,GA,3,10,1,0.0007639419404125,rep,syn,False,nonada,nonada,nonada
2127TC,2127.0,TC,1,10,1,0.0007639419404125,rep,syn,False,nonada,nonada,nonada
2127TC,2127.0,TC,3,3,1,0.0007639419404125,rep,syn,False,nonada,nonada,nonada
2127TC,2127.0,TC,3,10,1,0.0007639419404125,rep,syn,False,nonada,nonada,nonada
2127TG,2127.0,TG,2,7,1,0.0007639419404125,rep,nonsyn,False,nonada,nonada,nonada
2128TC,2128.0,TC,1,10,1,0.0007639419404125,rep,nonsyn,False,nonada,nonada,nonada
2129GA,2129.0,GA,1,10,1,0.0007639419404125,rep,syn,False,nonada,nonada,nonada
2129GA,2129.0,GA,2,3,2,0.001527883880825,rep,syn,False,nonada,nonada,nonada
2129GA,2129.0,GA,2,10,1,0.0007639419404125,rep,syn,False,nonada,nonada,nonada
2129GT,2129.0,GT,2,7,1,0.0007639419404125,rep,nonsyn,False,nonada,nonada,nonada
2129GT,2129.0,GT,2,10,1,0.0007639419404125,rep,nonsyn,False,nonada,nonada,nonada
2130TC,2130.0,TC,1,3,1,0.0007639419404125,rep,nonsyn,False,nonada,nonada,nonada
2130TC,2130.0,TC,1,7,1,0.0007639419404125,rep,nonsyn,False,nonada,nonada,nonada
2130TC,2130.0,TC,2,3,1,0.0007639419404125,rep,nonsyn,False,nonada,nonada,nonada
2130TC,2130.0,TC,2,7,2,0.001527883880825,rep,nonsyn,False,nonada,nonada,nonada
2130TC,2130.0,TC,2,10,3,0.0022918258212375,rep,nonsyn,False,nonada,nonada,nonada
2130TC,2130.0,TC,3,3,1,0.0007639419404125,rep,nonsyn,False,nonada,nonada,nonada
2130TC,2130.0,TC,3,10,1,0.0007639419404125,rep,nonsyn,False,nonada,nonada,nonada
2131TC,2131.0,TC,2,3,1,0.0007639419404125,rep,nonsyn,False,nonada,nonada,nonada
2131TC,2131.0,TC,3,7,1,0.0007639419404125,rep,nonsyn,False,nonada,nonada,nonada
2132TC,2132.0,TC,1,10,1,0.0007639419404125,rep,syn,False,nonada,nonada,nonada
2132TC,2132.0,TC,2,7,2,0.001527883880825,rep,syn,False,nonada,nonada,nonada
2132TC,2132.0,TC,3,10,1,0.0007639419404125,rep,syn,False,nonada,nonada,nonada
2132TG,2132.0,TG,3,10,1,0.0007639419404125,rep,nonsyn,False,nonada,nonada,nonada
2133GA,2133.0,GA,1,3,1,0.0007639419404125,rep,nonsyn,False,nonada,nonada,nonada
2134GA,2134.0,GA,1,10,1,0.0007639419404125,rep,nonsyn,False,nonada,nonada,nonada
2134GA,2134.0,GA,2,7,1,0.0007639419404125,rep,nonsyn,False,nonada,nonada,nonada
2134GA,2134.0,GA,3,7,1,0.0007639419404125,rep,nonsyn,False,nonada,nonada,nonada
2135GA,2135.0,GA,1,3,1,0.0007639419404125,rep,syn,False,nonada,nonada,nonada
2135GA,2135.0,GA,2,3,3,0.0022918258212375,rep,syn,False,nonada,nonada,nonada
2135GA,2135.0,GA,2,7,1,0.0007639419404125,rep,syn,False,nonada,nonada,nonada
2135GA,2135.0,GA,3,7,2,0.001527883880825,rep,syn,False,nonada,nonada,nonada
2135GT,2135.0,GT,2,3,1,0.0007639419404125,rep,syn,False,nonada,nonada,nonada
2136CA,2136.0,CA,1,7,1,0.0007639419404125,rep,nonsyn,False,nonada,nonada,nonada
2136CT,2136.0,CT,1,10,1,0.0007639419404125,rep,nonsyn,True,nonada,nonada,nonada
2136CT,2136.0,CT,2,3,1,0.0007639419404125,rep,nonsyn,True,nonada,nonada,nonada
2136CT,2136.0,CT,2,10,1,0.0007639419404125,rep,nonsyn,True,nonada,nonada,nonada
2136CT,2136.0,CT,3,7,2,0.001527883880825,rep,nonsyn,True,nonada,nonada,nonada
2137AG,2137.0,AG,2,10,1,0.0007639419404125,rep,nonsyn,False,nonada,nonada,nonada
2138AG,2138.0,AG,2,3,1,0.0007639419404125,rep,syn,False,nonada,nonada,nonada
2138AG,2138.0,AG,2,7,1,0.0007639419404125,rep,syn,False,nonada,nonada,nonada
2138AG,2138.0,AG,2,10,1,0.0007639419404125,rep,syn,False,nonada,nonada,nonada
2139TC,2139.0,TC,2,3,1,0.0007639419404125,rep,nonsyn,False,nonada,nonada,nonada
2139TG,2139.0,TG,3,3,1,0.0007639419404125,rep,nonsyn,False,nonada,nonada,nonada
213TC,213.0,TC,1,7,1,0.0007639419404125,mat,syn,False,nonada,nonada,nonada
213TC,213.0,TC,1,10,1,0.0007639419404125,mat,syn,False,nonada,nonada,nonada
213TC,213.0,TC,2,3,2,0.001527883880825,mat,syn,False,nonada,nonada,nonada
213TC,213.0,TC,3,3,1,0.0007639419404125,mat,syn,False,nonada,nonada,nonada
2140GA,2140.0,GA,1,3,2,0.001527883880825,rep,nonsyn,False,nonada,nonada,nonada
2140GA,2140.0,GA,2,10,1,0.0007639419404125,rep,nonsyn,False,nonada,nonada,nonada
2140GA,2140.0,GA,3,3,1,0.0007639419404125,rep,nonsyn,False,nonada,nonada,nonada
2140GA,2140.0,GA,3,7,1,0.0007639419404125,rep,nonsyn,False,nonada,nonada,nonada
2141CT,2141.0,CT,1,3,1,0.0007639419404125,rep,syn,False,nonada,nonada,nonada
2141CT,2141.0,CT,2,10,2,0.001527883880825,rep,syn,False,nonada,nonada,nonada
2141CT,2141.0,CT,3,3,1,0.0007639419404125,rep,syn,False,nonada,nonada,nonada
2141CT,2141.0,CT,3,7,2,0.001527883880825,rep,syn,False,nonada,nonada,nonada
2142AG,2142.0,AG,3,10,1,0.0007639419404125,rep,nonsyn,False,nonada,nonada,nonada
2142AT,2142.0,AT,1,7,1,0.0007639419404125,rep,nonsyn,False,nonada,nonada,nonada
2143CT,2143.0,CT,1,3,1,0.0007639419404125,rep,nonsyn,False,nonada,nonada,nonada
2143CT,2143.0,CT,2,3,2,0.001527883880825,rep,nonsyn,False,nonada,nonada,nonada
2144GC,2144.0,GC,1,10,1,0.0007639419404125,rep,syn,False,nonada,nonada,nonada
2144GT,2144.0,GT,1,7,1,0.0007639419404125,rep,syn,False,nonada,nonada,nonada
2144GT,2144.0,GT,2,10,1,0.0007639419404125,rep,syn,False,nonada,nonada,nonada
2145TC,2145.0,TC,1,7,1,0.0007639419404125,rep,nonsyn,False,nonada,nonada,nonada
2145TC,2145.0,TC,2,3,1,0.0007639419404125,rep,nonsyn,False,nonada,nonada,nonada
2146TC,2146.0,TC,2,10,1,0.0007639419404125,rep,nonsyn,False,nonada,nonada,nonada
2147CA,2147.0,CA,3,7,1,0.0007639419404125,rep,nonsyn,False,nonada,nonada,nonada
2147CT,2147.0,CT,2,10,1,0.0007639419404125,rep,syn,False,nonada,nonada,nonada
2147CT,2147.0,CT,3,10,1,0.0007639419404125,rep,syn,False,nonada,nonada,nonada
2148TC,2148.0,TC,2,3,1,0.0007639419404125,rep,nonsyn,False,nonada,nonada,nonada
214AG,214.0,AG,3,7,1,0.0007639419404125,mat,nonsyn,False,nonada,nonada,nonada
2150CA,2150.0,CA,1,7,1,0.0007639419404125,rep,syn,False,nonada,nonada,nonada
2150CT,2150.0,CT,2,10,1,0.0007639419404125,rep,syn,False,nonada,nonada,nonada
2153CT,2153.0,CT,1,3,2,0.001527883880825,rep,syn,False,nonada,nonada,nonada
2153CT,2153.0,CT,1,7,1,0.0007639419404125,rep,syn,False,nonada,nonada,nonada
2153CT,2153.0,CT,2,3,1,0.0007639419404125,rep,syn,False,nonada,nonada,nonada
2153CT,2153.0,CT,2,7,1,0.0007639419404125,rep,syn,False,nonada,nonada,nonada
2153CT,2153.0,CT,3,7,1,0.0007639419404125,rep,syn,False,nonada,nonada,nonada
2153CT,2153.0,CT,3,10,2,0.001527883880825,rep,syn,False,nonada,nonada,nonada
2154GA,2154.0,GA,2,7,1,0.0007639419404125,rep,nonsyn,False,nonada,nonada,nonada
2154GA,2154.0,GA,3,7,1,0.0007639419404125,rep,nonsyn,False,nonada,nonada,nonada
2155GA,2155.0,GA,1,7,1,0.0007639419404125,rep,nonsyn,False,nonada,nonada,nonada
2155GA,2155.0,GA,2,3,1,0.0007639419404125,rep,nonsyn,False,nonada,nonada,nonada
2155GA,2155.0,GA,3,7,1,0.0007639419404125,rep,nonsyn,False,nonada,nonada,nonada
2155GA,2155.0,GA,3,10,1,0.0007639419404125,rep,nonsyn,False,nonada,nonada,nonada
2156TC,2156.0,TC,3,3,1,0.0007639419404125,rep,syn,False,nonada,nonada,nonada
2157GA,2157.0,GA,1,3,1,0.0007639419404125,rep,nonsyn,False,nonada,nonada,nonada
2158CA,2158.0,CA,1,7,1,0.0007639419404125,rep,nonsyn,False,nonada,nonada,nonada
2158CA,2158.0,CA,3,3,1,0.0007639419404125,rep,nonsyn,False,nonada,nonada,nonada
2158CT,2158.0,CT,1,3,1,0.0007639419404125,rep,nonsyn,False,nonada,nonada,nonada
2158CT,2158.0,CT,3,7,1,0.0007639419404125,rep,nonsyn,False,nonada,nonada,nonada
2158CT,2158.0,CT,3,10,1,0.0007639419404125,rep,nonsyn,False,nonada,nonada,nonada
2159CA,2159.0,CA,3,3,1,0.0007639419404125,rep,syn,False,nonada,nonada,nonada
2159CT,2159.0,CT,3,3,1,0.0007639419404125,rep,syn,False,nonada,nonada,nonada
2159CT,2159.0,CT,3,7,1,0.0007639419404125,rep,syn,False,nonada,nonada,nonada
215AG,215.0,AG,1,3,1,0.0007639419404125,mat,nonsyn,False,nonada,nonada,nonada
215AG,215.0,AG,2,7,1,0.0007639419404125,mat,nonsyn,False,nonada,nonada,nonada
215AG,215.0,AG,3,3,1,0.0007639419404125,mat,nonsyn,False,nonada,nonada,nonada
2160TC,2160.0,TC,1,3,1,0.0007639419404125,rep,nonsyn,False,nonada,nonada,nonada
2160TC,2160.0,TC,2,7,1,0.0007639419404125,rep,nonsyn,False,nonada,nonada,nonada
2160TC,2160.0,TC,3,3,1,0.0007639419404125,rep,nonsyn,False,nonada,nonada,nonada
2161CT,2161.0,CT,3,3,1,0.0007639419404125,rep,nonsyn,False,nonada,nonada,nonada
2162TG,2162.0,TG,3,10,1,0.0007639419404125,rep,syn,False,nonada,nonada,nonada
2163AT,2163.0,AT,3,10,1,0.0007639419404125,rep,nonsyn,False,nonada,nonada,nonada
2164TC,2164.0,TC,1,3,1,0.0007639419404125,rep,nonsyn,False,nonada,nonada,nonada
2164TG,2164.0,TG,1,10,2,0.001527883880825,rep,nonsyn,False,nonada,nonada,nonada
2165GA,2165.0,GA,1,7,1,0.0007639419404125,rep,nonsyn,False,nonada,nonada,nonada
2165GA,2165.0,GA,2,7,2,0.001527883880825,rep,nonsyn,False,nonada,nonada,nonada
2165GC,2165.0,GC,1,10,1,0.0007639419404125,rep,nonsyn,False,nonada,nonada,nonada
2166GA,2166.0,GA,3,7,1,0.0007639419404125,rep,nonsyn,False,nonada,nonada,nonada
2167GA,2167.0,GA,2,10,1,0.0007639419404125,rep,nonsyn,False,nonada,nonada,nonada
2167GA,2167.0,GA,3,7,1,0.0007639419404125,rep,nonsyn,False,nonada,nonada,nonada
2168GA,2168.0,GA,2,7,1,0.0007639419404125,rep,syn,False,nonada,nonada,nonada
2168GA,2168.0,GA,3,3,1,0.0007639419404125,rep,syn,False,nonada,nonada,nonada
2169CT,2169.0,CT,1,7,1,0.0007639419404125,rep,nonsyn,False,nonada,nonada,nonada
2171CT,2171.0,CT,1,10,1,0.0007639419404125,rep,syn,False,nonada,nonada,nonada
2171CT,2171.0,CT,2,7,1,0.0007639419404125,rep,syn,False,nonada,nonada,nonada
2171CT,2171.0,CT,3,10,4,0.0030557677616501,rep,syn,False,nonada,nonada,nonada
2174GA,2174.0,GA,1,3,1,0.0007639419404125,rep,syn,False,nonada,nonada,nonada
2174GA,2174.0,GA,1,7,1,0.0007639419404125,rep,syn,False,nonada,nonada,nonada
2174GA,2174.0,GA,3,3,1,0.0007639419404125,rep,syn,False,nonada,nonada,nonada
2175TC,2175.0,TC,1,3,3,0.0022918258212375,rep,syn,False,nonada,nonada,nonada
2175TC,2175.0,TC,1,7,1,0.0007639419404125,rep,syn,False,nonada,nonada,nonada
2175TC,2175.0,TC,1,10,3,0.0022918258212375,rep,syn,False,nonada,nonada,nonada
2175TC,2175.0,TC,2,3,1,0.0007639419404125,rep,syn,False,nonada,nonada,nonada
2175TC,2175.0,TC,2,7,2,0.001527883880825,rep,syn,False,nonada,nonada,nonada
2175TC,2175.0,TC,2,10,1,0.0007639419404125,rep,syn,False,nonada,nonada,nonada
2175TC,2175.0,TC,3,3,3,0.0022918258212375,rep,syn,False,nonada,nonada,nonada
2175TC,2175.0,TC,3,10,3,0.0022918258212375,rep,syn,False,nonada,nonada,nonada
2175TG,2175.0,TG,3,3,1,0.0007639419404125,rep,nonsyn,False,nonada,nonada,nonada
2176TC,2176.0,TC,1,7,1,0.0007639419404125,rep,nonsyn,False,nonada,nonada,nonada
2176TC,2176.0,TC,3,7,1,0.0007639419404125,rep,nonsyn,False,nonada,nonada,nonada
2176TC,2176.0,TC,3,10,1,0.0007639419404125,rep,nonsyn,False,nonada,nonada,nonada
2177GA,2177.0,GA,1,3,2,0.001527883880825,rep,syn,False,nonada,nonada,nonada
2177GA,2177.0,GA,2,10,2,0.001527883880825,rep,syn,False,nonada,nonada,nonada
2177GA,2177.0,GA,3,7,1,0.0007639419404125,rep,syn,False,nonada,nonada,nonada
2177GA,2177.0,GA,3,10,1,0.0007639419404125,rep,syn,False,nonada,nonada,nonada
2178CT,2178.0,CT,1,7,1,0.0007639419404125,rep,nonsyn,True,nonada,nonada,nonada
2178CT,2178.0,CT,1,10,1,0.0007639419404125,rep,nonsyn,True,nonada,nonada,nonada
2178CT,2178.0,CT,2,7,1,0.0007639419404125,rep,nonsyn,True,nonada,nonada,nonada
2178CT,2178.0,CT,3,7,2,0.001527883880825,rep,nonsyn,True,nonada,nonada,nonada
2179AG,2179.0,AG,1,3,1,0.0007639419404125,rep,nonsyn,False,nonada,nonada,nonada
2179AG,2179.0,AG,1,10,1,0.0007639419404125,rep,nonsyn,False,nonada,nonada,nonada
2179AG,2179.0,AG,2,7,1,0.0007639419404125,rep,nonsyn,False,nonada,nonada,nonada
2179AG,2179.0,AG,3,7,1,0.0007639419404125,rep,nonsyn,False,nonada,nonada,nonada
2179AT,2179.0,AT,3,3,1,0.0007639419404125,rep,nonsyn,False,nonada,nonada,nonada
2179AT,2179.0,AT,3,7,1,0.0007639419404125,rep,nonsyn,False,nonada,nonada,nonada
2180GA,2180.0,GA,1,10,4,0.0030557677616501,rep,syn,False,nonada,nonada,nonada
2181GA,2181.0,GA,1,10,1,0.0007639419404125,rep,nonsyn,False,nonada,nonada,nonada
2182AT,2182.0,AT,2,10,1,0.0007639419404125,rep,nonsyn,False,nonada,nonada,nonada
2182AT,2182.0,AT,3,7,1,0.0007639419404125,rep,nonsyn,False,nonada,nonada,nonada
2183TC,2183.0,TC,2,10,1,0.0007639419404125,rep,syn,False,nonada,nonada,nonada
2183TC,2183.0,TC,3,7,1,0.0007639419404125,rep,syn,False,nonada,nonada,nonada
2184GA,2184.0,GA,2,3,2,0.001527883880825,rep,nonsyn,False,nonada,nonada,nonada
2184GA,2184.0,GA,2,10,1,0.0007639419404125,rep,nonsyn,False,nonada,nonada,nonada
2184GA,2184.0,GA,3,3,1,0.0007639419404125,rep,nonsyn,False,nonada,nonada,nonada
2184GA,2184.0,GA,3,7,1,0.0007639419404125,rep,nonsyn,False,nonada,nonada,nonada
2185CT,2185.0,CT,1,3,2,0.001527883880825,rep,nonsyn,False,nonada,nonada,nonada
2185CT,2185.0,CT,1,7,1,0.0007639419404125,rep,nonsyn,False,nonada,nonada,nonada
2185CT,2185.0,CT,2,10,1,0.0007639419404125,rep,nonsyn,False,nonada,nonada,nonada
2185CT,2185.0,CT,3,3,1,0.0007639419404125,rep,nonsyn,False,nonada,nonada,nonada
2185CT,2185.0,CT,3,10,1,0.0007639419404125,rep,nonsyn,False,nonada,nonada,nonada
2186AG,2186.0,AG,2,10,1,0.0007639419404125,rep,syn,False,nonada,nonada,nonada
2187GA,2187.0,GA,3,3,1,0.0007639419404125,rep,nonsyn,False,nonada,nonada,nonada
2187GA,2187.0,GA,3,7,2,0.001527883880825,rep,nonsyn,False,nonada,nonada,nonada
2187GA,2187.0,GA,3,10,1,0.0007639419404125,rep,nonsyn,False,nonada,nonada,nonada
2188CA,2188.0,CA,1,10,1,0.0007639419404125,rep,nonsyn,False,nonada,nonada,nonada
2188CT,2188.0,CT,1,3,1,0.0007639419404125,rep,nonsyn,False,nonada,nonada,nonada
2188CT,2188.0,CT,1,7,2,0.001527883880825,rep,nonsyn,False,nonada,nonada,nonada
2188CT,2188.0,CT,2,10,1,0.0007639419404125,rep,nonsyn,False,nonada,nonada,nonada
2189GA,2189.0,GA,1,3,3,0.0022918258212375,rep,syn,False,nonada,nonada,nonada
2189GA,2189.0,GA,1,7,1,0.0007639419404125,rep,syn,False,nonada,nonada,nonada
2189GA,2189.0,GA,1,10,1,0.0007639419404125,rep,syn,False,nonada,nonada,nonada
2189GA,2189.0,GA,2,3,1,0.0007639419404125,rep,syn,False,nonada,nonada,nonada
2189GA,2189.0,GA,2,10,1,0.0007639419404125,rep,syn,False,nonada,nonada,nonada
2189GA,2189.0,GA,3,7,1,0.0007639419404125,rep,syn,False,nonada,nonada,nonada
2189GC,2189.0,GC,1,7,1,0.0007639419404125,rep,syn,False,nonada,nonada,nonada
218CT,218.0,CT,2,10,1,0.0007639419404125,mat,nonsyn,False,nonada,nonada,nonada
218CT,218.0,CT,3,3,1,0.0007639419404125,mat,nonsyn,False,nonada,nonada,nonada
2190CT,2190.0,CT,1,7,1,0.0007639419404125,rep,nonsyn,False,nonada,nonada,nonada
2190CT,2190.0,CT,3,3,1,0.0007639419404125,rep,nonsyn,False,nonada,nonada,nonada
2191CA,2191.0,CA,1,3,1,0.0007639419404125,rep,nonsyn,False,nonada,nonada,nonada
2191CT,2191.0,CT,1,3,1,0.0007639419404125,rep,nonsyn,False,nonada,nonada,nonada
2191CT,2191.0,CT,1,7,1,0.0007639419404125,rep,nonsyn,False,nonada,nonada,nonada
2191CT,2191.0,CT,2,3,1,0.0007639419404125,rep,nonsyn,False,nonada,nonada,nonada
2192TC,2192.0,TC,1,7,1,0.0007639419404125,rep,syn,False,nonada,nonada,nonada
2192TC,2192.0,TC,2,10,1,0.0007639419404125,rep,syn,False,nonada,nonada,nonada
2192TC,2192.0,TC,3,3,1,0.0007639419404125,rep,syn,False,nonada,nonada,nonada
2192TC,2192.0,TC,3,10,1,0.0007639419404125,rep,syn,False,nonada,nonada,nonada
2193TC,2193.0,TC,1,7,1,0.0007639419404125,rep,nonsyn,False,nonada,nonada,nonada
2193TC,2193.0,TC,1,10,1,0.0007639419404125,rep,nonsyn,False,nonada,nonada,nonada
2193TC,2193.0,TC,2,7,1,0.0007639419404125,rep,nonsyn,False,nonada,nonada,nonada
2193TC,2193.0,TC,3,3,1,0.0007639419404125,rep,nonsyn,False,nonada,nonada,nonada
2193TC,2193.0,TC,3,10,2,0.001527883880825,rep,nonsyn,False,nonada,nonada,nonada
2194AG,2194.0,AG,1,7,1,0.0007639419404125,rep,nonsyn,False,nonada,nonada,nonada
2194AG,2194.0,AG,1,10,1,0.0007639419404125,rep,nonsyn,False,nonada,nonada,nonada
2194AT,2194.0,AT,1,7,1,0.0007639419404125,rep,nonsyn,False,nonada,nonada,nonada
2195CT,2195.0,CT,1,3,1,0.0007639419404125,rep,syn,False,nonada,nonada,nonada
2195CT,2195.0,CT,1,7,1,0.0007639419404125,rep,syn,False,nonada,nonada,nonada
2195CT,2195.0,CT,1,10,1,0.0007639419404125,rep,syn,False,nonada,nonada,nonada
2195CT,2195.0,CT,2,3,1,0.0007639419404125,rep,syn,False,nonada,nonada,nonada
2195CT,2195.0,CT,3,7,1,0.0007639419404125,rep,syn,False,nonada,nonada,nonada
2196AG,2196.0,AG,2,3,1,0.0007639419404125,rep,nonsyn,False,nonada,nonada,nonada
2196AG,2196.0,AG,3,10,1,0.0007639419404125,rep,nonsyn,False,nonada,nonada,nonada
2197AG,2197.0,AG,1,7,1,0.0007639419404125,rep,nonsyn,False,nonada,nonada,nonada
2197AG,2197.0,AG,3,7,1,0.0007639419404125,rep,nonsyn,False,nonada,nonada,nonada
2198GA,2198.0,GA,2,3,1,0.0007639419404125,rep,syn,False,nonada,nonada,nonada
2198GA,2198.0,GA,3,10,1,0.0007639419404125,rep,syn,False,nonada,nonada,nonada
2199AG,2199.0,AG,3,10,1,0.0007639419404125,rep,nonsyn,False,nonada,nonada,nonada
219AG,219.0,AG,1,10,1,0.0007639419404125,mat,syn,False,nonada,nonada,nonada
219AG,219.0,AG,2,10,2,0.001527883880825,mat,syn,False,nonada,nonada,nonada
219AG,219.0,AG,3,7,1,0.0007639419404125,mat,syn,False,nonada,nonada,nonada
2200AT,2200.0,AT,1,10,1,0.0007639419404125,rep,nonsyn,False,nonada,nonada,nonada
2201GA,2201.0,GA,3,3,2,0.001527883880825,rep,syn,False,nonada,nonada,nonada
2202TA,2202.0,TA,1,3,1,0.0007639419404125,rep,nonsyn,False,nonada,nonada,nonada
2202TC,2202.0,TC,1,10,1,0.0007639419404125,rep,nonsyn,False,nonada,nonada,nonada
2202TC,2202.0,TC,2,7,1,0.0007639419404125,rep,nonsyn,False,nonada,nonada,nonada
2202TC,2202.0,TC,3,10,1,0.0007639419404125,rep,nonsyn,False,nonada,nonada,nonada
2203TC,2203.0,TC,1,10,1,0.0007639419404125,rep,nonsyn,False,nonada,nonada,nonada
2203TC,2203.0,TC,3,3,1,0.0007639419404125,rep,nonsyn,False,nonada,nonada,nonada
2205GA,2205.0,GA,1,7,1,0.0007639419404125,rep,nonsyn,False,nonada,nonada,nonada
2205GA,2205.0,GA,1,10,1,0.0007639419404125,rep,nonsyn,False,nonada,nonada,nonada
2205GA,2205.0,GA,2,10,1,0.0007639419404125,rep,nonsyn,False,nonada,nonada,nonada
2205GA,2205.0,GA,3,7,1,0.0007639419404125,rep,nonsyn,False,nonada,nonada,nonada
2205GT,2205.0,GT,2,7,1,0.0007639419404125,rep,nonsyn,False,nonada,nonada,nonada
2206CT,2206.0,CT,1,10,1,0.0007639419404125,rep,nonsyn,False,nonada,nonada,nonada
2206CT,2206.0,CT,2,10,1,0.0007639419404125,rep,nonsyn,False,nonada,nonada,nonada
2208GA,2208.0,GA,2,7,1,0.0007639419404125,rep,nonsyn,False,nonada,nonada,nonada
2208GA,2208.0,GA,2,10,1,0.0007639419404125,rep,nonsyn,False,nonada,nonada,nonada
2208GA,2208.0,GA,3,10,2,0.001527883880825,rep,nonsyn,False,nonada,nonada,nonada
2209AG,2209.0,AG,2,10,1,0.0007639419404125,rep,nonsyn,False,nonada,nonada,nonada
220TA,220.0,TA,3,3,1,0.0007639419404125,mat,nonsyn,False,nonada,nonada,nonada
220TC,220.0,TC,1,10,1,0.0007639419404125,mat,nonsyn,False,nonada,nonada,nonada
220TC,220.0,TC,2,3,1,0.0007639419404125,mat,nonsyn,False,nonada,nonada,nonada
220TC,220.0,TC,2,7,1,0.0007639419404125,mat,nonsyn,False,nonada,nonada,nonada
220TC,220.0,TC,3,7,1,0.0007639419404125,mat,nonsyn,False,nonada,nonada,nonada
2210AG,2210.0,AG,1,7,1,0.0007639419404125,rep,syn,False,nonada,nonada,nonada
2210AG,2210.0,AG,3,3,1,0.0007639419404125,rep,syn,False,nonada,nonada,nonada
2211CA,2211.0,CA,3,3,1,0.0007639419404125,rep,nonsyn,False,nonada,nonada,nonada
2211CT,2211.0,CT,3,10,1,0.0007639419404125,rep,nonsyn,True,nonada,nonada,nonada
2213AT,2213.0,AT,3,3,1,0.0007639419404125,rep,nonsyn,False,nonada,nonada,nonada
2214GA,2214.0,GA,2,7,2,0.001527883880825,rep,nonsyn,False,nonada,nonada,nonada
2214GA,2214.0,GA,3,3,1,0.0007639419404125,rep,nonsyn,False,nonada,nonada,nonada
2214GA,2214.0,GA,3,7,1,0.0007639419404125,rep,nonsyn,False,nonada,nonada,nonada
2214GT,2214.0,GT,1,10,1,0.0007639419404125,rep,nonsyn,False,nonada,nonada,nonada
2215CA,2215.0,CA,2,7,1,0.0007639419404125,rep,nonsyn,False,nonada,nonada,nonada
2215CT,2215.0,CT,2,7,1,0.0007639419404125,rep,nonsyn,False,nonada,nonada,nonada
2215CT,2215.0,CT,2,10,1,0.0007639419404125,rep,nonsyn,False,nonada,nonada,nonada
2215CT,2215.0,CT,3,7,1,0.0007639419404125,rep,nonsyn,False,nonada,nonada,nonada
2218CA,2218.0,CA,2,10,1,0.0007639419404125,rep,nonsyn,False,nonada,nonada,nonada
2218CT,2218.0,CT,2,7,1,0.0007639419404125,rep,nonsyn,False,nonada,nonada,nonada
2219CT,2219.0,CT,2,7,1,0.0007639419404125,rep,syn,False,nonada,nonada,nonada
2219CT,2219.0,CT,3,7,2,0.001527883880825,rep,syn,False,nonada,nonada,nonada
221TC,221.0,TC,1,10,1,0.0007639419404125,mat,nonsyn,False,nonada,nonada,nonada
221TC,221.0,TC,2,3,1,0.0007639419404125,mat,nonsyn,False,nonada,nonada,nonada
221TC,221.0,TC,2,7,1,0.0007639419404125,mat,nonsyn,False,nonada,nonada,nonada
221TC,221.0,TC,2,10,1,0.0007639419404125,mat,nonsyn,False,nonada,nonada,nonada
221TC,221.0,TC,3,3,1,0.0007639419404125,mat,nonsyn,False,nonada,nonada,nonada
221TC,221.0,TC,3,7,1,0.0007639419404125,mat,nonsyn,False,nonada,nonada,nonada
2220GA,2220.0,GA,2,10,1,0.0007639419404125,rep,nonsyn,False,nonada,nonada,nonada
2221TC,2221.0,TC,1,3,1,0.0007639419404125,rep,nonsyn,False,nonada,nonada,nonada
2221TC,2221.0,TC,2,3,1,0.0007639419404125,rep,nonsyn,False,nonada,nonada,nonada
2221TC,2221.0,TC,2,7,1,0.0007639419404125,rep,nonsyn,False,nonada,nonada,nonada
2221TC,2221.0,TC,2,10,1,0.0007639419404125,rep,nonsyn,False,nonada,nonada,nonada
2221TC,2221.0,TC,3,10,1,0.0007639419404125,rep,nonsyn,False,nonada,nonada,nonada
2222TC,2222.0,TC,1,10,1,0.0007639419404125,rep,syn,False,nonada,nonada,nonada
2222TC,2222.0,TC,2,7,1,0.0007639419404125,rep,syn,False,nonada,nonada,nonada
2222TC,2222.0,TC,2,10,1,0.0007639419404125,rep,syn,False,nonada,nonada,nonada
2222TC,2222.0,TC,3,10,1,0.0007639419404125,rep,syn,False,nonada,nonada,nonada
2224CA,2224.0,CA,3,7,1,0.0007639419404125,rep,nonsyn,False,nonada,nonada,nonada
2225CA,2225.0,CA,2,10,1,0.0007639419404125,rep,syn,False,nonada,nonada,nonada
2226CT,2226.0,CT,1,3,1,0.0007639419404125,rep,nonsyn,False,nonada,nonada,nonada
2226CT,2226.0,CT,2,3,1,0.0007639419404125,rep,nonsyn,False,nonada,nonada,nonada
2226CT,2226.0,CT,2,10,1,0.0007639419404125,rep,nonsyn,False,nonada,nonada,nonada
2226CT,2226.0,CT,3,7,1,0.0007639419404125,rep,nonsyn,False,nonada,nonada,nonada
2226CT,2226.0,CT,3,10,1,0.0007639419404125,rep,nonsyn,False,nonada,nonada,nonada
2227CT,2227.0,CT,1,10,1,0.0007639419404125,rep,nonsyn,False,nonada,nonada,nonada
2228CT,2228.0,CT,1,3,2,0.001527883880825,rep,syn,False,nonada,nonada,nonada
2229CT,2229.0,CT,3,7,1,0.0007639419404125,rep,nonsyn,False,nonada,nonada,nonada
222CT,222.0,CT,2,10,1,0.0007639419404125,mat,syn,False,nonada,nonada,nonada
222CT,222.0,CT,3,10,2,0.001527883880825,mat,syn,False,nonada,nonada,nonada
2230GA,2230.0,GA,2,10,1,0.0007639419404125,rep,nonsyn,False,nonada,nonada,nonada
2231CT,2231.0,CT,1,3,1,0.0007639419404125,rep,syn,False,nonada,nonada,nonada
2231CT,2231.0,CT,3,3,1,0.0007639419404125,rep,syn,False,nonada,nonada,nonada
2232GA,2232.0,GA,3,10,1,0.0007639419404125,rep,nonsyn,False,nonada,nonada,nonada
2234TA,2234.0,TA,1,3,1,0.0007639419404125,rep,syn,False,nonada,nonada,nonada
2234TC,2234.0,TC,1,3,1,0.0007639419404125,rep,syn,False,nonada,nonada,nonada
2234TC,2234.0,TC,1,7,1,0.0007639419404125,rep,syn,False,nonada,nonada,nonada
2234TC,2234.0,TC,1,10,2,0.001527883880825,rep,syn,False,nonada,nonada,nonada
2234TC,2234.0,TC,2,3,1,0.0007639419404125,rep,syn,False,nonada,nonada,nonada
2234TC,2234.0,TC,2,7,1,0.0007639419404125,rep,syn,False,nonada,nonada,nonada
2234TC,2234.0,TC,3,7,2,0.001527883880825,rep,syn,False,nonada,nonada,nonada
2234TG,2234.0,TG,3,7,1,0.0007639419404125,rep,syn,False,nonada,nonada,nonada
2235CA,2235.0,CA,3,10,1,0.0007639419404125,rep,nonsyn,False,nonada,nonada,nonada
2235CT,2235.0,CT,1,7,1,0.0007639419404125,rep,syn,False,nonada,nonada,nonada
2235CT,2235.0,CT,1,10,1,0.0007639419404125,rep,syn,False,nonada,nonada,nonada
2235CT,2235.0,CT,2,3,1,0.0007639419404125,rep,syn,False,nonada,nonada,nonada
2236TA,2236.0,TA,1,3,1,0.0007639419404125,rep,nonsyn,False,nonada,nonada,nonada
2236TC,2236.0,TC,1,7,1,0.0007639419404125,rep,nonsyn,False,nonada,nonada,nonada
2237GA,2237.0,GA,1,7,1,0.0007639419404125,rep,syn,False,nonada,nonada,nonada
2237GA,2237.0,GA,3,7,1,0.0007639419404125,rep,syn,False,nonada,nonada,nonada
2237GA,2237.0,GA,3,10,2,0.001527883880825,rep,syn,False,nonada,nonada,nonada
2237GT,2237.0,GT,2,7,1,0.0007639419404125,rep,syn,False,nonada,nonada,nonada
2238AG,2238.0,AG,3,10,1,0.0007639419404125,rep,nonsyn,False,nonada,nonada,nonada
2238AT,2238.0,AT,2,3,1,0.0007639419404125,rep,nonsyn,True,nonada,nonada,nonada
2239GA,2239.0,GA,2,10,1,0.0007639419404125,rep,nonsyn,False,nonada,nonada,nonada
2239GA,2239.0,GA,3,3,3,0.0022918258212375,rep,nonsyn,False,nonada,nonada,nonada
2239GA,2239.0,GA,3,7,2,0.001527883880825,rep,nonsyn,False,nonada,nonada,nonada
223TC,223.0,TC,1,3,1,0.0007639419404125,mat,nonsyn,False,nonada,nonada,nonada
223TC,223.0,TC,1,7,2,0.001527883880825,mat,nonsyn,False,nonada,nonada,nonada
223TC,223.0,TC,1,10,1,0.0007639419404125,mat,nonsyn,False,nonada,nonada,nonada
223TC,223.0,TC,3,3,1,0.0007639419404125,mat,nonsyn,False,nonada,nonada,nonada
223TC,223.0,TC,3,7,2,0.001527883880825,mat,nonsyn,False,nonada,nonada,nonada
223TC,223.0,TC,3,10,1,0.0007639419404125,mat,nonsyn,False,nonada,nonada,nonada
2241GA,2241.0,GA,1,3,1,0.0007639419404125,rep,nonsyn,False,nonada,nonada,nonada
2241GA,2241.0,GA,2,7,1,0.0007639419404125,rep,nonsyn,False,nonada,nonada,nonada
2241GA,2241.0,GA,2,10,1,0.0007639419404125,rep,nonsyn,False,nonada,nonada,nonada
2241GA,2241.0,GA,3,3,1,0.0007639419404125,rep,nonsyn,False,nonada,nonada,nonada
2242CG,2242.0,CG,1,7,1,0.0007639419404125,rep,nonsyn,False,nonada,nonada,nonada
2242CT,2242.0,CT,1,3,2,0.001527883880825,rep,nonsyn,False,nonada,nonada,nonada
2242CT,2242.0,CT,1,7,1,0.0007639419404125,rep,nonsyn,False,nonada,nonada,nonada
2242CT,2242.0,CT,2,3,1,0.0007639419404125,rep,nonsyn,False,nonada,nonada,nonada
2242CT,2242.0,CT,3,10,1,0.0007639419404125,rep,nonsyn,False,nonada,nonada,nonada
2243GA,2243.0,GA,3,7,1,0.0007639419404125,rep,syn,False,nonada,nonada,nonada
2243GA,2243.0,GA,3,10,1,0.0007639419404125,rep,syn,False,nonada,nonada,nonada
2244GA,2244.0,GA,1,7,1,0.0007639419404125,rep,nonsyn,False,nonada,nonada,nonada
2244GA,2244.0,GA,1,10,1,0.0007639419404125,rep,nonsyn,False,nonada,nonada,nonada
2244GA,2244.0,GA,2,3,1,0.0007639419404125,rep,nonsyn,False,nonada,nonada,nonada
2244GA,2244.0,GA,2,7,1,0.0007639419404125,rep,nonsyn,False,nonada,nonada,nonada
2244GA,2244.0,GA,3,10,1,0.0007639419404125,rep,nonsyn,False,nonada,nonada,nonada
2244GT,2244.0,GT,3,3,1,0.0007639419404125,rep,nonsyn,False,nonada,nonada,nonada
2245CT,2245.0,CT,1,7,1,0.0007639419404125,rep,nonsyn,False,nonada,nonada,nonada
2246TA,2246.0,TA,2,7,1,0.0007639419404125,rep,syn,False,nonada,nonada,nonada
2246TC,2246.0,TC,1,3,2,0.001527883880825,rep,syn,False,nonada,nonada,nonada
2246TC,2246.0,TC,3,10,1,0.0007639419404125,rep,syn,False,nonada,nonada,nonada
2247CT,2247.0,CT,2,3,1,0.0007639419404125,rep,syn,False,nonada,nonada,nonada
2248TC,2248.0,TC,1,7,2,0.001527883880825,rep,nonsyn,False,nonada,nonada,nonada
2248TC,2248.0,TC,3,7,1,0.0007639419404125,rep,nonsyn,False,nonada,nonada,nonada
2249AG,2249.0,AG,1,3,1,0.0007639419404125,rep,syn,False,nonada,nonada,nonada
2249AG,2249.0,AG,1,7,1,0.0007639419404125,rep,syn,False,nonada,nonada,nonada
2249AG,2249.0,AG,1,10,1,0.0007639419404125,rep,syn,False,nonada,nonada,nonada
2249AG,2249.0,AG,2,7,3,0.0022918258212375,rep,syn,False,nonada,nonada,nonada
2249AG,2249.0,AG,3,7,1,0.0007639419404125,rep,syn,False,nonada,nonada,nonada
2249AG,2249.0,AG,3,10,1,0.0007639419404125,rep,syn,False,nonada,nonada,nonada
2249AT,2249.0,AT,2,7,1,0.0007639419404125,rep,syn,False,nonada,nonada,nonada
224CA,224.0,CA,3,7,1,0.0007639419404125,mat,nonsyn,False,nonada,nonada,nonada
224CA,224.0,CA,3,10,1,0.0007639419404125,mat,nonsyn,False,nonada,nonada,nonada
2250TC,2250.0,TC,1,10,1,0.0007639419404125,rep,syn,False,nonada,nonada,nonada
2250TC,2250.0,TC,2,10,1,0.0007639419404125,rep,syn,False,nonada,nonada,nonada
2250TC,2250.0,TC,3,3,1,0.0007639419404125,rep,syn,False,nonada,nonada,nonada
2250TC,2250.0,TC,3,7,5,0.0038197097020626,rep,syn,False,nonada,nonada,nonada
2251TC,2251.0,TC,1,3,1,0.0007639419404125,rep,nonsyn,False,nonada,nonada,nonada
2251TC,2251.0,TC,1,10,1,0.0007639419404125,rep,nonsyn,False,nonada,nonada,nonada
2251TG,2251.0,TG,2,7,1,0.0007639419404125,rep,nonsyn,False,nonada,nonada,nonada
2252GA,2252.0,GA,1,10,1,0.0007639419404125,rep,syn,False,nonada,nonada,nonada
2252GA,2252.0,GA,2,3,1,0.0007639419404125,rep,syn,False,nonada,nonada,nonada
2252GA,2252.0,GA,3,7,1,0.0007639419404125,rep,syn,False,nonada,nonada,nonada
2252GA,2252.0,GA,3,10,2,0.001527883880825,rep,syn,False,nonada,nonada,nonada
2252GT,2252.0,GT,1,3,2,0.001527883880825,rep,nonsyn,False,nonada,nonada,nonada
2252GT,2252.0,GT,3,7,1,0.0007639419404125,rep,nonsyn,False,nonada,nonada,nonada
2252GT,2252.0,GT,3,10,1,0.0007639419404125,rep,nonsyn,False,nonada,nonada,nonada
2253GA,2253.0,GA,2,7,1,0.0007639419404125,rep,nonsyn,False,nonada,nonada,nonada
2253GA,2253.0,GA,3,7,1,0.0007639419404125,rep,nonsyn,False,nonada,nonada,nonada
2253GA,2253.0,GA,3,10,1,0.0007639419404125,rep,nonsyn,False,nonada,nonada,nonada
2254TC,2254.0,TC,2,7,1,0.0007639419404125,rep,nonsyn,False,nonada,nonada,nonada
2254TC,2254.0,TC,2,10,1,0.0007639419404125,rep,nonsyn,False,nonada,nonada,nonada
2254TC,2254.0,TC,3,7,1,0.0007639419404125,rep,nonsyn,False,nonada,nonada,nonada
2255CT,2255.0,CT,1,10,1,0.0007639419404125,rep,syn,False,nonada,nonada,nonada
2255CT,2255.0,CT,2,7,1,0.0007639419404125,rep,syn,False,nonada,nonada,nonada
2256CA,2256.0,CA,2,3,1,0.0007639419404125,rep,syn,False,nonada,nonada,nonada
2256CT,2256.0,CT,2,7,1,0.0007639419404125,rep,nonsyn,True,nonada,nonada,nonada
2257GA,2257.0,GA,1,7,2,0.001527883880825,rep,nonsyn,False,nonada,nonada,nonada
2257GA,2257.0,GA,1,10,1,0.0007639419404125,rep,nonsyn,False,nonada,nonada,nonada
2257GA,2257.0,GA,2,10,1,0.0007639419404125,rep,nonsyn,False,nonada,nonada,nonada
2257GA,2257.0,GA,3,10,1,0.0007639419404125,rep,nonsyn,False,nonada,nonada,nonada
2257GT,2257.0,GT,1,10,1,0.0007639419404125,rep,nonsyn,False,nonada,nonada,nonada
2258AG,2258.0,AG,1,3,1,0.0007639419404125,rep,syn,False,nonada,nonada,nonada
2259GA,2259.0,GA,1,10,1,0.0007639419404125,rep,nonsyn,False,nonada,nonada,nonada
2259GC,2259.0,GC,2,10,1,0.0007639419404125,rep,nonsyn,False,nonada,nonada,nonada
225TC,225.0,TC,1,3,1,0.0007639419404125,mat,syn,False,nonada,nonada,nonada
225TC,225.0,TC,1,10,2,0.001527883880825,mat,syn,False,nonada,nonada,nonada
225TC,225.0,TC,2,3,1,0.0007639419404125,mat,syn,False,nonada,nonada,nonada
225TC,225.0,TC,2,10,3,0.0022918258212375,mat,syn,False,nonada,nonada,nonada
225TC,225.0,TC,3,7,2,0.001527883880825,mat,syn,False,nonada,nonada,nonada
225TG,225.0,TG,2,7,1,0.0007639419404125,mat,syn,False,nonada,nonada,nonada
2261CT,2261.0,CT,1,3,2,0.001527883880825,rep,syn,False,nonada,nonada,nonada
2261CT,2261.0,CT,1,10,1,0.0007639419404125,rep,syn,False,nonada,nonada,nonada
2261CT,2261.0,CT,2,3,1,0.0007639419404125,rep,syn,False,nonada,nonada,nonada
2262CA,2262.0,CA,1,7,2,0.001527883880825,rep,nonsyn,False,nonada,nonada,nonada
2262CA,2262.0,CA,1,10,2,0.001527883880825,rep,nonsyn,False,nonada,nonada,nonada
2262CA,2262.0,CA,2,7,2,0.001527883880825,rep,nonsyn,False,nonada,nonada,nonada
2262CA,2262.0,CA,3,3,2,0.001527883880825,rep,nonsyn,False,nonada,nonada,nonada
2262CA,2262.0,CA,3,7,2,0.001527883880825,rep,nonsyn,False,nonada,nonada,nonada
2262CA,2262.0,CA,3,10,1,0.0007639419404125,rep,nonsyn,False,nonada,nonada,nonada
2263AG,2263.0,AG,1,7,1,0.0007639419404125,rep,nonsyn,False,nonada,nonada,nonada
2264AG,2264.0,AG,1,3,1,0.0007639419404125,rep,syn,False,nonada,nonada,nonada
2264AG,2264.0,AG,1,10,2,0.001527883880825,rep,syn,False,nonada,nonada,nonada
2264AG,2264.0,AG,2,3,1,0.0007639419404125,rep,syn,False,nonada,nonada,nonada
2264AG,2264.0,AG,2,7,1,0.0007639419404125,rep,syn,False,nonada,nonada,nonada
2264AG,2264.0,AG,2,10,1,0.0007639419404125,rep,syn,False,nonada,nonada,nonada
2264AG,2264.0,AG,3,10,2,0.001527883880825,rep,syn,False,nonada,nonada,nonada
2265TC,2265.0,TC,2,3,1,0.0007639419404125,rep,nonsyn,False,nonada,nonada,nonada
2265TC,2265.0,TC,2,10,1,0.0007639419404125,rep,nonsyn,False,nonada,nonada,nonada
2265TC,2265.0,TC,3,7,1,0.0007639419404125,rep,nonsyn,False,nonada,nonada,nonada
2265TG,2265.0,TG,3,7,1,0.0007639419404125,rep,nonsyn,False,nonada,nonada,nonada
2265TG,2265.0,TG,3,10,1,0.0007639419404125,rep,nonsyn,False,nonada,nonada,nonada
2266GA,2266.0,GA,2,3,1,0.0007639419404125,rep,nonsyn,False,nonada,nonada,nonada
2266GA,2266.0,GA,2,10,1,0.0007639419404125,rep,nonsyn,False,nonada,nonada,nonada
2266GA,2266.0,GA,3,3,1,0.0007639419404125,rep,nonsyn,False,nonada,nonada,nonada
2266GT,2266.0,GT,3,10,1,0.0007639419404125,rep,nonsyn,False,nonada,nonada,nonada
2267TC,2267.0,TC,1,3,2,0.001527883880825,rep,syn,False,nonada,nonada,nonada
2267TC,2267.0,TC,1,7,2,0.001527883880825,rep,syn,False,nonada,nonada,nonada
2267TC,2267.0,TC,3,3,1,0.0007639419404125,rep,syn,False,nonada,nonada,nonada
2267TG,2267.0,TG,1,10,1,0.0007639419404125,rep,nonsyn,False,nonada,nonada,nonada
2267TG,2267.0,TG,2,7,1,0.0007639419404125,rep,nonsyn,False,nonada,nonada,nonada
2268GA,2268.0,GA,2,7,1,0.0007639419404125,rep,nonsyn,False,nonada,nonada,nonada
2268GA,2268.0,GA,3,10,1,0.0007639419404125,rep,nonsyn,False,nonada,nonada,nonada
2268GT,2268.0,GT,1,7,1,0.0007639419404125,rep,nonsyn,False,nonada,nonada,nonada
2268GT,2268.0,GT,1,10,1,0.0007639419404125,rep,nonsyn,False,nonada,nonada,nonada
2269CA,2269.0,CA,1,10,1,0.0007639419404125,rep,nonsyn,False,nonada,nonada,nonada
2269CT,2269.0,CT,1,7,1,0.0007639419404125,rep,nonsyn,False,nonada,nonada,nonada
2269CT,2269.0,CT,1,10,2,0.001527883880825,rep,nonsyn,False,nonada,nonada,nonada
2269CT,2269.0,CT,2,3,1,0.0007639419404125,rep,nonsyn,False,nonada,nonada,nonada
2269CT,2269.0,CT,3,3,2,0.001527883880825,rep,nonsyn,False,nonada,nonada,nonada
2269CT,2269.0,CT,3,7,3,0.0022918258212375,rep,nonsyn,False,nonada,nonada,nonada
2269CT,2269.0,CT,3,10,1,0.0007639419404125,rep,nonsyn,False,nonada,nonada,nonada
226TA,226.0,TA,3,7,1,0.0007639419404125,mat,nonsyn,False,nonada,nonada,nonada
226TC,226.0,TC,2,10,1,0.0007639419404125,mat,syn,False,nonada,nonada,nonada
226TC,226.0,TC,3,7,1,0.0007639419404125,mat,syn,False,nonada,nonada,nonada
226TC,226.0,TC,3,10,1,0.0007639419404125,mat,syn,False,nonada,nonada,nonada
226TG,226.0,TG,1,10,1,0.0007639419404125,mat,nonsyn,False,nonada,nonada,nonada
2270GA,2270.0,GA,1,10,1,0.0007639419404125,rep,syn,False,nonada,nonada,nonada
2270GA,2270.0,GA,2,10,1,0.0007639419404125,rep,syn,False,nonada,nonada,nonada
2270GC,2270.0,GC,1,10,1,0.0007639419404125,rep,syn,False,nonada,nonada,nonada
2270GT,2270.0,GT,1,10,1,0.0007639419404125,rep,syn,False,nonada,nonada,nonada
2271CT,2271.0,CT,1,3,1,0.0007639419404125,rep,nonsyn,False,nonada,nonada,nonada
2271CT,2271.0,CT,1,7,2,0.001527883880825,rep,nonsyn,False,nonada,nonada,nonada
2271CT,2271.0,CT,3,7,1,0.0007639419404125,rep,nonsyn,False,nonada,nonada,nonada
2271CT,2271.0,CT,3,10,2,0.001527883880825,rep,nonsyn,False,nonada,nonada,nonada
2272CA,2272.0,CA,2,10,1,0.0007639419404125,rep,nonsyn,False,nonada,nonada,nonada
2272CT,2272.0,CT,2,7,1,0.0007639419404125,rep,nonsyn,False,nonada,nonada,nonada
2273GA,2273.0,GA,1,3,1,0.0007639419404125,rep,syn,False,nonada,nonada,nonada
2273GA,2273.0,GA,1,10,1,0.0007639419404125,rep,syn,False,nonada,nonada,nonada
2273GA,2273.0,GA,2,7,1,0.0007639419404125,rep,syn,False,nonada,nonada,nonada
2274TA,2274.0,TA,3,7,1,0.0007639419404125,rep,nonsyn,False,nonada,nonada,nonada
2274TC,2274.0,TC,2,10,1,0.0007639419404125,rep,nonsyn,False,nonada,nonada,nonada
2274TG,2274.0,TG,1,3,1,0.0007639419404125,rep,nonsyn,False,nonada,nonada,nonada
2275GA,2275.0,GA,2,3,1,0.0007639419404125,rep,nonsyn,True,nonada,nonada,nonada
2275GA,2275.0,GA,3,3,2,0.001527883880825,rep,nonsyn,True,nonada,nonada,nonada
2276GA,2276.0,GA,1,3,1,0.0007639419404125,rep,nonsyn,True,nonada,nonada,nonada
2276GA,2276.0,GA,2,7,1,0.0007639419404125,rep,nonsyn,True,nonada,nonada,nonada
2276GA,2276.0,GA,3,10,2,0.001527883880825,rep,nonsyn,True,nonada,nonada,nonada
2277AG,2277.0,AG,1,7,1,0.0007639419404125,rep,nonsyn,False,nonada,nonada,nonada
2278TC,2278.0,TC,2,7,2,0.001527883880825,rep,nonsyn,False,nonada,nonada,nonada
2279CT,2279.0,CT,1,10,2,0.001527883880825,rep,syn,False,nonada,nonada,nonada
2279CT,2279.0,CT,2,3,1,0.0007639419404125,rep,syn,False,nonada,nonada,nonada
2279CT,2279.0,CT,3,3,1,0.0007639419404125,rep,syn,False,nonada,nonada,nonada
227TG,227.0,TG,1,3,1,0.0007639419404125,mat,nonsyn,True,nonada,nonada,nonada
2280AG,2280.0,AG,1,10,1,0.0007639419404125,rep,nonsyn,False,nonada,nonada,nonada
2280AG,2280.0,AG,2,7,1,0.0007639419404125,rep,nonsyn,False,nonada,nonada,nonada
2280AG,2280.0,AG,3,3,1,0.0007639419404125,rep,nonsyn,False,nonada,nonada,nonada
2280AG,2280.0,AG,3,7,1,0.0007639419404125,rep,nonsyn,False,nonada,nonada,nonada
2280AG,2280.0,AG,3,10,1,0.0007639419404125,rep,nonsyn,False,nonada,nonada,nonada
2281GA,2281.0,GA,1,7,1,0.0007639419404125,rep,nonsyn,False,nonada,nonada,nonada
2281GA,2281.0,GA,1,10,1,0.0007639419404125,rep,nonsyn,False,nonada,nonada,nonada
2281GA,2281.0,GA,3,3,1,0.0007639419404125,rep,nonsyn,False,nonada,nonada,nonada
2281GT,2281.0,GT,1,7,1,0.0007639419404125,rep,nonsyn,False,nonada,nonada,nonada
2282AG,2282.0,AG,3,10,1,0.0007639419404125,rep,syn,False,nonada,nonada,nonada
2285CT,2285.0,CT,1,3,1,0.0007639419404125,rep,syn,False,nonada,nonada,nonada
2285CT,2285.0,CT,2,3,1,0.0007639419404125,rep,syn,False,nonada,nonada,nonada
2285CT,2285.0,CT,2,7,2,0.001527883880825,rep,syn,False,nonada,nonada,nonada
2285CT,2285.0,CT,3,7,2,0.001527883880825,rep,syn,False,nonada,nonada,nonada
2286GA,2286.0,GA,1,3,1,0.0007639419404125,rep,nonsyn,False,nonada,nonada,nonada
2286GA,2286.0,GA,1,7,1,0.0007639419404125,rep,nonsyn,False,nonada,nonada,nonada
2287CT,2287.0,CT,1,3,1,0.0007639419404125,rep,nonsyn,False,nonada,nonada,nonada
2287CT,2287.0,CT,1,7,1,0.0007639419404125,rep,nonsyn,False,nonada,nonada,nonada
2287CT,2287.0,CT,1,10,2,0.001527883880825,rep,nonsyn,False,nonada,nonada,nonada
2287CT,2287.0,CT,2,10,1,0.0007639419404125,rep,nonsyn,False,nonada,nonada,nonada
2287CT,2287.0,CT,3,3,1,0.0007639419404125,rep,nonsyn,False,nonada,nonada,nonada
2287CT,2287.0,CT,3,7,1,0.0007639419404125,rep,nonsyn,False,nonada,nonada,nonada
2288GA,2288.0,GA,1,7,2,0.001527883880825,rep,syn,False,nonada,nonada,nonada
2288GA,2288.0,GA,1,10,2,0.001527883880825,rep,syn,False,nonada,nonada,nonada
2288GA,2288.0,GA,2,3,1,0.0007639419404125,rep,syn,False,nonada,nonada,nonada
2288GA,2288.0,GA,3,3,1,0.0007639419404125,rep,syn,False,nonada,nonada,nonada
2288GA,2288.0,GA,3,7,1,0.0007639419404125,rep,syn,False,nonada,nonada,nonada
2289GA,2289.0,GA,1,7,3,0.0022918258212375,rep,nonsyn,False,nonada,nonada,nonada
2289GA,2289.0,GA,1,10,1,0.0007639419404125,rep,nonsyn,False,nonada,nonada,nonada
2289GA,2289.0,GA,2,3,1,0.0007639419404125,rep,nonsyn,False,nonada,nonada,nonada
2289GA,2289.0,GA,3,7,2,0.001527883880825,rep,nonsyn,False,nonada,nonada,nonada
228AG,228.0,AG,3,10,1,0.0007639419404125,mat,syn,False,nonada,nonada,nonada
228AT,228.0,AT,1,7,2,0.001527883880825,mat,nonsyn,False,nonada,nonada,nonada
228AT,228.0,AT,1,10,1,0.0007639419404125,mat,nonsyn,False,nonada,nonada,nonada
228AT,228.0,AT,2,3,1,0.0007639419404125,mat,nonsyn,False,nonada,nonada,nonada
228AT,228.0,AT,3,3,1,0.0007639419404125,mat,nonsyn,False,nonada,nonada,nonada
228AT,228.0,AT,3,7,1,0.0007639419404125,mat,nonsyn,False,nonada,nonada,nonada
2290TC,2290.0,TC,1,3,1,0.0007639419404125,rep,nonsyn,False,nonada,nonada,nonada
2290TC,2290.0,TC,1,7,1,0.0007639419404125,rep,nonsyn,False,nonada,nonada,nonada
2290TC,2290.0,TC,1,10,1,0.0007639419404125,rep,nonsyn,False,nonada,nonada,nonada
2290TC,2290.0,TC,3,3,2,0.001527883880825,rep,nonsyn,False,nonada,nonada,nonada
2290TC,2290.0,TC,3,7,3,0.0022918258212375,rep,nonsyn,False,nonada,nonada,nonada
2290TC,2290.0,TC,3,10,1,0.0007639419404125,rep,nonsyn,False,nonada,nonada,nonada
2291CT,2291.0,CT,1,3,1,0.0007639419404125,rep,syn,False,nonada,nonada,nonada
2291CT,2291.0,CT,2,3,2,0.001527883880825,rep,syn,False,nonada,nonada,nonada
2291CT,2291.0,CT,3,3,1,0.0007639419404125,rep,syn,False,nonada,nonada,nonada
2293GA,2293.0,GA,1,3,1,0.0007639419404125,rep,nonsyn,False,nonada,nonada,nonada
2293GA,2293.0,GA,1,7,1,0.0007639419404125,rep,nonsyn,False,nonada,nonada,nonada
2293GA,2293.0,GA,1,10,1,0.0007639419404125,rep,nonsyn,False,nonada,nonada,nonada
2293GA,2293.0,GA,2,3,1,0.0007639419404125,rep,nonsyn,False,nonada,nonada,nonada
2293GA,2293.0,GA,2,7,1,0.0007639419404125,rep,nonsyn,False,nonada,nonada,nonada
2293GA,2293.0,GA,3,3,1,0.0007639419404125,rep,nonsyn,False,nonada,nonada,nonada
2293GC,2293.0,GC,3,10,1,0.0007639419404125,rep,nonsyn,False,nonada,nonada,nonada
2293GT,2293.0,GT,1,10,1,0.0007639419404125,rep,nonsyn,False,nonada,nonada,nonada
2293GT,2293.0,GT,3,3,1,0.0007639419404125,rep,nonsyn,False,nonada,nonada,nonada
2295TC,2295.0,TC,3,3,1,0.0007639419404125,rep,nonsyn,False,nonada,nonada,nonada
2295TC,2295.0,TC,3,7,1,0.0007639419404125,rep,nonsyn,False,nonada,nonada,nonada
2297TC,2297.0,TC,1,3,1,0.0007639419404125,rep,syn,False,nonada,nonada,nonada
2297TC,2297.0,TC,2,3,1,0.0007639419404125,rep,syn,False,nonada,nonada,nonada
2297TC,2297.0,TC,3,3,1,0.0007639419404125,rep,syn,False,nonada,nonada,nonada
2297TC,2297.0,TC,3,7,1,0.0007639419404125,rep,syn,False,nonada,nonada,nonada
2298AG,2298.0,AG,2,10,1,0.0007639419404125,rep,nonsyn,False,nonada,nonada,nonada
2299AG,2299.0,AG,2,7,1,0.0007639419404125,rep,nonsyn,False,nonada,nonada,nonada
2299AG,2299.0,AG,2,10,1,0.0007639419404125,rep,nonsyn,False,nonada,nonada,nonada
229AG,229.0,AG,2,3,1,0.0007639419404125,mat,nonsyn,False,nonada,nonada,nonada
229AG,229.0,AG,2,7,1,0.0007639419404125,mat,nonsyn,False,nonada,nonada,nonada
229AG,229.0,AG,3,3,1,0.0007639419404125,mat,nonsyn,False,nonada,nonada,nonada
229AT,229.0,AT,3,3,1,0.0007639419404125,mat,nonsyn,True,nonada,nonada,nonada
2300CT,2300.0,CT,1,3,2,0.001527883880825,rep,syn,False,nonada,nonada,nonada
2300CT,2300.0,CT,1,7,1,0.0007639419404125,rep,syn,False,nonada,nonada,nonada
2300CT,2300.0,CT,2,7,1,0.0007639419404125,rep,syn,False,nonada,nonada,nonada
2300CT,2300.0,CT,3,7,1,0.0007639419404125,rep,syn,False,nonada,nonada,nonada
2301GA,2301.0,GA,2,7,1,0.0007639419404125,rep,nonsyn,False,nonada,nonada,nonada
2302AG,2302.0,AG,1,3,1,0.0007639419404125,rep,nonsyn,False,nonada,nonada,nonada
2302AG,2302.0,AG,3,3,1,0.0007639419404125,rep,nonsyn,False,nonada,nonada,nonada
2303GA,2303.0,GA,1,10,1,0.0007639419404125,rep,syn,False,nonada,nonada,nonada
2303GA,2303.0,GA,3,10,1,0.0007639419404125,rep,syn,False,nonada,nonada,nonada
2304TC,2304.0,TC,1,7,2,0.001527883880825,rep,nonsyn,False,nonada,nonada,nonada
2305CT,2305.0,CT,2,7,1,0.0007639419404125,rep,nonsyn,False,nonada,nonada,nonada
2306AG,2306.0,AG,1,7,1,0.0007639419404125,rep,syn,False,nonada,nonada,nonada
2306AG,2306.0,AG,1,10,1,0.0007639419404125,rep,syn,False,nonada,nonada,nonada
2306AG,2306.0,AG,2,3,1,0.0007639419404125,rep,syn,False,nonada,nonada,nonada
2306AG,2306.0,AG,3,7,1,0.0007639419404125,rep,syn,False,nonada,nonada,nonada
2306AG,2306.0,AG,3,10,1,0.0007639419404125,rep,syn,False,nonada,nonada,nonada
2308AC,2308.0,AC,3,10,1,0.0007639419404125,rep,nonsyn,False,nonada,nonada,nonada
2308AT,2308.0,AT,2,3,1,0.0007639419404125,rep,nonsyn,False,nonada,nonada,nonada
2308AT,2308.0,AT,2,7,1,0.0007639419404125,rep,nonsyn,False,nonada,nonada,nonada
2309TC,2309.0,TC,1,3,1,0.0007639419404125,rep,syn,False,nonada,nonada,nonada
2309TC,2309.0,TC,2,3,1,0.0007639419404125,rep,syn,False,nonada,nonada,nonada
2309TC,2309.0,TC,2,7,1,0.0007639419404125,rep,syn,False,nonada,nonada,nonada
2309TC,2309.0,TC,2,10,1,0.0007639419404125,rep,syn,False,nonada,nonada,nonada
2309TC,2309.0,TC,3,7,1,0.0007639419404125,rep,syn,False,nonada,nonada,nonada
2309TC,2309.0,TC,3,10,2,0.001527883880825,rep,syn,False,nonada,nonada,nonada
230AG,230.0,AG,1,7,1,0.0007639419404125,mat,nonsyn,False,nonada,nonada,nonada
230AG,230.0,AG,3,7,1,0.0007639419404125,mat,nonsyn,False,nonada,nonada,nonada
2310GA,2310.0,GA,1,3,2,0.001527883880825,rep,nonsyn,False,nonada,nonada,nonada
2310GA,2310.0,GA,1,7,1,0.0007639419404125,rep,nonsyn,False,nonada,nonada,nonada
2310GA,2310.0,GA,1,10,1,0.0007639419404125,rep,nonsyn,False,nonada,nonada,nonada
2310GA,2310.0,GA,2,7,2,0.001527883880825,rep,nonsyn,False,nonada,nonada,nonada
2310GA,2310.0,GA,3,3,2,0.001527883880825,rep,nonsyn,False,nonada,nonada,nonada
2310GA,2310.0,GA,3,7,1,0.0007639419404125,rep,nonsyn,False,nonada,nonada,nonada
2311AC,2311.0,AC,2,7,1,0.0007639419404125,rep,nonsyn,False,nonada,nonada,nonada
2311AG,2311.0,AG,2,7,1,0.0007639419404125,rep,nonsyn,False,nonada,nonada,nonada
2312AG,2312.0,AG,1,3,1,0.0007639419404125,rep,syn,False,nonada,nonada,nonada
2312AG,2312.0,AG,2,10,1,0.0007639419404125,rep,syn,False,nonada,nonada,nonada
2312AT,2312.0,AT,1,3,1,0.0007639419404125,rep,nonsyn,False,nonada,nonada,nonada
2312AT,2312.0,AT,2,7,1,0.0007639419404125,rep,nonsyn,False,nonada,nonada,nonada
2312AT,2312.0,AT,3,3,1,0.0007639419404125,rep,nonsyn,False,nonada,nonada,nonada
2312AT,2312.0,AT,3,10,1,0.0007639419404125,rep,nonsyn,False,nonada,nonada,nonada
2313TC,2313.0,TC,2,3,1,0.0007639419404125,rep,nonsyn,False,nonada,nonada,nonada
2313TC,2313.0,TC,2,7,1,0.0007639419404125,rep,nonsyn,False,nonada,nonada,nonada
2314TC,2314.0,TC,1,10,1,0.0007639419404125,rep,nonsyn,False,nonada,nonada,nonada
2315TC,2315.0,TC,1,3,2,0.001527883880825,rep,syn,False,nonada,nonada,nonada
2315TC,2315.0,TC,2,3,1,0.0007639419404125,rep,syn,False,nonada,nonada,nonada
2315TC,2315.0,TC,2,10,1,0.0007639419404125,rep,syn,False,nonada,nonada,nonada
2315TG,2315.0,TG,3,10,1,0.0007639419404125,rep,nonsyn,False,nonada,nonada,nonada
2316AG,2316.0,AG,1,10,1,0.0007639419404125,rep,nonsyn,False,nonada,nonada,nonada
2316AG,2316.0,AG,3,10,1,0.0007639419404125,rep,nonsyn,False,nonada,nonada,nonada
2317GA,2317.0,GA,2,10,1,0.0007639419404125,rep,nonsyn,False,nonada,nonada,nonada
2318GA,2318.0,GA,1,3,2,0.001527883880825,rep,syn,False,nonada,nonada,nonada
2318GA,2318.0,GA,1,7,2,0.001527883880825,rep,syn,False,nonada,nonada,nonada
2318GA,2318.0,GA,2,7,2,0.001527883880825,rep,syn,False,nonada,nonada,nonada
2318GA,2318.0,GA,3,3,1,0.0007639419404125,rep,syn,False,nonada,nonada,nonada
2318GA,2318.0,GA,3,7,1,0.0007639419404125,rep,syn,False,nonada,nonada,nonada
2318GT,2318.0,GT,3,10,1,0.0007639419404125,rep,nonsyn,False,nonada,nonada,nonada
2319CT,2319.0,CT,1,3,1,0.0007639419404125,rep,nonsyn,False,nonada,nonada,nonada
2319CT,2319.0,CT,1,7,2,0.001527883880825,rep,nonsyn,False,nonada,nonada,nonada
2319CT,2319.0,CT,1,10,1,0.0007639419404125,rep,nonsyn,False,nonada,nonada,nonada
2319CT,2319.0,CT,2,3,1,0.0007639419404125,rep,nonsyn,False,nonada,nonada,nonada
2319CT,2319.0,CT,2,10,1,0.0007639419404125,rep,nonsyn,False,nonada,nonada,nonada
2319CT,2319.0,CT,3,10,1,0.0007639419404125,rep,nonsyn,False,nonada,nonada,nonada
231AG,231.0,AG,1,10,2,0.001527883880825,mat,syn,False,nonada,nonada,nonada
231AG,231.0,AG,2,7,2,0.001527883880825,mat,syn,False,nonada,nonada,nonada
231AG,231.0,AG,3,3,1,0.0007639419404125,mat,syn,False,nonada,nonada,nonada
231AT,231.0,AT,1,3,2,0.001527883880825,mat,nonsyn,False,nonada,nonada,nonada
231AT,231.0,AT,1,10,1,0.0007639419404125,mat,nonsyn,False,nonada,nonada,nonada
231AT,231.0,AT,2,7,2,0.001527883880825,mat,nonsyn,False,nonada,nonada,nonada
2320TC,2320.0,TC,2,10,1,0.0007639419404125,rep,nonsyn,False,nonada,nonada,nonada
2320TG,2320.0,TG,3,10,1,0.0007639419404125,rep,nonsyn,False,nonada,nonada,nonada
2321CT,2321.0,CT,1,7,1,0.0007639419404125,rep,syn,False,nonada,nonada,nonada
2321CT,2321.0,CT,2,7,1,0.0007639419404125,rep,syn,False,nonada,nonada,nonada
2322GA,2322.0,GA,2,3,1,0.0007639419404125,rep,nonsyn,False,nonada,nonada,nonada
2322GA,2322.0,GA,3,7,1,0.0007639419404125,rep,nonsyn,False,nonada,nonada,nonada
2322GA,2322.0,GA,3,10,1,0.0007639419404125,rep,nonsyn,False,nonada,nonada,nonada
2323TC,2323.0,TC,1,3,1,0.0007639419404125,rep,nonsyn,False,nonada,nonada,nonada
2323TC,2323.0,TC,3,3,1,0.0007639419404125,rep,nonsyn,False,nonada,nonada,nonada
2323TC,2323.0,TC,3,7,2,0.001527883880825,rep,nonsyn,False,nonada,nonada,nonada
2323TC,2323.0,TC,3,10,1,0.0007639419404125,rep,nonsyn,False,nonada,nonada,nonada
2323TG,2323.0,TG,1,10,1,0.0007639419404125,rep,nonsyn,False,nonada,nonada,nonada
2324TC,2324.0,TC,2,3,1,0.0007639419404125,rep,syn,False,nonada,nonada,nonada
2324TC,2324.0,TC,2,10,2,0.001527883880825,rep,syn,False,nonada,nonada,nonada
2324TC,2324.0,TC,3,3,1,0.0007639419404125,rep,syn,False,nonada,nonada,nonada
2324TG,2324.0,TG,1,7,1,0.0007639419404125,rep,syn,False,nonada,nonada,nonada
2325GA,2325.0,GA,1,3,1,0.0007639419404125,rep,nonsyn,False,nonada,nonada,nonada
2325GA,2325.0,GA,1,7,1,0.0007639419404125,rep,nonsyn,False,nonada,nonada,nonada
2325GA,2325.0,GA,2,7,2,0.001527883880825,rep,nonsyn,False,nonada,nonada,nonada
2325GT,2325.0,GT,2,3,1,0.0007639419404125,rep,nonsyn,False,nonada,nonada,nonada
2325GT,2325.0,GT,2,7,1,0.0007639419404125,rep,nonsyn,False,nonada,nonada,nonada
2326TC,2326.0,TC,3,3,1,0.0007639419404125,rep,nonsyn,False,nonada,nonada,nonada
2327AT,2327.0,AT,2,10,1,0.0007639419404125,rep,syn,False,nonada,nonada,nonada
2328GA,2328.0,GA,1,7,1,0.0007639419404125,rep,nonsyn,False,nonada,nonada,nonada
2328GA,2328.0,GA,3,3,1,0.0007639419404125,rep,nonsyn,False,nonada,nonada,nonada
2328GA,2328.0,GA,3,7,2,0.001527883880825,rep,nonsyn,False,nonada,nonada,nonada
2328GA,2328.0,GA,3,10,1,0.0007639419404125,rep,nonsyn,False,nonada,nonada,nonada
2329GA,2329.0,GA,1,3,1,0.0007639419404125,rep,nonsyn,False,nonada,nonada,nonada
2329GA,2329.0,GA,1,10,1,0.0007639419404125,rep,nonsyn,False,nonada,nonada,nonada
2329GA,2329.0,GA,2,3,1,0.0007639419404125,rep,nonsyn,False,nonada,nonada,nonada
2329GT,2329.0,GT,3,10,1,0.0007639419404125,rep,nonsyn,False,nonada,nonada,nonada
232TC,232.0,TC,1,7,1,0.0007639419404125,mat,nonsyn,False,nonada,nonada,nonada
2330GA,2330.0,GA,1,7,1,0.0007639419404125,rep,syn,False,nonada,nonada,nonada
2330GA,2330.0,GA,2,7,2,0.001527883880825,rep,syn,False,nonada,nonada,nonada
2332AG,2332.0,AG,1,7,1,0.0007639419404125,rep,nonsyn,False,nonada,nonada,nonada
2332AG,2332.0,AG,1,10,1,0.0007639419404125,rep,nonsyn,False,nonada,nonada,nonada
2332AG,2332.0,AG,2,10,1,0.0007639419404125,rep,nonsyn,False,nonada,nonada,nonada
2333CT,2333.0,CT,2,3,1,0.0007639419404125,rep,syn,False,nonada,nonada,nonada
2333CT,2333.0,CT,2,7,1,0.0007639419404125,rep,syn,False,nonada,nonada,nonada
2334GA,2334.0,GA,2,7,1,0.0007639419404125,rep,nonsyn,False,nonada,nonada,nonada
2334GA,2334.0,GA,3,3,2,0.001527883880825,rep,nonsyn,False,nonada,nonada,nonada
2335GA,2335.0,GA,2,7,1,0.0007639419404125,rep,nonsyn,False,nonada,nonada,nonada
2335GA,2335.0,GA,3,3,1,0.0007639419404125,rep,nonsyn,False,nonada,nonada,nonada
2336AG,2336.0,AG,1,7,1,0.0007639419404125,rep,syn,False,nonada,nonada,nonada
2337GA,2337.0,GA,1,3,1,0.0007639419404125,rep,nonsyn,False,nonada,nonada,nonada
2338TC,2338.0,TC,1,7,1,0.0007639419404125,rep,nonsyn,False,nonada,nonada,nonada
2338TC,2338.0,TC,2,3,1,0.0007639419404125,rep,nonsyn,False,nonada,nonada,nonada
2338TC,2338.0,TC,2,7,2,0.001527883880825,rep,nonsyn,False,nonada,nonada,nonada
2338TC,2338.0,TC,2,10,1,0.0007639419404125,rep,nonsyn,False,nonada,nonada,nonada
2338TC,2338.0,TC,3,7,1,0.0007639419404125,rep,nonsyn,False,nonada,nonada,nonada
2338TG,2338.0,TG,2,10,1,0.0007639419404125,rep,nonsyn,False,nonada,nonada,nonada
2339GT,2339.0,GT,1,7,1,0.0007639419404125,rep,syn,False,nonada,nonada,nonada
2339GT,2339.0,GT,1,10,1,0.0007639419404125,rep,syn,False,nonada,nonada,nonada
233AG,233.0,AG,1,3,1,0.0007639419404125,mat,nonsyn,False,nonada,nonada,nonada
233AG,233.0,AG,3,10,1,0.0007639419404125,mat,nonsyn,False,nonada,nonada,nonada
2340TA,2340.0,TA,3,7,1,0.0007639419404125,rep,nonsyn,False,nonada,nonada,nonada
2340TC,2340.0,TC,2,3,1,0.0007639419404125,rep,nonsyn,False,nonada,nonada,nonada
2340TC,2340.0,TC,2,7,1,0.0007639419404125,rep,nonsyn,False,nonada,nonada,nonada
2340TC,2340.0,TC,2,10,1,0.0007639419404125,rep,nonsyn,False,nonada,nonada,nonada
2341TC,2341.0,TC,2,3,1,0.0007639419404125,rep,nonsyn,False,nonada,nonada,nonada
2342TC,2342.0,TC,1,10,1,0.0007639419404125,rep,syn,False,nonada,nonada,nonada
2342TC,2342.0,TC,3,7,2,0.001527883880825,rep,syn,False,nonada,nonada,nonada
2342TC,2342.0,TC,3,10,1,0.0007639419404125,rep,syn,False,nonada,nonada,nonada
2344CT,2344.0,CT,1,3,1,0.0007639419404125,rep,nonsyn,False,nonada,nonada,nonada
2344CT,2344.0,CT,2,10,1,0.0007639419404125,rep,nonsyn,False,nonada,nonada,nonada
2344CT,2344.0,CT,3,3,1,0.0007639419404125,rep,nonsyn,False,nonada,nonada,nonada
2346GA,2346.0,GA,2,10,1,0.0007639419404125,rep,nonsyn,False,nonada,nonada,nonada
2346GA,2346.0,GA,3,7,1,0.0007639419404125,rep,nonsyn,False,nonada,nonada,nonada
2347TC,2347.0,TC,1,7,1,0.0007639419404125,rep,nonsyn,False,nonada,nonada,nonada
2347TC,2347.0,TC,1,10,1,0.0007639419404125,rep,nonsyn,False,nonada,nonada,nonada
2347TC,2347.0,TC,3,10,1,0.0007639419404125,rep,nonsyn,False,nonada,nonada,nonada
2348TC,2348.0,TC,1,7,1,0.0007639419404125,rep,syn,False,nonada,nonada,nonada
2348TC,2348.0,TC,2,3,1,0.0007639419404125,rep,syn,False,nonada,nonada,nonada
2348TC,2348.0,TC,2,7,1,0.0007639419404125,rep,syn,False,nonada,nonada,nonada
2348TC,2348.0,TC,2,10,2,0.001527883880825,rep,syn,False,nonada,nonada,nonada
2348TC,2348.0,TC,3,7,1,0.0007639419404125,rep,syn,False,nonada,nonada,nonada
2349CT,2349.0,CT,2,3,2,0.001527883880825,rep,nonsyn,False,nonada,nonada,nonada
2349CT,2349.0,CT,2,10,1,0.0007639419404125,rep,nonsyn,False,nonada,nonada,nonada
2349CT,2349.0,CT,3,7,2,0.001527883880825,rep,nonsyn,False,nonada,nonada,nonada
234TG,234.0,TG,1,3,1,0.0007639419404125,mat,nonsyn,True,nonada,nonada,nonada
2350CT,2350.0,CT,3,7,1,0.0007639419404125,rep,nonsyn,False,nonada,nonada,nonada
2350CT,2350.0,CT,3,10,1,0.0007639419404125,rep,nonsyn,False,nonada,nonada,nonada
2351GA,2351.0,GA,2,7,1,0.0007639419404125,rep,syn,False,nonada,nonada,nonada
2351GA,2351.0,GA,2,10,1,0.0007639419404125,rep,syn,False,nonada,nonada,nonada
2351GA,2351.0,GA,3,10,2,0.001527883880825,rep,syn,False,nonada,nonada,nonada
2352AG,2352.0,AG,2,7,1,0.0007639419404125,rep,nonsyn,False,nonada,nonada,nonada
2353AG,2353.0,AG,1,7,1,0.0007639419404125,rep,nonsyn,False,nonada,nonada,nonada
2354GA,2354.0,GA,1,3,3,0.0022918258212375,rep,syn,False,nonada,nonada,nonada
2354GA,2354.0,GA,1,7,3,0.0022918258212375,rep,syn,False,nonada,nonada,nonada
2354GA,2354.0,GA,2,3,1,0.0007639419404125,rep,syn,False,nonada,nonada,nonada
2354GA,2354.0,GA,2,7,1,0.0007639419404125,rep,syn,False,nonada,nonada,nonada
2354GA,2354.0,GA,2,10,2,0.001527883880825,rep,syn,False,nonada,nonada,nonada
2354GA,2354.0,GA,3,3,1,0.0007639419404125,rep,syn,False,nonada,nonada,nonada
2354GA,2354.0,GA,3,7,1,0.0007639419404125,rep,syn,False,nonada,nonada,nonada
2354GA,2354.0,GA,3,10,3,0.0022918258212375,rep,syn,False,nonada,nonada,nonada
2355AG,2355.0,AG,1,7,1,0.0007639419404125,rep,nonsyn,False,nonada,nonada,nonada
2355AG,2355.0,AG,3,3,1,0.0007639419404125,rep,nonsyn,False,nonada,nonada,nonada
2357TA,2357.0,TA,3,10,1,0.0007639419404125,rep,nonsyn,False,nonada,nonada,nonada
2357TC,2357.0,TC,1,7,2,0.001527883880825,rep,syn,False,nonada,nonada,nonada
2357TC,2357.0,TC,1,10,4,0.0030557677616501,rep,syn,False,nonada,nonada,nonada
2357TC,2357.0,TC,3,10,4,0.0030557677616501,rep,syn,False,nonada,nonada,nonada
2358AG,2358.0,AG,2,7,1,0.0007639419404125,rep,nonsyn,False,nonada,nonada,nonada
2358AG,2358.0,AG,3,7,1,0.0007639419404125,rep,nonsyn,False,nonada,nonada,nonada
2358AT,2358.0,AT,3,7,1,0.0007639419404125,rep,nonsyn,False,nonada,nonada,nonada
235CT,235.0,CT,2,10,1,0.0007639419404125,mat,nonsyn,False,nonada,nonada,nonada
2360TC,2360.0,TC,1,3,1,0.0007639419404125,rep,syn,False,nonada,nonada,nonada
2360TC,2360.0,TC,1,7,1,0.0007639419404125,rep,syn,False,nonada,nonada,nonada
2360TC,2360.0,TC,2,3,2,0.001527883880825,rep,syn,False,nonada,nonada,nonada
2360TC,2360.0,TC,2,7,1,0.0007639419404125,rep,syn,False,nonada,nonada,nonada
2362AG,2362.0,AG,1,3,1,0.0007639419404125,rep,nonsyn,False,nonada,nonada,nonada
2362AG,2362.0,AG,1,10,1,0.0007639419404125,rep,nonsyn,False,nonada,nonada,nonada
2362AG,2362.0,AG,3,3,2,0.001527883880825,rep,nonsyn,False,nonada,nonada,nonada
2362AG,2362.0,AG,3,10,1,0.0007639419404125,rep,nonsyn,False,nonada,nonada,nonada
2362AT,2362.0,AT,3,10,1,0.0007639419404125,rep,nonsyn,False,nonada,nonada,nonada
2363AG,2363.0,AG,1,7,1,0.0007639419404125,rep,syn,False,nonada,nonada,nonada
2363AG,2363.0,AG,3,3,1,0.0007639419404125,rep,syn,False,nonada,nonada,nonada
2363AG,2363.0,AG,3,7,2,0.001527883880825,rep,syn,False,nonada,nonada,nonada
2363AT,2363.0,AT,1,3,1,0.0007639419404125,rep,nonsyn,False,nonada,nonada,nonada
2364AG,2364.0,AG,1,7,1,0.0007639419404125,rep,nonsyn,False,nonada,nonada,nonada
2364AG,2364.0,AG,2,10,1,0.0007639419404125,rep,nonsyn,False,nonada,nonada,nonada
2364AG,2364.0,AG,3,10,1,0.0007639419404125,rep,nonsyn,False,nonada,nonada,nonada
2365TC,2365.0,TC,2,7,1,0.0007639419404125,rep,nonsyn,False,nonada,nonada,nonada
2367GA,2367.0,GA,1,3,2,0.001527883880825,rep,nonsyn,False,nonada,nonada,nonada
2367GA,2367.0,GA,1,7,1,0.0007639419404125,rep,nonsyn,False,nonada,nonada,nonada
2367GA,2367.0,GA,3,3,1,0.0007639419404125,rep,nonsyn,False,nonada,nonada,nonada
2367GA,2367.0,GA,3,10,1,0.0007639419404125,rep,nonsyn,False,nonada,nonada,nonada
2368AG,2368.0,AG,1,7,1,0.0007639419404125,rep,nonsyn,False,nonada,nonada,nonada
2369TC,2369.0,TC,1,3,1,0.0007639419404125,rep,syn,False,nonada,nonada,nonada
2369TC,2369.0,TC,2,3,1,0.0007639419404125,rep,syn,False,nonada,nonada,nonada
236GA,236.0,GA,1,7,1,0.0007639419404125,mat,nonsyn,False,nonada,nonada,nonada
236GA,236.0,GA,3,3,1,0.0007639419404125,mat,nonsyn,False,nonada,nonada,nonada
236GA,236.0,GA,3,7,2,0.001527883880825,mat,nonsyn,False,nonada,nonada,nonada
236GT,236.0,GT,3,3,1,0.0007639419404125,mat,nonsyn,False,nonada,nonada,nonada
2370CG,2370.0,CG,2,7,1,0.0007639419404125,rep,nonsyn,False,nonada,nonada,nonada
2372GA,2372.0,GA,1,7,1,0.0007639419404125,rep,syn,False,nonada,nonada,nonada
2372GA,2372.0,GA,2,10,2,0.001527883880825,rep,syn,False,nonada,nonada,nonada
2372GA,2372.0,GA,3,7,1,0.0007639419404125,rep,syn,False,nonada,nonada,nonada
2372GA,2372.0,GA,3,10,1,0.0007639419404125,rep,syn,False,nonada,nonada,nonada
2373GA,2373.0,GA,3,10,1,0.0007639419404125,rep,nonsyn,False,nonada,nonada,nonada
2374CT,2374.0,CT,2,7,1,0.0007639419404125,rep,nonsyn,False,nonada,nonada,nonada
2374CT,2374.0,CT,3,3,1,0.0007639419404125,rep,nonsyn,False,nonada,nonada,nonada
2374CT,2374.0,CT,3,7,1,0.0007639419404125,rep,nonsyn,False,nonada,nonada,nonada
2375TC,2375.0,TC,1,7,1,0.0007639419404125,rep,syn,False,nonada,nonada,nonada
2375TC,2375.0,TC,2,7,1,0.0007639419404125,rep,syn,False,nonada,nonada,nonada
2375TC,2375.0,TC,2,10,1,0.0007639419404125,rep,syn,False,nonada,nonada,nonada
2376GA,2376.0,GA,1,3,1,0.0007639419404125,rep,nonsyn,False,nonada,nonada,nonada
2376GA,2376.0,GA,1,7,1,0.0007639419404125,rep,nonsyn,False,nonada,nonada,nonada
2376GA,2376.0,GA,2,3,1,0.0007639419404125,rep,nonsyn,False,nonada,nonada,nonada
2376GA,2376.0,GA,2,7,1,0.0007639419404125,rep,nonsyn,False,nonada,nonada,nonada
2376GA,2376.0,GA,3,3,1,0.0007639419404125,rep,nonsyn,False,nonada,nonada,nonada
2376GC,2376.0,GC,3,7,1,0.0007639419404125,rep,nonsyn,False,nonada,nonada,nonada
2377CA,2377.0,CA,2,10,1,0.0007639419404125,rep,nonsyn,False,nonada,nonada,nonada
2377CT,2377.0,CT,2,3,1,0.0007639419404125,rep,nonsyn,False,nonada,nonada,nonada
2379TC,2379.0,TC,2,3,3,0.0022918258212375,rep,nonsyn,False,nonada,nonada,nonada
2379TC,2379.0,TC,2,7,1,0.0007639419404125,rep,nonsyn,False,nonada,nonada,nonada
2379TC,2379.0,TC,3,3,1,0.0007639419404125,rep,nonsyn,False,nonada,nonada,nonada
237TA,237.0,TA,2,7,1,0.0007639419404125,mat,syn,False,nonada,nonada,nonada
237TC,237.0,TC,1,3,1,0.0007639419404125,mat,syn,False,nonada,nonada,nonada
237TC,237.0,TC,1,10,2,0.001527883880825,mat,syn,False,nonada,nonada,nonada
237TC,237.0,TC,2,7,2,0.001527883880825,mat,syn,False,nonada,nonada,nonada
237TC,237.0,TC,3,7,2,0.001527883880825,mat,syn,False,nonada,nonada,nonada
2380GA,2380.0,GA,1,3,1,0.0007639419404125,rep,nonsyn,False,nonada,nonada,nonada
2380GA,2380.0,GA,3,7,1,0.0007639419404125,rep,nonsyn,False,nonada,nonada,nonada
2381TC,2381.0,TC,1,7,4,0.0030557677616501,rep,syn,False,nonada,nonada,nonada
2381TC,2381.0,TC,1,10,1,0.0007639419404125,rep,syn,False,nonada,nonada,nonada
2381TC,2381.0,TC,2,3,1,0.0007639419404125,rep,syn,False,nonada,nonada,nonada
2381TC,2381.0,TC,2,7,2,0.001527883880825,rep,syn,False,nonada,nonada,nonada
2381TC,2381.0,TC,2,10,1,0.0007639419404125,rep,syn,False,nonada,nonada,nonada
2381TC,2381.0,TC,3,10,2,0.001527883880825,rep,syn,False,nonada,nonada,nonada
2382AG,2382.0,AG,1,10,1,0.0007639419404125,rep,nonsyn,False,nonada,nonada,nonada
2384GA,2384.0,GA,2,10,1,0.0007639419404125,rep,syn,False,nonada,nonada,nonada
2384GA,2384.0,GA,3,7,1,0.0007639419404125,rep,syn,False,nonada,nonada,nonada
2384GT,2384.0,GT,1,7,1,0.0007639419404125,rep,nonsyn,False,nonada,nonada,nonada
2385GA,2385.0,GA,2,3,1,0.0007639419404125,rep,nonsyn,False,nonada,nonada,nonada
2386AG,2386.0,AG,1,10,1,0.0007639419404125,rep,nonsyn,False,nonada,nonada,nonada
2386AG,2386.0,AG,3,3,1,0.0007639419404125,rep,nonsyn,False,nonada,nonada,nonada
2386AT,2386.0,AT,1,10,1,0.0007639419404125,rep,nonsyn,False,nonada,nonada,nonada
2388CT,2388.0,CT,1,7,1,0.0007639419404125,rep,nonsyn,False,nonada,nonada,nonada
2388CT,2388.0,CT,3,3,1,0.0007639419404125,rep,nonsyn,False,nonada,nonada,nonada
2388CT,2388.0,CT,3,7,2,0.001527883880825,rep,nonsyn,False,nonada,nonada,nonada
2389CA,2389.0,CA,2,7,1,0.0007639419404125,rep,nonsyn,False,nonada,nonada,nonada
238TC,238.0,TC,2,10,1,0.0007639419404125,mat,nonsyn,False,nonada,nonada,nonada
238TC,238.0,TC,3,10,1,0.0007639419404125,mat,nonsyn,False,nonada,nonada,nonada
2390TA,2390.0,TA,3,7,1,0.0007639419404125,rep,syn,False,nonada,nonada,nonada
2390TC,2390.0,TC,1,7,1,0.0007639419404125,rep,syn,False,nonada,nonada,nonada
2390TC,2390.0,TC,1,10,1,0.0007639419404125,rep,syn,False,nonada,nonada,nonada
2390TC,2390.0,TC,2,3,1,0.0007639419404125,rep,syn,False,nonada,nonada,nonada
2390TC,2390.0,TC,2,7,1,0.0007639419404125,rep,syn,False,nonada,nonada,nonada
2390TC,2390.0,TC,2,10,1,0.0007639419404125,rep,syn,False,nonada,nonada,nonada
2390TC,2390.0,TC,3,3,1,0.0007639419404125,rep,syn,False,nonada,nonada,nonada
2390TC,2390.0,TC,3,7,1,0.0007639419404125,rep,syn,False,nonada,nonada,nonada
2390TG,2390.0,TG,2,10,1,0.0007639419404125,rep,syn,False,nonada,nonada,nonada
2390TG,2390.0,TG,3,10,1,0.0007639419404125,rep,syn,False,nonada,nonada,nonada
2391GA,2391.0,GA,3,3,1,0.0007639419404125,rep,nonsyn,False,nonada,nonada,nonada
2392AG,2392.0,AG,1,3,1,0.0007639419404125,rep,nonsyn,False,nonada,nonada,nonada
2392AT,2392.0,AT,1,7,1,0.0007639419404125,rep,nonsyn,False,nonada,nonada,nonada
2393TC,2393.0,TC,1,7,1,0.0007639419404125,rep,syn,False,nonada,nonada,nonada
2393TC,2393.0,TC,1,10,1,0.0007639419404125,rep,syn,False,nonada,nonada,nonada
2393TC,2393.0,TC,2,3,1,0.0007639419404125,rep,syn,False,nonada,nonada,nonada
2393TC,2393.0,TC,2,10,2,0.001527883880825,rep,syn,False,nonada,nonada,nonada
2393TC,2393.0,TC,3,7,2,0.001527883880825,rep,syn,False,nonada,nonada,nonada
2393TC,2393.0,TC,3,10,2,0.001527883880825,rep,syn,False,nonada,nonada,nonada
2394AG,2394.0,AG,2,3,1,0.0007639419404125,rep,nonsyn,False,nonada,nonada,nonada
2395TC,2395.0,TC,1,7,1,0.0007639419404125,rep,nonsyn,False,nonada,nonada,nonada
2395TC,2395.0,TC,1,10,1,0.0007639419404125,rep,nonsyn,False,nonada,nonada,nonada
2396GA,2396.0,GA,1,7,1,0.0007639419404125,rep,nonsyn,False,nonada,nonada,nonada
2396GA,2396.0,GA,2,3,4,0.0030557677616501,rep,nonsyn,False,nonada,nonada,nonada
2396GA,2396.0,GA,2,10,3,0.0022918258212375,rep,nonsyn,False,nonada,nonada,nonada
2396GA,2396.0,GA,3,3,3,0.0022918258212375,rep,nonsyn,False,nonada,nonada,nonada
2396GA,2396.0,GA,3,7,1,0.0007639419404125,rep,nonsyn,False,nonada,nonada,nonada
2396GA,2396.0,GA,3,10,1,0.0007639419404125,rep,nonsyn,False,nonada,nonada,nonada
2397AG,2397.0,AG,1,7,1,0.0007639419404125,rep,nonsyn,False,nonada,nonada,nonada
2399TA,2399.0,TA,1,10,1,0.0007639419404125,rep,nonsyn,False,nonada,nonada,nonada
239CT,239.0,CT,2,7,1,0.0007639419404125,mat,nonsyn,False,nonada,nonada,nonada
2400AG,2400.0,AG,1,7,1,0.0007639419404125,rep,nonsyn,False,nonada,nonada,nonada
2400AG,2400.0,AG,2,3,1,0.0007639419404125,rep,nonsyn,False,nonada,nonada,nonada
2401TC,2401.0,TC,2,7,1,0.0007639419404125,rep,nonsyn,False,nonada,nonada,nonada
2401TG,2401.0,TG,2,3,1,0.0007639419404125,rep,nonsyn,False,nonada,nonada,nonada
2401TG,2401.0,TG,2,7,1,0.0007639419404125,rep,nonsyn,False,nonada,nonada,nonada
2401TG,2401.0,TG,2,10,1,0.0007639419404125,rep,nonsyn,False,nonada,nonada,nonada
2402GA,2402.0,GA,1,7,1,0.0007639419404125,rep,nonsyn,False,nonada,nonada,nonada
2402GA,2402.0,GA,1,10,1,0.0007639419404125,rep,nonsyn,False,nonada,nonada,nonada
2403TC,2403.0,TC,1,3,1,0.0007639419404125,rep,nonsyn,False,nonada,nonada,nonada
2403TC,2403.0,TC,1,7,1,0.0007639419404125,rep,nonsyn,False,nonada,nonada,nonada
2403TC,2403.0,TC,2,3,1,0.0007639419404125,rep,nonsyn,False,nonada,nonada,nonada
2403TC,2403.0,TC,3,7,1,0.0007639419404125,rep,nonsyn,False,nonada,nonada,nonada
2404AT,2404.0,AT,2,10,1,0.0007639419404125,rep,nonsyn,False,nonada,nonada,nonada
2405CT,2405.0,CT,1,10,2,0.001527883880825,rep,syn,False,nonada,nonada,nonada
2405CT,2405.0,CT,3,10,1,0.0007639419404125,rep,syn,False,nonada,nonada,nonada
2406CA,2406.0,CA,2,3,1,0.0007639419404125,rep,nonsyn,False,nonada,nonada,nonada
2406CT,2406.0,CT,1,3,1,0.0007639419404125,rep,nonsyn,False,nonada,nonada,nonada
2406CT,2406.0,CT,1,7,1,0.0007639419404125,rep,nonsyn,False,nonada,nonada,nonada
2407TC,2407.0,TC,2,3,1,0.0007639419404125,rep,nonsyn,False,nonada,nonada,nonada
2407TC,2407.0,TC,2,7,1,0.0007639419404125,rep,nonsyn,False,nonada,nonada,nonada
2407TC,2407.0,TC,2,10,2,0.001527883880825,rep,nonsyn,False,nonada,nonada,nonada
2407TC,2407.0,TC,3,7,1,0.0007639419404125,rep,nonsyn,False,nonada,nonada,nonada
2408CT,2408.0,CT,1,3,3,0.0022918258212375,rep,syn,False,nonada,nonada,nonada
2408CT,2408.0,CT,1,7,1,0.0007639419404125,rep,syn,False,nonada,nonada,nonada
2408CT,2408.0,CT,1,10,1,0.0007639419404125,rep,syn,False,nonada,nonada,nonada
2408CT,2408.0,CT,2,3,2,0.001527883880825,rep,syn,False,nonada,nonada,nonada
2408CT,2408.0,CT,2,7,1,0.0007639419404125,rep,syn,False,nonada,nonada,nonada
2409CT,2409.0,CT,2,3,1,0.0007639419404125,rep,nonsyn,True,nonada,nonada,nonada
240GA,240.0,GA,3,7,1,0.0007639419404125,mat,syn,False,nonada,nonada,nonada
2410AG,2410.0,AG,3,10,1,0.0007639419404125,rep,nonsyn,False,nonada,nonada,nonada
2411GA,2411.0,GA,1,10,2,0.001527883880825,rep,syn,False,nonada,nonada,nonada
2411GA,2411.0,GA,2,3,2,0.001527883880825,rep,syn,False,nonada,nonada,nonada
2411GA,2411.0,GA,2,10,1,0.0007639419404125,rep,syn,False,nonada,nonada,nonada
2411GA,2411.0,GA,3,7,1,0.0007639419404125,rep,syn,False,nonada,nonada,nonada
2411GA,2411.0,GA,3,10,1,0.0007639419404125,rep,syn,False,nonada,nonada,nonada
2412AG,2412.0,AG,1,3,1,0.0007639419404125,rep,nonsyn,False,nonada,nonada,nonada
2412AG,2412.0,AG,1,10,1,0.0007639419404125,rep,nonsyn,False,nonada,nonada,nonada
2412AG,2412.0,AG,2,3,1,0.0007639419404125,rep,nonsyn,False,nonada,nonada,nonada
2412AT,2412.0,AT,3,7,1,0.0007639419404125,rep,nonsyn,True,nonada,nonada,nonada
2413AG,2413.0,AG,2,7,1,0.0007639419404125,rep,nonsyn,False,nonada,nonada,nonada
2413AG,2413.0,AG,2,10,1,0.0007639419404125,rep,nonsyn,False,nonada,nonada,nonada
2414AG,2414.0,AG,1,10,1,0.0007639419404125,rep,syn,False,nonada,nonada,nonada
2414AG,2414.0,AG,2,10,2,0.001527883880825,rep,syn,False,nonada,nonada,nonada
2414AG,2414.0,AG,3,7,2,0.001527883880825,rep,syn,False,nonada,nonada,nonada
2415GA,2415.0,GA,1,7,3,0.0022918258212375,rep,nonsyn,False,nonada,nonada,nonada
2415GA,2415.0,GA,1,10,1,0.0007639419404125,rep,nonsyn,False,nonada,nonada,nonada
2415GA,2415.0,GA,3,7,2,0.001527883880825,rep,nonsyn,False,nonada,nonada,nonada
2416GA,2416.0,GA,1,3,1,0.0007639419404125,rep,nonsyn,False,nonada,nonada,nonada
2416GA,2416.0,GA,1,10,1,0.0007639419404125,rep,nonsyn,False,nonada,nonada,nonada
2417GA,2417.0,GA,1,3,1,0.0007639419404125,rep,syn,False,nonada,nonada,nonada
2417GA,2417.0,GA,2,3,1,0.0007639419404125,rep,syn,False,nonada,nonada,nonada
2417GA,2417.0,GA,2,7,1,0.0007639419404125,rep,syn,False,nonada,nonada,nonada
2417GA,2417.0,GA,3,3,2,0.001527883880825,rep,syn,False,nonada,nonada,nonada
2417GA,2417.0,GA,3,10,1,0.0007639419404125,rep,syn,False,nonada,nonada,nonada
2418GA,2418.0,GA,3,3,1,0.0007639419404125,rep,nonsyn,False,nonada,nonada,nonada
2418GA,2418.0,GA,3,7,1,0.0007639419404125,rep,nonsyn,False,nonada,nonada,nonada
2419TC,2419.0,TC,1,7,1,0.0007639419404125,rep,nonsyn,False,nonada,nonada,nonada
2419TC,2419.0,TC,1,10,2,0.001527883880825,rep,nonsyn,False,nonada,nonada,nonada
2419TC,2419.0,TC,2,7,1,0.0007639419404125,rep,nonsyn,False,nonada,nonada,nonada
2419TC,2419.0,TC,2,10,2,0.001527883880825,rep,nonsyn,False,nonada,nonada,nonada
2419TC,2419.0,TC,3,7,1,0.0007639419404125,rep,nonsyn,False,nonada,nonada,nonada
241AT,241.0,AT,3,10,1,0.0007639419404125,mat,nonsyn,False,nonada,nonada,nonada
2420CT,2420.0,CT,1,10,1,0.0007639419404125,rep,syn,False,nonada,nonada,nonada
2420CT,2420.0,CT,2,7,2,0.001527883880825,rep,syn,False,nonada,nonada,nonada
2420CT,2420.0,CT,3,3,1,0.0007639419404125,rep,syn,False,nonada,nonada,nonada
2421GA,2421.0,GA,1,3,2,0.001527883880825,rep,nonsyn,False,nonada,nonada,nonada
2421GA,2421.0,GA,1,7,1,0.0007639419404125,rep,nonsyn,False,nonada,nonada,nonada
2421GA,2421.0,GA,2,3,1,0.0007639419404125,rep,nonsyn,False,nonada,nonada,nonada
2421GA,2421.0,GA,3,7,2,0.001527883880825,rep,nonsyn,False,nonada,nonada,nonada
2422GA,2422.0,GA,1,3,2,0.001527883880825,rep,nonsyn,False,nonada,nonada,nonada
2422GA,2422.0,GA,2,10,1,0.0007639419404125,rep,nonsyn,False,nonada,nonada,nonada
2422GA,2422.0,GA,3,3,1,0.0007639419404125,rep,nonsyn,False,nonada,nonada,nonada
2422GA,2422.0,GA,3,7,2,0.001527883880825,rep,nonsyn,False,nonada,nonada,nonada
2422GA,2422.0,GA,3,10,1,0.0007639419404125,rep,nonsyn,False,nonada,nonada,nonada
2423TC,2423.0,TC,1,10,1,0.0007639419404125,rep,syn,False,nonada,nonada,nonada
2423TC,2423.0,TC,2,3,1,0.0007639419404125,rep,syn,False,nonada,nonada,nonada
2423TC,2423.0,TC,2,7,1,0.0007639419404125,rep,syn,False,nonada,nonada,nonada
2423TC,2423.0,TC,3,7,2,0.001527883880825,rep,syn,False,nonada,nonada,nonada
2423TC,2423.0,TC,3,10,3,0.0022918258212375,rep,syn,False,nonada,nonada,nonada
2424GA,2424.0,GA,2,3,1,0.0007639419404125,rep,nonsyn,False,nonada,nonada,nonada
2424GA,2424.0,GA,3,10,1,0.0007639419404125,rep,nonsyn,False,nonada,nonada,nonada
2425CT,2425.0,CT,2,3,1,0.0007639419404125,rep,nonsyn,False,nonada,nonada,nonada
2425CT,2425.0,CT,3,7,3,0.0022918258212375,rep,nonsyn,False,nonada,nonada,nonada
2426CT,2426.0,CT,1,3,2,0.001527883880825,rep,syn,False,nonada,nonada,nonada
2426CT,2426.0,CT,1,7,2,0.001527883880825,rep,syn,False,nonada,nonada,nonada
2426CT,2426.0,CT,2,10,1,0.0007639419404125,rep,syn,False,nonada,nonada,nonada
2426CT,2426.0,CT,3,7,2,0.001527883880825,rep,syn,False,nonada,nonada,nonada
2427TC,2427.0,TC,1,3,2,0.001527883880825,rep,nonsyn,False,nonada,nonada,nonada
2427TC,2427.0,TC,1,7,2,0.001527883880825,rep,nonsyn,False,nonada,nonada,nonada
2427TC,2427.0,TC,1,10,3,0.0022918258212375,rep,nonsyn,False,nonada,nonada,nonada
2427TC,2427.0,TC,2,3,3,0.0022918258212375,rep,nonsyn,False,nonada,nonada,nonada
2427TC,2427.0,TC,3,3,2,0.001527883880825,rep,nonsyn,False,nonada,nonada,nonada
2427TC,2427.0,TC,3,7,1,0.0007639419404125,rep,nonsyn,False,nonada,nonada,nonada
2427TG,2427.0,TG,3,7,1,0.0007639419404125,rep,nonsyn,False,nonada,nonada,nonada
2428TC,2428.0,TC,1,3,1,0.0007639419404125,rep,nonsyn,False,nonada,nonada,nonada
2429TC,2429.0,TC,1,3,1,0.0007639419404125,rep,syn,False,nonada,nonada,nonada
2429TC,2429.0,TC,1,7,2,0.001527883880825,rep,syn,False,nonada,nonada,nonada
2429TC,2429.0,TC,1,10,2,0.001527883880825,rep,syn,False,nonada,nonada,nonada
2429TC,2429.0,TC,2,3,2,0.001527883880825,rep,syn,False,nonada,nonada,nonada
2429TC,2429.0,TC,2,7,2,0.001527883880825,rep,syn,False,nonada,nonada,nonada
2429TC,2429.0,TC,3,7,1,0.0007639419404125,rep,syn,False,nonada,nonada,nonada
2429TG,2429.0,TG,3,3,1,0.0007639419404125,rep,nonsyn,False,nonada,nonada,nonada
242AG,242.0,AG,2,7,1,0.0007639419404125,mat,nonsyn,False,nonada,nonada,nonada
2430AG,2430.0,AG,1,10,1,0.0007639419404125,rep,nonsyn,False,nonada,nonada,nonada
2431TC,2431.0,TC,2,3,1,0.0007639419404125,rep,nonsyn,False,nonada,nonada,nonada
2431TC,2431.0,TC,2,10,1,0.0007639419404125,rep,nonsyn,False,nonada,nonada,nonada
2431TC,2431.0,TC,3,10,1,0.0007639419404125,rep,nonsyn,False,nonada,nonada,nonada
2431TG,2431.0,TG,3,7,1,0.0007639419404125,rep,nonsyn,False,nonada,nonada,nonada
2432CT,2432.0,CT,1,7,1,0.0007639419404125,rep,syn,False,nonada,nonada,nonada
2432CT,2432.0,CT,1,10,1,0.0007639419404125,rep,syn,False,nonada,nonada,nonada
2432CT,2432.0,CT,2,7,1,0.0007639419404125,rep,syn,False,nonada,nonada,nonada
2432CT,2432.0,CT,2,10,1,0.0007639419404125,rep,syn,False,nonada,nonada,nonada
2432CT,2432.0,CT,3,3,1,0.0007639419404125,rep,syn,False,nonada,nonada,nonada
2432CT,2432.0,CT,3,7,1,0.0007639419404125,rep,syn,False,nonada,nonada,nonada
2432CT,2432.0,CT,3,10,3,0.0022918258212375,rep,syn,False,nonada,nonada,nonada
2433AG,2433.0,AG,2,3,1,0.0007639419404125,rep,nonsyn,False,nonada,nonada,nonada
2433AG,2433.0,AG,2,7,2,0.001527883880825,rep,nonsyn,False,nonada,nonada,nonada
2433AG,2433.0,AG,2,10,1,0.0007639419404125,rep,nonsyn,False,nonada,nonada,nonada
2433AG,2433.0,AG,3,7,1,0.0007639419404125,rep,nonsyn,False,nonada,nonada,nonada
2434GA,2434.0,GA,1,3,1,0.0007639419404125,rep,nonsyn,False,nonada,nonada,nonada
2435AG,2435.0,AG,1,7,1,0.0007639419404125,rep,syn,False,nonada,nonada,nonada
2435AG,2435.0,AG,1,10,1,0.0007639419404125,rep,syn,False,nonada,nonada,nonada
2435AG,2435.0,AG,2,3,1,0.0007639419404125,rep,syn,False,nonada,nonada,nonada
2435AG,2435.0,AG,2,7,1,0.0007639419404125,rep,syn,False,nonada,nonada,nonada
2435AG,2435.0,AG,2,10,1,0.0007639419404125,rep,syn,False,nonada,nonada,nonada
2435AG,2435.0,AG,3,7,3,0.0022918258212375,rep,syn,False,nonada,nonada,nonada
2435AG,2435.0,AG,3,10,2,0.001527883880825,rep,syn,False,nonada,nonada,nonada
2436CA,2436.0,CA,2,7,1,0.0007639419404125,rep,nonsyn,False,nonada,nonada,nonada
2436CA,2436.0,CA,3,10,1,0.0007639419404125,rep,nonsyn,False,nonada,nonada,nonada
2436CT,2436.0,CT,2,10,1,0.0007639419404125,rep,nonsyn,False,nonada,nonada,nonada
2437GA,2437.0,GA,1,3,1,0.0007639419404125,rep,nonsyn,False,nonada,nonada,nonada
2437GA,2437.0,GA,1,7,4,0.0030557677616501,rep,nonsyn,False,nonada,nonada,nonada
2437GA,2437.0,GA,1,10,2,0.001527883880825,rep,nonsyn,False,nonada,nonada,nonada
2437GA,2437.0,GA,2,7,1,0.0007639419404125,rep,nonsyn,False,nonada,nonada,nonada
2437GA,2437.0,GA,2,10,1,0.0007639419404125,rep,nonsyn,False,nonada,nonada,nonada
2437GA,2437.0,GA,3,10,1,0.0007639419404125,rep,nonsyn,False,nonada,nonada,nonada
2438CT,2438.0,CT,1,3,2,0.001527883880825,rep,syn,False,nonada,nonada,nonada
2438CT,2438.0,CT,1,7,1,0.0007639419404125,rep,syn,False,nonada,nonada,nonada
2438CT,2438.0,CT,1,10,1,0.0007639419404125,rep,syn,False,nonada,nonada,nonada
2439CT,2439.0,CT,2,7,1,0.0007639419404125,rep,nonsyn,False,nonada,nonada,nonada
2439CT,2439.0,CT,3,3,1,0.0007639419404125,rep,nonsyn,False,nonada,nonada,nonada
243CT,243.0,CT,2,7,2,0.001527883880825,mat,syn,False,nonada,nonada,nonada
243CT,243.0,CT,2,10,1,0.0007639419404125,mat,syn,False,nonada,nonada,nonada
243CT,243.0,CT,3,7,1,0.0007639419404125,mat,syn,False,nonada,nonada,nonada
2440GA,2440.0,GA,1,3,1,0.0007639419404125,rep,nonsyn,False,nonada,nonada,nonada
2440GA,2440.0,GA,2,3,1,0.0007639419404125,rep,nonsyn,False,nonada,nonada,nonada
2440GA,2440.0,GA,3,3,1,0.0007639419404125,rep,nonsyn,False,nonada,nonada,nonada
2440GA,2440.0,GA,3,7,1,0.0007639419404125,rep,nonsyn,False,nonada,nonada,nonada
2441GA,2441.0,GA,1,3,1,0.0007639419404125,rep,syn,False,nonada,nonada,nonada
2441GA,2441.0,GA,1,10,3,0.0022918258212375,rep,syn,False,nonada,nonada,nonada
2441GA,2441.0,GA,2,3,1,0.0007639419404125,rep,syn,False,nonada,nonada,nonada
2441GA,2441.0,GA,2,7,1,0.0007639419404125,rep,syn,False,nonada,nonada,nonada
2441GA,2441.0,GA,2,10,2,0.001527883880825,rep,syn,False,nonada,nonada,nonada
2441GA,2441.0,GA,3,7,1,0.0007639419404125,rep,syn,False,nonada,nonada,nonada
2441GA,2441.0,GA,3,10,1,0.0007639419404125,rep,syn,False,nonada,nonada,nonada
2442CT,2442.0,CT,1,7,1,0.0007639419404125,rep,nonsyn,False,nonada,nonada,nonada
2442CT,2442.0,CT,2,3,1,0.0007639419404125,rep,nonsyn,False,nonada,nonada,nonada
2443TC,2443.0,TC,1,7,1,0.0007639419404125,rep,nonsyn,False,nonada,nonada,nonada
2443TC,2443.0,TC,2,7,1,0.0007639419404125,rep,nonsyn,False,nonada,nonada,nonada
2443TC,2443.0,TC,2,10,1,0.0007639419404125,rep,nonsyn,False,nonada,nonada,nonada
2443TC,2443.0,TC,3,10,1,0.0007639419404125,rep,nonsyn,False,nonada,nonada,nonada
2443TG,2443.0,TG,2,3,1,0.0007639419404125,rep,nonsyn,False,nonada,nonada,nonada
2444CA,2444.0,CA,1,3,3,0.0022918258212375,rep,syn,False,nonada,nonada,nonada
2444CA,2444.0,CA,1,7,3,0.0022918258212375,rep,syn,False,nonada,nonada,nonada
2444CA,2444.0,CA,1,10,2,0.001527883880825,rep,syn,False,nonada,nonada,nonada
2444CA,2444.0,CA,2,3,3,0.0022918258212375,rep,syn,False,nonada,nonada,nonada
2444CA,2444.0,CA,2,7,2,0.001527883880825,rep,syn,False,nonada,nonada,nonada
2444CA,2444.0,CA,2,10,4,0.0030557677616501,rep,syn,False,nonada,nonada,nonada
2444CA,2444.0,CA,3,7,1,0.0007639419404125,rep,syn,False,nonada,nonada,nonada
2444CT,2444.0,CT,3,7,1,0.0007639419404125,rep,syn,False,nonada,nonada,nonada
2444CT,2444.0,CT,3,10,1,0.0007639419404125,rep,syn,False,nonada,nonada,nonada
2445AG,2445.0,AG,1,7,1,0.0007639419404125,rep,nonsyn,False,nonada,nonada,nonada
2445AG,2445.0,AG,1,10,1,0.0007639419404125,rep,nonsyn,False,nonada,nonada,nonada
2446AG,2446.0,AG,1,3,1,0.0007639419404125,rep,nonsyn,False,nonada,nonada,nonada
2446AG,2446.0,AG,1,10,1,0.0007639419404125,rep,nonsyn,False,nonada,nonada,nonada
2446AG,2446.0,AG,3,10,1,0.0007639419404125,rep,nonsyn,False,nonada,nonada,nonada
2447AC,2447.0,AC,1,10,1,0.0007639419404125,rep,nonsyn,False,nonada,nonada,nonada
2447AG,2447.0,AG,3,7,1,0.0007639419404125,rep,syn,False,nonada,nonada,nonada
2449CT,2449.0,CT,2,3,1,0.0007639419404125,rep,nonsyn,False,nonada,nonada,nonada
2449CT,2449.0,CT,3,10,1,0.0007639419404125,rep,nonsyn,False,nonada,nonada,nonada
244TC,244.0,TC,3,7,1,0.0007639419404125,mat,nonsyn,False,nonada,nonada,nonada
2450CT,2450.0,CT,1,3,2,0.001527883880825,rep,syn,False,nonada,nonada,nonada
2450CT,2450.0,CT,1,7,1,0.0007639419404125,rep,syn,False,nonada,nonada,nonada
2450CT,2450.0,CT,1,10,3,0.0022918258212375,rep,syn,False,nonada,nonada,nonada
2450CT,2450.0,CT,2,7,2,0.001527883880825,rep,syn,False,nonada,nonada,nonada
2450CT,2450.0,CT,2,10,2,0.001527883880825,rep,syn,False,nonada,nonada,nonada
2450CT,2450.0,CT,3,10,1,0.0007639419404125,rep,syn,False,nonada,nonada,nonada
2451GA,2451.0,GA,1,3,1,0.0007639419404125,rep,nonsyn,False,nonada,nonada,nonada
2451GA,2451.0,GA,2,7,1,0.0007639419404125,rep,nonsyn,False,nonada,nonada,nonada
2451GT,2451.0,GT,2,10,2,0.001527883880825,rep,nonsyn,False,nonada,nonada,nonada
2452TC,2452.0,TC,1,10,1,0.0007639419404125,rep,nonsyn,False,nonada,nonada,nonada
2452TC,2452.0,TC,2,10,1,0.0007639419404125,rep,nonsyn,False,nonada,nonada,nonada
2453TC,2453.0,TC,1,3,1,0.0007639419404125,rep,syn,False,nonada,nonada,nonada
2453TC,2453.0,TC,1,7,1,0.0007639419404125,rep,syn,False,nonada,nonada,nonada
2453TC,2453.0,TC,1,10,1,0.0007639419404125,rep,syn,False,nonada,nonada,nonada
2453TC,2453.0,TC,2,7,1,0.0007639419404125,rep,syn,False,nonada,nonada,nonada
2453TC,2453.0,TC,3,3,1,0.0007639419404125,rep,syn,False,nonada,nonada,nonada
2453TG,2453.0,TG,3,3,1,0.0007639419404125,rep,syn,False,nonada,nonada,nonada
2453TG,2453.0,TG,3,10,1,0.0007639419404125,rep,syn,False,nonada,nonada,nonada
2454GA,2454.0,GA,1,3,1,0.0007639419404125,rep,nonsyn,False,nonada,nonada,nonada
2454GA,2454.0,GA,1,10,1,0.0007639419404125,rep,nonsyn,False,nonada,nonada,nonada
2454GA,2454.0,GA,2,7,1,0.0007639419404125,rep,nonsyn,False,nonada,nonada,nonada
2455GA,2455.0,GA,1,3,1,0.0007639419404125,rep,nonsyn,False,nonada,nonada,nonada
2455GA,2455.0,GA,2,3,1,0.0007639419404125,rep,nonsyn,False,nonada,nonada,nonada
2455GA,2455.0,GA,2,7,2,0.001527883880825,rep,nonsyn,False,nonada,nonada,nonada
2456TC,2456.0,TC,2,7,1,0.0007639419404125,rep,syn,False,nonada,nonada,nonada
2456TC,2456.0,TC,2,10,1,0.0007639419404125,rep,syn,False,nonada,nonada,nonada
2456TG,2456.0,TG,1,10,1,0.0007639419404125,rep,syn,False,nonada,nonada,nonada
2457AG,2457.0,AG,1,7,2,0.001527883880825,rep,nonsyn,False,nonada,nonada,nonada
2457AG,2457.0,AG,2,7,1,0.0007639419404125,rep,nonsyn,False,nonada,nonada,nonada
2457AG,2457.0,AG,2,10,1,0.0007639419404125,rep,nonsyn,False,nonada,nonada,nonada
2457AG,2457.0,AG,3,3,1,0.0007639419404125,rep,nonsyn,False,nonada,nonada,nonada
2457AG,2457.0,AG,3,7,1,0.0007639419404125,rep,nonsyn,False,nonada,nonada,nonada
2458TA,2458.0,TA,2,3,1,0.0007639419404125,rep,nonsyn,False,nonada,nonada,nonada
2459AG,2459.0,AG,1,3,1,0.0007639419404125,rep,nonsyn,False,nonada,nonada,nonada
2459AG,2459.0,AG,2,7,1,0.0007639419404125,rep,nonsyn,False,nonada,nonada,nonada
245GA,245.0,GA,3,7,1,0.0007639419404125,mat,nonsyn,True,nonada,nonada,nonada
2460GA,2460.0,GA,2,7,1,0.0007639419404125,rep,nonsyn,False,nonada,nonada,nonada
2462CT,2462.0,CT,1,3,1,0.0007639419404125,rep,syn,False,nonada,nonada,nonada
2462CT,2462.0,CT,1,7,1,0.0007639419404125,rep,syn,False,nonada,nonada,nonada
2462CT,2462.0,CT,3,3,1,0.0007639419404125,rep,syn,False,nonada,nonada,nonada
2462CT,2462.0,CT,3,7,2,0.001527883880825,rep,syn,False,nonada,nonada,nonada
2462CT,2462.0,CT,3,10,1,0.0007639419404125,rep,syn,False,nonada,nonada,nonada
2463CA,2463.0,CA,3,3,1,0.0007639419404125,rep,nonsyn,False,nonada,nonada,nonada
2463CT,2463.0,CT,1,10,3,0.0022918258212375,rep,syn,False,nonada,nonada,nonada
2463CT,2463.0,CT,2,3,1,0.0007639419404125,rep,syn,False,nonada,nonada,nonada
2463CT,2463.0,CT,2,10,2,0.001527883880825,rep,syn,False,nonada,nonada,nonada
2463CT,2463.0,CT,3,3,1,0.0007639419404125,rep,syn,False,nonada,nonada,nonada
2463CT,2463.0,CT,3,7,1,0.0007639419404125,rep,syn,False,nonada,nonada,nonada
2464TC,2464.0,TC,1,3,1,0.0007639419404125,rep,nonsyn,False,nonada,nonada,nonada
2464TC,2464.0,TC,3,3,1,0.0007639419404125,rep,nonsyn,False,nonada,nonada,nonada
2465GA,2465.0,GA,1,3,1,0.0007639419404125,rep,syn,False,nonada,nonada,nonada
2465GA,2465.0,GA,1,7,2,0.001527883880825,rep,syn,False,nonada,nonada,nonada
2465GA,2465.0,GA,1,10,1,0.0007639419404125,rep,syn,False,nonada,nonada,nonada
2465GA,2465.0,GA,3,7,2,0.001527883880825,rep,syn,False,nonada,nonada,nonada
2465GA,2465.0,GA,3,10,2,0.001527883880825,rep,syn,False,nonada,nonada,nonada
2466AG,2466.0,AG,1,3,1,0.0007639419404125,rep,nonsyn,False,nonada,nonada,nonada
2467AC,2467.0,AC,1,7,1,0.0007639419404125,rep,nonsyn,False,nonada,nonada,nonada
2468TC,2468.0,TC,2,3,1,0.0007639419404125,rep,syn,False,nonada,nonada,nonada
2468TC,2468.0,TC,2,10,1,0.0007639419404125,rep,syn,False,nonada,nonada,nonada
2469GA,2469.0,GA,1,7,1,0.0007639419404125,rep,nonsyn,False,nonada,nonada,nonada
2469GA,2469.0,GA,1,10,1,0.0007639419404125,rep,nonsyn,False,nonada,nonada,nonada
2469GA,2469.0,GA,3,7,1,0.0007639419404125,rep,nonsyn,False,nonada,nonada,nonada
246GA,246.0,GA,2,7,1,0.0007639419404125,mat,nonsyn,True,nonada,nonada,nonada
246GA,246.0,GA,3,10,1,0.0007639419404125,mat,nonsyn,True,nonada,nonada,nonada
246GC,246.0,GC,2,7,1,0.0007639419404125,mat,nonsyn,False,nonada,nonada,nonada
2470AG,2470.0,AG,3,3,1,0.0007639419404125,rep,nonsyn,False,nonada,nonada,nonada
2471TA,2471.0,TA,2,7,1,0.0007639419404125,rep,nonsyn,False,nonada,nonada,nonada
2471TC,2471.0,TC,1,7,1,0.0007639419404125,rep,syn,False,nonada,nonada,nonada
2473AG,2473.0,AG,3,3,1,0.0007639419404125,rep,nonsyn,False,nonada,nonada,nonada
2473AG,2473.0,AG,3,7,1,0.0007639419404125,rep,nonsyn,False,nonada,nonada,nonada
2474AG,2474.0,AG,1,3,2,0.001527883880825,rep,syn,False,nonada,nonada,nonada
2474AG,2474.0,AG,1,10,1,0.0007639419404125,rep,syn,False,nonada,nonada,nonada
2474AG,2474.0,AG,2,10,1,0.0007639419404125,rep,syn,False,nonada,nonada,nonada
2474AT,2474.0,AT,3,3,1,0.0007639419404125,rep,nonsyn,False,nonada,nonada,nonada
2476CT,2476.0,CT,1,10,1,0.0007639419404125,rep,nonsyn,False,nonada,nonada,nonada
2476CT,2476.0,CT,2,7,1,0.0007639419404125,rep,nonsyn,False,nonada,nonada,nonada
2476CT,2476.0,CT,3,3,2,0.001527883880825,rep,nonsyn,False,nonada,nonada,nonada
2477GT,2477.0,GT,1,3,1,0.0007639419404125,rep,syn,False,nonada,nonada,nonada
2478AG,2478.0,AG,1,3,1,0.0007639419404125,rep,nonsyn,False,nonada,nonada,nonada
2478AG,2478.0,AG,2,3,2,0.001527883880825,rep,nonsyn,False,nonada,nonada,nonada
2478AG,2478.0,AG,3,7,1,0.0007639419404125,rep,nonsyn,False,nonada,nonada,nonada
2478AG,2478.0,AG,3,10,1,0.0007639419404125,rep,nonsyn,False,nonada,nonada,nonada
2479TC,2479.0,TC,1,3,2,0.001527883880825,rep,nonsyn,False,nonada,nonada,nonada
2479TC,2479.0,TC,2,10,2,0.001527883880825,rep,nonsyn,False,nonada,nonada,nonada
2479TC,2479.0,TC,3,3,1,0.0007639419404125,rep,nonsyn,False,nonada,nonada,nonada
2479TC,2479.0,TC,3,7,1,0.0007639419404125,rep,nonsyn,False,nonada,nonada,nonada
247AC,247.0,AC,1,10,1,0.0007639419404125,mat,nonsyn,False,nonada,nonada,nonada
247AG,247.0,AG,1,7,1,0.0007639419404125,mat,nonsyn,False,nonada,nonada,nonada
247AG,247.0,AG,3,7,1,0.0007639419404125,mat,nonsyn,False,nonada,nonada,nonada
2480CT,2480.0,CT,1,7,1,0.0007639419404125,rep,syn,False,nonada,nonada,nonada
2480CT,2480.0,CT,1,10,2,0.001527883880825,rep,syn,False,nonada,nonada,nonada
2480CT,2480.0,CT,2,7,1,0.0007639419404125,rep,syn,False,nonada,nonada,nonada
2480CT,2480.0,CT,3,7,1,0.0007639419404125,rep,syn,False,nonada,nonada,nonada
2483CT,2483.0,CT,1,7,1,0.0007639419404125,rep,syn,False,nonada,nonada,nonada
2483CT,2483.0,CT,1,10,1,0.0007639419404125,rep,syn,False,nonada,nonada,nonada
2483CT,2483.0,CT,2,3,1,0.0007639419404125,rep,syn,False,nonada,nonada,nonada
2483CT,2483.0,CT,3,3,2,0.001527883880825,rep,syn,False,nonada,nonada,nonada
2484CT,2484.0,CT,2,7,1,0.0007639419404125,rep,nonsyn,True,nonada,nonada,nonada
2485AG,2485.0,AG,2,7,1,0.0007639419404125,rep,nonsyn,False,nonada,nonada,nonada
2485AG,2485.0,AG,3,7,1,0.0007639419404125,rep,nonsyn,False,nonada,nonada,nonada
2485AT,2485.0,AT,1,3,1,0.0007639419404125,rep,nonsyn,False,nonada,nonada,nonada
2486GA,2486.0,GA,2,10,1,0.0007639419404125,rep,syn,False,nonada,nonada,nonada
2486GT,2486.0,GT,2,7,1,0.0007639419404125,rep,nonsyn,False,nonada,nonada,nonada
2487CT,2487.0,CT,1,7,1,0.0007639419404125,rep,nonsyn,False,nonada,nonada,nonada
2487CT,2487.0,CT,3,3,1,0.0007639419404125,rep,nonsyn,False,nonada,nonada,nonada
2487CT,2487.0,CT,3,7,1,0.0007639419404125,rep,nonsyn,False,nonada,nonada,nonada
2487CT,2487.0,CT,3,10,1,0.0007639419404125,rep,nonsyn,False,nonada,nonada,nonada
2488GA,2488.0,GA,1,10,2,0.001527883880825,rep,nonsyn,False,nonada,nonada,nonada
2488GA,2488.0,GA,2,7,1,0.0007639419404125,rep,nonsyn,False,nonada,nonada,nonada
2488GA,2488.0,GA,3,7,1,0.0007639419404125,rep,nonsyn,False,nonada,nonada,nonada
2489TC,2489.0,TC,2,3,1,0.0007639419404125,rep,syn,False,nonada,nonada,nonada
2489TC,2489.0,TC,2,7,1,0.0007639419404125,rep,syn,False,nonada,nonada,nonada
2489TC,2489.0,TC,3,10,1,0.0007639419404125,rep,syn,False,nonada,nonada,nonada
248CT,248.0,CT,3,7,1,0.0007639419404125,mat,nonsyn,False,nonada,nonada,nonada
2490CA,2490.0,CA,3,7,1,0.0007639419404125,rep,nonsyn,False,nonada,nonada,nonada
2490CT,2490.0,CT,3,3,1,0.0007639419404125,rep,syn,False,nonada,nonada,nonada
2491TC,2491.0,TC,2,3,2,0.001527883880825,rep,nonsyn,False,nonada,nonada,nonada
2491TC,2491.0,TC,3,7,1,0.0007639419404125,rep,nonsyn,False,nonada,nonada,nonada
2492GA,2492.0,GA,2,3,1,0.0007639419404125,rep,syn,False,nonada,nonada,nonada
2492GA,2492.0,GA,3,10,1,0.0007639419404125,rep,syn,False,nonada,nonada,nonada
2492GT,2492.0,GT,3,3,1,0.0007639419404125,rep,syn,False,nonada,nonada,nonada
2493GA,2493.0,GA,1,3,2,0.001527883880825,rep,nonsyn,False,nonada,nonada,nonada
2493GA,2493.0,GA,1,10,3,0.0022918258212375,rep,nonsyn,False,nonada,nonada,nonada
2493GA,2493.0,GA,2,3,1,0.0007639419404125,rep,nonsyn,False,nonada,nonada,nonada
2493GA,2493.0,GA,3,3,1,0.0007639419404125,rep,nonsyn,False,nonada,nonada,nonada
2493GA,2493.0,GA,3,7,3,0.0022918258212375,rep,nonsyn,False,nonada,nonada,nonada
2493GT,2493.0,GT,2,7,1,0.0007639419404125,rep,nonsyn,False,nonada,nonada,nonada
2495TC,2495.0,TC,2,10,1,0.0007639419404125,rep,syn,False,nonada,nonada,nonada
2495TC,2495.0,TC,3,3,2,0.001527883880825,rep,syn,False,nonada,nonada,nonada
2495TC,2495.0,TC,3,7,1,0.0007639419404125,rep,syn,False,nonada,nonada,nonada
2497AG,2497.0,AG,1,3,1,0.0007639419404125,rep,nonsyn,False,nonada,nonada,nonada
2497AG,2497.0,AG,3,3,1,0.0007639419404125,rep,nonsyn,False,nonada,nonada,nonada
2497AG,2497.0,AG,3,7,1,0.0007639419404125,rep,nonsyn,False,nonada,nonada,nonada
2498GA,2498.0,GA,1,3,1,0.0007639419404125,rep,syn,False,nonada,nonada,nonada
2498GA,2498.0,GA,1,7,2,0.001527883880825,rep,syn,False,nonada,nonada,nonada
2498GA,2498.0,GA,2,3,1,0.0007639419404125,rep,syn,False,nonada,nonada,nonada
2498GA,2498.0,GA,2,7,1,0.0007639419404125,rep,syn,False,nonada,nonada,nonada
2498GA,2498.0,GA,3,7,1,0.0007639419404125,rep,syn,False,nonada,nonada,nonada
2498GA,2498.0,GA,3,10,1,0.0007639419404125,rep,syn,False,nonada,nonada,nonada
2498GT,2498.0,GT,1,10,1,0.0007639419404125,rep,nonsyn,False,nonada,nonada,nonada
2499CT,2499.0,CT,1,3,1,0.0007639419404125,rep,nonsyn,True,nonada,nonada,nonada
2499CT,2499.0,CT,1,7,2,0.001527883880825,rep,nonsyn,True,nonada,nonada,nonada
2499CT,2499.0,CT,3,7,1,0.0007639419404125,rep,nonsyn,True,nonada,nonada,nonada
2499CT,2499.0,CT,3,10,1,0.0007639419404125,rep,nonsyn,True,nonada,nonada,nonada
249TC,249.0,TC,1,3,1,0.0007639419404125,mat,syn,False,nonada,nonada,nonada
249TC,249.0,TC,1,10,1,0.0007639419404125,mat,syn,False,nonada,nonada,nonada
249TC,249.0,TC,3,3,1,0.0007639419404125,mat,syn,False,nonada,nonada,nonada
249TC,249.0,TC,3,10,1,0.0007639419404125,mat,syn,False,nonada,nonada,nonada
2500AG,2500.0,AG,2,7,1,0.0007639419404125,rep,nonsyn,False,nonada,nonada,nonada
2500AG,2500.0,AG,2,10,1,0.0007639419404125,rep,nonsyn,False,nonada,nonada,nonada
2500AG,2500.0,AG,3,3,1,0.0007639419404125,rep,nonsyn,False,nonada,nonada,nonada
2500AG,2500.0,AG,3,10,2,0.001527883880825,rep,nonsyn,False,nonada,nonada,nonada
2501GA,2501.0,GA,1,10,2,0.001527883880825,rep,syn,False,nonada,nonada,nonada
2501GA,2501.0,GA,3,7,2,0.001527883880825,rep,syn,False,nonada,nonada,nonada
2501GA,2501.0,GA,3,10,1,0.0007639419404125,rep,syn,False,nonada,nonada,nonada
2501GT,2501.0,GT,2,10,1,0.0007639419404125,rep,nonsyn,False,nonada,nonada,nonada
2502GA,2502.0,GA,1,3,2,0.001527883880825,rep,nonsyn,False,nonada,nonada,nonada
2502GA,2502.0,GA,1,7,1,0.0007639419404125,rep,nonsyn,False,nonada,nonada,nonada
2502GA,2502.0,GA,1,10,1,0.0007639419404125,rep,nonsyn,False,nonada,nonada,nonada
2502GA,2502.0,GA,2,10,1,0.0007639419404125,rep,nonsyn,False,nonada,nonada,nonada
2503GA,2503.0,GA,1,7,1,0.0007639419404125,rep,nonsyn,False,nonada,nonada,nonada
2503GA,2503.0,GA,1,10,1,0.0007639419404125,rep,nonsyn,False,nonada,nonada,nonada
2503GA,2503.0,GA,2,3,1,0.0007639419404125,rep,nonsyn,False,nonada,nonada,nonada
2504CA,2504.0,CA,3,10,1,0.0007639419404125,rep,syn,False,nonada,nonada,nonada
2504CT,2504.0,CT,1,7,1,0.0007639419404125,rep,syn,False,nonada,nonada,nonada
2504CT,2504.0,CT,2,3,3,0.0022918258212375,rep,syn,False,nonada,nonada,nonada
2504CT,2504.0,CT,2,10,2,0.001527883880825,rep,syn,False,nonada,nonada,nonada
2504CT,2504.0,CT,3,3,2,0.001527883880825,rep,syn,False,nonada,nonada,nonada
2504CT,2504.0,CT,3,7,1,0.0007639419404125,rep,syn,False,nonada,nonada,nonada
2504CT,2504.0,CT,3,10,2,0.001527883880825,rep,syn,False,nonada,nonada,nonada
2505AG,2505.0,AG,2,10,1,0.0007639419404125,rep,nonsyn,False,nonada,nonada,nonada
2506GA,2506.0,GA,1,3,1,0.0007639419404125,rep,nonsyn,False,nonada,nonada,nonada
2506GA,2506.0,GA,1,10,1,0.0007639419404125,rep,nonsyn,False,nonada,nonada,nonada
2506GA,2506.0,GA,3,7,1,0.0007639419404125,rep,nonsyn,False,nonada,nonada,nonada
2506GA,2506.0,GA,3,10,1,0.0007639419404125,rep,nonsyn,False,nonada,nonada,nonada
2507CT,2507.0,CT,1,7,2,0.001527883880825,rep,syn,False,nonada,nonada,nonada
2507CT,2507.0,CT,1,10,1,0.0007639419404125,rep,syn,False,nonada,nonada,nonada
2507CT,2507.0,CT,2,10,1,0.0007639419404125,rep,syn,False,nonada,nonada,nonada
2508GA,2508.0,GA,1,10,1,0.0007639419404125,rep,nonsyn,False,nonada,nonada,nonada
2508GA,2508.0,GA,2,3,1,0.0007639419404125,rep,nonsyn,False,nonada,nonada,nonada
2508GA,2508.0,GA,3,3,1,0.0007639419404125,rep,nonsyn,False,nonada,nonada,nonada
2508GA,2508.0,GA,3,7,1,0.0007639419404125,rep,nonsyn,False,nonada,nonada,nonada
2509TC,2509.0,TC,1,10,1,0.0007639419404125,rep,nonsyn,False,nonada,nonada,nonada
2509TC,2509.0,TC,2,10,1,0.0007639419404125,rep,nonsyn,False,nonada,nonada,nonada
2509TC,2509.0,TC,3,7,1,0.0007639419404125,rep,nonsyn,False,nonada,nonada,nonada
2510AG,2510.0,AG,1,3,2,0.001527883880825,rep,syn,False,nonada,nonada,nonada
2510AG,2510.0,AG,3,7,1,0.0007639419404125,rep,syn,False,nonada,nonada,nonada
2511GA,2511.0,GA,1,7,1,0.0007639419404125,rep,nonsyn,False,nonada,nonada,nonada
2511GA,2511.0,GA,2,3,2,0.001527883880825,rep,nonsyn,False,nonada,nonada,nonada
2512AG,2512.0,AG,1,7,1,0.0007639419404125,rep,nonsyn,False,nonada,nonada,nonada
2513TA,2513.0,TA,1,10,1,0.0007639419404125,rep,nonsyn,False,nonada,nonada,nonada
2513TC,2513.0,TC,1,10,2,0.001527883880825,rep,syn,False,nonada,nonada,nonada
2513TC,2513.0,TC,2,7,1,0.0007639419404125,rep,syn,False,nonada,nonada,nonada
2514GA,2514.0,GA,1,7,1,0.0007639419404125,rep,nonsyn,False,nonada,nonada,nonada
2514GA,2514.0,GA,2,3,1,0.0007639419404125,rep,nonsyn,False,nonada,nonada,nonada
2514GA,2514.0,GA,3,10,1,0.0007639419404125,rep,nonsyn,False,nonada,nonada,nonada
2515GA,2515.0,GA,1,3,1,0.0007639419404125,rep,nonsyn,False,nonada,nonada,nonada
2515GA,2515.0,GA,2,7,1,0.0007639419404125,rep,nonsyn,False,nonada,nonada,nonada
2515GA,2515.0,GA,3,3,1,0.0007639419404125,rep,nonsyn,False,nonada,nonada,nonada
2515GA,2515.0,GA,3,7,1,0.0007639419404125,rep,nonsyn,False,nonada,nonada,nonada
2515GT,2515.0,GT,3,3,1,0.0007639419404125,rep,nonsyn,False,nonada,nonada,nonada
2515GT,2515.0,GT,3,10,1,0.0007639419404125,rep,nonsyn,False,nonada,nonada,nonada
2516TC,2516.0,TC,1,10,2,0.001527883880825,rep,syn,False,nonada,nonada,nonada
2516TC,2516.0,TC,2,10,2,0.001527883880825,rep,syn,False,nonada,nonada,nonada
2516TC,2516.0,TC,3,10,1,0.0007639419404125,rep,syn,False,nonada,nonada,nonada
2516TG,2516.0,TG,1,7,1,0.0007639419404125,rep,syn,False,nonada,nonada,nonada
2517TC,2517.0,TC,2,7,1,0.0007639419404125,rep,nonsyn,False,nonada,nonada,nonada
2518CT,2518.0,CT,1,3,2,0.001527883880825,rep,nonsyn,False,nonada,nonada,nonada
2518CT,2518.0,CT,3,3,1,0.0007639419404125,rep,nonsyn,False,nonada,nonada,nonada
2518CT,2518.0,CT,3,7,1,0.0007639419404125,rep,nonsyn,False,nonada,nonada,nonada
2519GA,2519.0,GA,1,3,1,0.0007639419404125,rep,syn,False,nonada,nonada,nonada
2519GA,2519.0,GA,2,7,1,0.0007639419404125,rep,syn,False,nonada,nonada,nonada
2519GA,2519.0,GA,2,10,1,0.0007639419404125,rep,syn,False,nonada,nonada,nonada
2519GT,2519.0,GT,1,7,1,0.0007639419404125,rep,syn,False,nonada,nonada,nonada
251CT,251.0,CT,1,7,1,0.0007639419404125,mat,nonsyn,False,nonada,nonada,nonada
251CT,251.0,CT,2,10,1,0.0007639419404125,mat,nonsyn,False,nonada,nonada,nonada
251CT,251.0,CT,3,7,1,0.0007639419404125,mat,nonsyn,False,nonada,nonada,nonada
2520CA,2520.0,CA,2,3,1,0.0007639419404125,rep,nonsyn,False,nonada,nonada,nonada
2520CT,2520.0,CT,2,10,1,0.0007639419404125,rep,nonsyn,False,nonada,nonada,nonada
2520CT,2520.0,CT,3,7,1,0.0007639419404125,rep,nonsyn,False,nonada,nonada,nonada
2521TC,2521.0,TC,3,7,1,0.0007639419404125,rep,nonsyn,False,nonada,nonada,nonada
2521TC,2521.0,TC,3,10,2,0.001527883880825,rep,nonsyn,False,nonada,nonada,nonada
2521TG,2521.0,TG,3,3,1,0.0007639419404125,rep,nonsyn,False,nonada,nonada,nonada
2522TC,2522.0,TC,1,3,1,0.0007639419404125,rep,syn,False,nonada,nonada,nonada
2522TC,2522.0,TC,1,7,1,0.0007639419404125,rep,syn,False,nonada,nonada,nonada
2522TC,2522.0,TC,1,10,2,0.001527883880825,rep,syn,False,nonada,nonada,nonada
2522TC,2522.0,TC,2,7,1,0.0007639419404125,rep,syn,False,nonada,nonada,nonada
2522TC,2522.0,TC,2,10,2,0.001527883880825,rep,syn,False,nonada,nonada,nonada
2522TC,2522.0,TC,3,3,1,0.0007639419404125,rep,syn,False,nonada,nonada,nonada
2522TG,2522.0,TG,1,3,1,0.0007639419404125,rep,syn,False,nonada,nonada,nonada
2523GA,2523.0,GA,2,10,1,0.0007639419404125,rep,nonsyn,False,nonada,nonada,nonada
2523GA,2523.0,GA,3,7,1,0.0007639419404125,rep,nonsyn,False,nonada,nonada,nonada
2523GA,2523.0,GA,3,10,2,0.001527883880825,rep,nonsyn,False,nonada,nonada,nonada
2524CT,2524.0,CT,2,10,1,0.0007639419404125,rep,nonsyn,False,nonada,nonada,nonada
2524CT,2524.0,CT,3,3,1,0.0007639419404125,rep,nonsyn,False,nonada,nonada,nonada
2524CT,2524.0,CT,3,10,1,0.0007639419404125,rep,nonsyn,False,nonada,nonada,nonada
2525GA,2525.0,GA,1,3,3,0.0022918258212375,rep,syn,False,nonada,nonada,nonada
2525GA,2525.0,GA,1,10,2,0.001527883880825,rep,syn,False,nonada,nonada,nonada
2525GA,2525.0,GA,2,3,1,0.0007639419404125,rep,syn,False,nonada,nonada,nonada
2525GA,2525.0,GA,2,7,1,0.0007639419404125,rep,syn,False,nonada,nonada,nonada
2526AG,2526.0,AG,3,3,1,0.0007639419404125,rep,nonsyn,False,nonada,nonada,nonada
2528GA,2528.0,GA,1,7,2,0.001527883880825,rep,syn,False,nonada,nonada,nonada
2528GA,2528.0,GA,2,3,2,0.001527883880825,rep,syn,False,nonada,nonada,nonada
2528GA,2528.0,GA,2,7,1,0.0007639419404125,rep,syn,False,nonada,nonada,nonada
2528GA,2528.0,GA,3,7,1,0.0007639419404125,rep,syn,False,nonada,nonada,nonada
2528GA,2528.0,GA,3,10,2,0.001527883880825,rep,syn,False,nonada,nonada,nonada
2528GT,2528.0,GT,2,10,1,0.0007639419404125,rep,syn,False,nonada,nonada,nonada
2529AG,2529.0,AG,2,3,1,0.0007639419404125,rep,nonsyn,False,nonada,nonada,nonada
2529AG,2529.0,AG,2,7,1,0.0007639419404125,rep,nonsyn,False,nonada,nonada,nonada
252CA,252.0,CA,1,10,1,0.0007639419404125,mat,syn,False,nonada,nonada,nonada
252CT,252.0,CT,1,3,1,0.0007639419404125,mat,syn,False,nonada,nonada,nonada
252CT,252.0,CT,1,10,1,0.0007639419404125,mat,syn,False,nonada,nonada,nonada
252CT,252.0,CT,2,7,1,0.0007639419404125,mat,syn,False,nonada,nonada,nonada
252CT,252.0,CT,2,10,1,0.0007639419404125,mat,syn,False,nonada,nonada,nonada
252CT,252.0,CT,3,7,2,0.001527883880825,mat,syn,False,nonada,nonada,nonada
252CT,252.0,CT,3,10,1,0.0007639419404125,mat,syn,False,nonada,nonada,nonada
2530TC,2530.0,TC,1,3,1,0.0007639419404125,rep,nonsyn,False,nonada,nonada,nonada
2530TC,2530.0,TC,2,3,1,0.0007639419404125,rep,nonsyn,False,nonada,nonada,nonada
2531AG,2531.0,AG,1,3,1,0.0007639419404125,rep,nonsyn,False,nonada,nonada,nonada
2532GA,2532.0,GA,2,3,1,0.0007639419404125,rep,nonsyn,False,nonada,nonada,nonada
2532GC,2532.0,GC,3,10,1,0.0007639419404125,rep,nonsyn,False,nonada,nonada,nonada
2532GT,2532.0,GT,1,3,1,0.0007639419404125,rep,nonsyn,False,nonada,nonada,nonada
2532GT,2532.0,GT,1,10,1,0.0007639419404125,rep,nonsyn,False,nonada,nonada,nonada
2534CT,2534.0,CT,1,7,2,0.001527883880825,rep,syn,False,nonada,nonada,nonada
2534CT,2534.0,CT,1,10,1,0.0007639419404125,rep,syn,False,nonada,nonada,nonada
2534CT,2534.0,CT,2,3,1,0.0007639419404125,rep,syn,False,nonada,nonada,nonada
2534CT,2534.0,CT,2,10,1,0.0007639419404125,rep,syn,False,nonada,nonada,nonada
2534CT,2534.0,CT,3,10,1,0.0007639419404125,rep,syn,False,nonada,nonada,nonada
2535TA,2535.0,TA,3,3,1,0.0007639419404125,rep,nonsyn,False,nonada,nonada,nonada
2535TC,2535.0,TC,1,7,1,0.0007639419404125,rep,syn,False,nonada,nonada,nonada
2535TC,2535.0,TC,2,10,1,0.0007639419404125,rep,syn,False,nonada,nonada,nonada
2536TC,2536.0,TC,2,3,1,0.0007639419404125,rep,nonsyn,False,nonada,nonada,nonada
2537AG,2537.0,AG,3,3,2,0.001527883880825,rep,syn,False,nonada,nonada,nonada
2537AG,2537.0,AG,3,10,1,0.0007639419404125,rep,syn,False,nonada,nonada,nonada
2539CT,2539.0,CT,3,3,1,0.0007639419404125,rep,nonsyn,False,nonada,nonada,nonada
253GA,253.0,GA,1,7,2,0.001527883880825,mat,nonsyn,False,nonada,nonada,nonada
253GC,253.0,GC,3,3,1,0.0007639419404125,mat,nonsyn,False,nonada,nonada,nonada
2540GA,2540.0,GA,1,7,1,0.0007639419404125,rep,syn,False,nonada,nonada,nonada
2540GA,2540.0,GA,3,7,2,0.001527883880825,rep,syn,False,nonada,nonada,nonada
2540GA,2540.0,GA,3,10,1,0.0007639419404125,rep,syn,False,nonada,nonada,nonada
2541TC,2541.0,TC,1,3,2,0.001527883880825,rep,nonsyn,False,nonada,nonada,nonada
2541TC,2541.0,TC,2,10,1,0.0007639419404125,rep,nonsyn,False,nonada,nonada,nonada
2541TC,2541.0,TC,3,10,1,0.0007639419404125,rep,nonsyn,False,nonada,nonada,nonada
2542CG,2542.0,CG,3,7,1,0.0007639419404125,rep,nonsyn,False,nonada,nonada,nonada
2542CT,2542.0,CT,2,7,1,0.0007639419404125,rep,nonsyn,False,nonada,nonada,nonada
2542CT,2542.0,CT,3,7,1,0.0007639419404125,rep,nonsyn,False,nonada,nonada,nonada
2543TC,2543.0,TC,1,10,1,0.0007639419404125,rep,syn,False,nonada,nonada,nonada
2543TC,2543.0,TC,2,7,1,0.0007639419404125,rep,syn,False,nonada,nonada,nonada
2543TC,2543.0,TC,3,3,1,0.0007639419404125,rep,syn,False,nonada,nonada,nonada
2543TC,2543.0,TC,3,10,1,0.0007639419404125,rep,syn,False,nonada,nonada,nonada
2544GA,2544.0,GA,1,10,2,0.001527883880825,rep,nonsyn,False,nonada,nonada,nonada
2544GA,2544.0,GA,3,10,1,0.0007639419404125,rep,nonsyn,False,nonada,nonada,nonada
2546AG,2546.0,AG,1,3,1,0.0007639419404125,rep,syn,False,nonada,nonada,nonada
2546AG,2546.0,AG,1,10,2,0.001527883880825,rep,syn,False,nonada,nonada,nonada
2546AG,2546.0,AG,3,7,3,0.0022918258212375,rep,syn,False,nonada,nonada,nonada
2547TC,2547.0,TC,1,10,1,0.0007639419404125,rep,nonsyn,False,nonada,nonada,nonada
2547TC,2547.0,TC,2,10,1,0.0007639419404125,rep,nonsyn,False,nonada,nonada,nonada
2548CT,2548.0,CT,3,7,1,0.0007639419404125,rep,nonsyn,False,nonada,nonada,nonada
2549CT,2549.0,CT,1,7,1,0.0007639419404125,rep,syn,False,nonada,nonada,nonada
2549CT,2549.0,CT,1,10,2,0.001527883880825,rep,syn,False,nonada,nonada,nonada
2549CT,2549.0,CT,2,7,1,0.0007639419404125,rep,syn,False,nonada,nonada,nonada
2549CT,2549.0,CT,2,10,1,0.0007639419404125,rep,syn,False,nonada,nonada,nonada
254GA,254.0,GA,2,7,1,0.0007639419404125,mat,nonsyn,False,nonada,nonada,nonada
254GC,254.0,GC,3,3,1,0.0007639419404125,mat,nonsyn,False,nonada,nonada,nonada
2550GA,2550.0,GA,3,3,2,0.001527883880825,rep,nonsyn,False,nonada,nonada,nonada
2550GA,2550.0,GA,3,10,1,0.0007639419404125,rep,nonsyn,False,nonada,nonada,nonada
2552TC,2552.0,TC,1,7,2,0.001527883880825,rep,syn,False,nonada,nonada,nonada
2552TC,2552.0,TC,1,10,1,0.0007639419404125,rep,syn,False,nonada,nonada,nonada
2552TC,2552.0,TC,2,3,2,0.001527883880825,rep,syn,False,nonada,nonada,nonada
2552TC,2552.0,TC,2,7,1,0.0007639419404125,rep,syn,False,nonada,nonada,nonada
2552TC,2552.0,TC,2,10,1,0.0007639419404125,rep,syn,False,nonada,nonada,nonada
2552TC,2552.0,TC,3,7,2,0.001527883880825,rep,syn,False,nonada,nonada,nonada
2552TC,2552.0,TC,3,10,1,0.0007639419404125,rep,syn,False,nonada,nonada,nonada
2553TC,2553.0,TC,1,3,1,0.0007639419404125,rep,nonsyn,False,nonada,nonada,nonada
2553TC,2553.0,TC,1,7,1,0.0007639419404125,rep,nonsyn,False,nonada,nonada,nonada
2553TC,2553.0,TC,3,3,1,0.0007639419404125,rep,nonsyn,False,nonada,nonada,nonada
2554CT,2554.0,CT,1,7,1,0.0007639419404125,rep,nonsyn,False,nonada,nonada,nonada
2554CT,2554.0,CT,1,10,1,0.0007639419404125,rep,nonsyn,False,nonada,nonada,nonada
2554CT,2554.0,CT,3,7,2,0.001527883880825,rep,nonsyn,False,nonada,nonada,nonada
2555CT,2555.0,CT,1,7,1,0.0007639419404125,rep,syn,False,nonada,nonada,nonada
2555CT,2555.0,CT,1,10,2,0.001527883880825,rep,syn,False,nonada,nonada,nonada
2555CT,2555.0,CT,2,3,1,0.0007639419404125,rep,syn,False,nonada,nonada,nonada
2555CT,2555.0,CT,2,7,3,0.0022918258212375,rep,syn,False,nonada,nonada,nonada
2555CT,2555.0,CT,2,10,2,0.001527883880825,rep,syn,False,nonada,nonada,nonada
2555CT,2555.0,CT,3,3,2,0.001527883880825,rep,syn,False,nonada,nonada,nonada
2556AC,2556.0,AC,2,7,1,0.0007639419404125,rep,nonsyn,False,nonada,nonada,nonada
2556AG,2556.0,AG,2,7,1,0.0007639419404125,rep,nonsyn,False,nonada,nonada,nonada
2556AG,2556.0,AG,3,10,1,0.0007639419404125,rep,nonsyn,False,nonada,nonada,nonada
2557TC,2557.0,TC,1,7,1,0.0007639419404125,rep,nonsyn,False,nonada,nonada,nonada
2557TC,2557.0,TC,2,3,1,0.0007639419404125,rep,nonsyn,False,nonada,nonada,nonada
2557TC,2557.0,TC,2,7,3,0.0022918258212375,rep,nonsyn,False,nonada,nonada,nonada
2557TC,2557.0,TC,2,10,1,0.0007639419404125,rep,nonsyn,False,nonada,nonada,nonada
2557TC,2557.0,TC,3,3,1,0.0007639419404125,rep,nonsyn,False,nonada,nonada,nonada
2558CT,2558.0,CT,2,3,1,0.0007639419404125,rep,syn,False,nonada,nonada,nonada
2558CT,2558.0,CT,3,7,2,0.001527883880825,rep,syn,False,nonada,nonada,nonada
2558CT,2558.0,CT,3,10,1,0.0007639419404125,rep,syn,False,nonada,nonada,nonada
2559TC,2559.0,TC,1,10,1,0.0007639419404125,rep,nonsyn,False,nonada,nonada,nonada
2559TC,2559.0,TC,2,3,1,0.0007639419404125,rep,nonsyn,False,nonada,nonada,nonada
2559TC,2559.0,TC,2,7,1,0.0007639419404125,rep,nonsyn,False,nonada,nonada,nonada
2559TC,2559.0,TC,3,3,1,0.0007639419404125,rep,nonsyn,False,nonada,nonada,nonada
2559TC,2559.0,TC,3,10,1,0.0007639419404125,rep,nonsyn,False,nonada,nonada,nonada
2559TG,2559.0,TG,1,3,1,0.0007639419404125,rep,nonsyn,False,nonada,nonada,nonada
255TC,255.0,TC,2,3,2,0.001527883880825,mat,syn,False,nonada,nonada,nonada
255TC,255.0,TC,2,7,1,0.0007639419404125,mat,syn,False,nonada,nonada,nonada
255TC,255.0,TC,3,3,1,0.0007639419404125,mat,syn,False,nonada,nonada,nonada
255TC,255.0,TC,3,10,1,0.0007639419404125,mat,syn,False,nonada,nonada,nonada
255TG,255.0,TG,1,10,1,0.0007639419404125,mat,syn,False,nonada,nonada,nonada
2561CA,2561.0,CA,3,10,1,0.0007639419404125,rep,syn,False,nonada,nonada,nonada
2561CT,2561.0,CT,1,3,1,0.0007639419404125,rep,syn,False,nonada,nonada,nonada
2561CT,2561.0,CT,1,7,1,0.0007639419404125,rep,syn,False,nonada,nonada,nonada
2561CT,2561.0,CT,3,7,1,0.0007639419404125,rep,syn,False,nonada,nonada,nonada
2561CT,2561.0,CT,3,10,1,0.0007639419404125,rep,syn,False,nonada,nonada,nonada
2562GA,2562.0,GA,1,10,1,0.0007639419404125,rep,nonsyn,False,nonada,nonada,nonada
2564TC,2564.0,TC,1,7,3,0.0022918258212375,rep,syn,False,nonada,nonada,nonada
2564TC,2564.0,TC,1,10,3,0.0022918258212375,rep,syn,False,nonada,nonada,nonada
2564TC,2564.0,TC,2,3,1,0.0007639419404125,rep,syn,False,nonada,nonada,nonada
2564TC,2564.0,TC,2,7,1,0.0007639419404125,rep,syn,False,nonada,nonada,nonada
2564TC,2564.0,TC,2,10,1,0.0007639419404125,rep,syn,False,nonada,nonada,nonada
2564TC,2564.0,TC,3,3,1,0.0007639419404125,rep,syn,False,nonada,nonada,nonada
2564TC,2564.0,TC,3,7,1,0.0007639419404125,rep,syn,False,nonada,nonada,nonada
2564TC,2564.0,TC,3,10,1,0.0007639419404125,rep,syn,False,nonada,nonada,nonada
2565CT,2565.0,CT,1,3,1,0.0007639419404125,rep,nonsyn,False,nonada,nonada,nonada
2565CT,2565.0,CT,2,3,1,0.0007639419404125,rep,nonsyn,False,nonada,nonada,nonada
2565CT,2565.0,CT,2,10,1,0.0007639419404125,rep,nonsyn,False,nonada,nonada,nonada
2565CT,2565.0,CT,3,7,2,0.001527883880825,rep,nonsyn,False,nonada,nonada,nonada
2566GA,2566.0,GA,1,7,2,0.001527883880825,rep,nonsyn,False,nonada,nonada,nonada
2566GA,2566.0,GA,1,10,1,0.0007639419404125,rep,nonsyn,False,nonada,nonada,nonada
2566GA,2566.0,GA,2,3,1,0.0007639419404125,rep,nonsyn,False,nonada,nonada,nonada
2566GA,2566.0,GA,2,7,1,0.0007639419404125,rep,nonsyn,False,nonada,nonada,nonada
2567CT,2567.0,CT,1,3,1,0.0007639419404125,rep,syn,False,nonada,nonada,nonada
2567CT,2567.0,CT,1,7,1,0.0007639419404125,rep,syn,False,nonada,nonada,nonada
2567CT,2567.0,CT,1,10,1,0.0007639419404125,rep,syn,False,nonada,nonada,nonada
2567CT,2567.0,CT,2,3,1,0.0007639419404125,rep,syn,False,nonada,nonada,nonada
2567CT,2567.0,CT,2,7,1,0.0007639419404125,rep,syn,False,nonada,nonada,nonada
2567CT,2567.0,CT,2,10,1,0.0007639419404125,rep,syn,False,nonada,nonada,nonada
2567CT,2567.0,CT,3,7,1,0.0007639419404125,rep,syn,False,nonada,nonada,nonada
2568CT,2568.0,CT,1,10,1,0.0007639419404125,rep,syn,False,nonada,nonada,nonada
2568CT,2568.0,CT,2,3,1,0.0007639419404125,rep,syn,False,nonada,nonada,nonada
2568CT,2568.0,CT,2,10,1,0.0007639419404125,rep,syn,False,nonada,nonada,nonada
2569TC,2569.0,TC,2,10,1,0.0007639419404125,rep,nonsyn,False,nonada,nonada,nonada
256CT,256.0,CT,2,10,1,0.0007639419404125,mat,nonsyn,False,nonada,nonada,nonada
256CT,256.0,CT,3,7,1,0.0007639419404125,mat,nonsyn,False,nonada,nonada,nonada
256CT,256.0,CT,3,10,1,0.0007639419404125,mat,nonsyn,False,nonada,nonada,nonada
2570GA,2570.0,GA,1,3,2,0.001527883880825,rep,syn,False,nonada,nonada,nonada
2570GA,2570.0,GA,2,3,1,0.0007639419404125,rep,syn,False,nonada,nonada,nonada
2570GA,2570.0,GA,2,7,1,0.0007639419404125,rep,syn,False,nonada,nonada,nonada
2570GA,2570.0,GA,3,3,2,0.001527883880825,rep,syn,False,nonada,nonada,nonada
2570GA,2570.0,GA,3,7,1,0.0007639419404125,rep,syn,False,nonada,nonada,nonada
2571GA,2571.0,GA,1,7,1,0.0007639419404125,rep,nonsyn,False,nonada,nonada,nonada
2571GA,2571.0,GA,2,3,1,0.0007639419404125,rep,nonsyn,False,nonada,nonada,nonada
2571GA,2571.0,GA,3,10,1,0.0007639419404125,rep,nonsyn,False,nonada,nonada,nonada
2572TC,2572.0,TC,1,10,1,0.0007639419404125,rep,nonsyn,False,nonada,nonada,nonada
2572TG,2572.0,TG,1,7,1,0.0007639419404125,rep,nonsyn,False,nonada,nonada,nonada
2572TG,2572.0,TG,3,7,1,0.0007639419404125,rep,nonsyn,False,nonada,nonada,nonada
2573GA,2573.0,GA,1,7,1,0.0007639419404125,rep,syn,False,nonada,nonada,nonada
2573GA,2573.0,GA,2,3,3,0.0022918258212375,rep,syn,False,nonada,nonada,nonada
2573GA,2573.0,GA,2,10,1,0.0007639419404125,rep,syn,False,nonada,nonada,nonada
2573GA,2573.0,GA,3,3,1,0.0007639419404125,rep,syn,False,nonada,nonada,nonada
2573GA,2573.0,GA,3,7,1,0.0007639419404125,rep,syn,False,nonada,nonada,nonada
2573GT,2573.0,GT,2,7,1,0.0007639419404125,rep,syn,False,nonada,nonada,nonada
2574TC,2574.0,TC,1,3,1,0.0007639419404125,rep,nonsyn,False,nonada,nonada,nonada
2574TC,2574.0,TC,2,10,1,0.0007639419404125,rep,nonsyn,False,nonada,nonada,nonada
2575GA,2575.0,GA,1,3,1,0.0007639419404125,rep,nonsyn,True,nonada,nonada,nonada
2575GA,2575.0,GA,2,10,2,0.001527883880825,rep,nonsyn,True,nonada,nonada,nonada
2576GA,2576.0,GA,2,3,2,0.001527883880825,rep,nonsyn,True,nonada,nonada,nonada
2576GA,2576.0,GA,3,3,1,0.0007639419404125,rep,nonsyn,True,nonada,nonada,nonada
2577AG,2577.0,AG,3,3,2,0.001527883880825,rep,nonsyn,False,nonada,nonada,nonada
2577AT,2577.0,AT,1,7,1,0.0007639419404125,rep,nonsyn,False,nonada,nonada,nonada
2577AT,2577.0,AT,1,10,1,0.0007639419404125,rep,nonsyn,False,nonada,nonada,nonada
2578GA,2578.0,GA,2,10,1,0.0007639419404125,rep,nonsyn,False,nonada,nonada,nonada
2578GA,2578.0,GA,3,10,4,0.0030557677616501,rep,nonsyn,False,nonada,nonada,nonada
2578GT,2578.0,GT,1,3,1,0.0007639419404125,rep,nonsyn,False,nonada,nonada,nonada
2578GT,2578.0,GT,1,7,1,0.0007639419404125,rep,nonsyn,False,nonada,nonada,nonada
2578GT,2578.0,GT,1,10,1,0.0007639419404125,rep,nonsyn,False,nonada,nonada,nonada
2578GT,2578.0,GT,3,3,2,0.001527883880825,rep,nonsyn,False,nonada,nonada,nonada
2579TC,2579.0,TC,1,3,1,0.0007639419404125,rep,syn,False,nonada,nonada,nonada
2579TC,2579.0,TC,1,10,2,0.001527883880825,rep,syn,False,nonada,nonada,nonada
2579TC,2579.0,TC,2,3,3,0.0022918258212375,rep,syn,False,nonada,nonada,nonada
2579TC,2579.0,TC,2,7,1,0.0007639419404125,rep,syn,False,nonada,nonada,nonada
2579TC,2579.0,TC,3,3,1,0.0007639419404125,rep,syn,False,nonada,nonada,nonada
2579TC,2579.0,TC,3,7,3,0.0022918258212375,rep,syn,False,nonada,nonada,nonada
257GA,257.0,GA,3,3,1,0.0007639419404125,mat,nonsyn,False,nonada,nonada,nonada
257GT,257.0,GT,3,10,1,0.0007639419404125,mat,nonsyn,False,nonada,nonada,nonada
2580TC,2580.0,TC,1,3,1,0.0007639419404125,rep,nonsyn,False,nonada,nonada,nonada
2580TC,2580.0,TC,2,3,2,0.001527883880825,rep,nonsyn,False,nonada,nonada,nonada
2580TC,2580.0,TC,2,10,3,0.0022918258212375,rep,nonsyn,False,nonada,nonada,nonada
2580TC,2580.0,TC,3,3,1,0.0007639419404125,rep,nonsyn,False,nonada,nonada,nonada
2581TA,2581.0,TA,3,7,1,0.0007639419404125,rep,nonsyn,False,nonada,nonada,nonada
2581TC,2581.0,TC,3,10,1,0.0007639419404125,rep,nonsyn,False,nonada,nonada,nonada
2582TC,2582.0,TC,1,3,1,0.0007639419404125,rep,syn,False,nonada,nonada,nonada
2582TC,2582.0,TC,2,3,2,0.001527883880825,rep,syn,False,nonada,nonada,nonada
2582TC,2582.0,TC,2,7,2,0.001527883880825,rep,syn,False,nonada,nonada,nonada
2582TC,2582.0,TC,2,10,3,0.0022918258212375,rep,syn,False,nonada,nonada,nonada
2582TC,2582.0,TC,3,10,2,0.001527883880825,rep,syn,False,nonada,nonada,nonada
2583CT,2583.0,CT,1,7,1,0.0007639419404125,rep,nonsyn,False,nonada,nonada,nonada
2583CT,2583.0,CT,2,3,1,0.0007639419404125,rep,nonsyn,False,nonada,nonada,nonada
2584TC,2584.0,TC,1,3,1,0.0007639419404125,rep,nonsyn,False,nonada,nonada,nonada
2584TC,2584.0,TC,1,10,1,0.0007639419404125,rep,nonsyn,False,nonada,nonada,nonada
2584TC,2584.0,TC,2,10,1,0.0007639419404125,rep,nonsyn,False,nonada,nonada,nonada
2584TC,2584.0,TC,3,3,1,0.0007639419404125,rep,nonsyn,False,nonada,nonada,nonada
2584TC,2584.0,TC,3,10,1,0.0007639419404125,rep,nonsyn,False,nonada,nonada,nonada
2585CT,2585.0,CT,1,7,2,0.001527883880825,rep,syn,False,nonada,nonada,nonada
2585CT,2585.0,CT,1,10,1,0.0007639419404125,rep,syn,False,nonada,nonada,nonada
2585CT,2585.0,CT,2,3,1,0.0007639419404125,rep,syn,False,nonada,nonada,nonada
2585CT,2585.0,CT,2,7,1,0.0007639419404125,rep,syn,False,nonada,nonada,nonada
2585CT,2585.0,CT,2,10,1,0.0007639419404125,rep,syn,False,nonada,nonada,nonada
2585CT,2585.0,CT,3,7,1,0.0007639419404125,rep,syn,False,nonada,nonada,nonada
2585CT,2585.0,CT,3,10,1,0.0007639419404125,rep,syn,False,nonada,nonada,nonada
2586CT,2586.0,CT,1,7,1,0.0007639419404125,rep,nonsyn,False,nonada,nonada,nonada
2586CT,2586.0,CT,2,3,1,0.0007639419404125,rep,nonsyn,False,nonada,nonada,nonada
2586CT,2586.0,CT,3,3,2,0.001527883880825,rep,nonsyn,False,nonada,nonada,nonada
2587CT,2587.0,CT,3,7,1,0.0007639419404125,rep,nonsyn,False,nonada,nonada,nonada
2588AG,2588.0,AG,1,3,1,0.0007639419404125,rep,syn,False,nonada,nonada,nonada
2588AG,2588.0,AG,2,10,1,0.0007639419404125,rep,syn,False,nonada,nonada,nonada
2588AG,2588.0,AG,3,10,1,0.0007639419404125,rep,syn,False,nonada,nonada,nonada
2589CT,2589.0,CT,2,3,1,0.0007639419404125,rep,nonsyn,False,nonada,nonada,nonada
258TC,258.0,TC,1,3,2,0.001527883880825,mat,syn,False,nonada,nonada,nonada
258TC,258.0,TC,1,7,1,0.0007639419404125,mat,syn,False,nonada,nonada,nonada
258TC,258.0,TC,2,7,1,0.0007639419404125,mat,syn,False,nonada,nonada,nonada
258TC,258.0,TC,2,10,2,0.001527883880825,mat,syn,False,nonada,nonada,nonada
258TC,258.0,TC,3,10,3,0.0022918258212375,mat,syn,False,nonada,nonada,nonada
2590CT,2590.0,CT,3,7,1,0.0007639419404125,rep,nonsyn,False,nonada,nonada,nonada
2591TC,2591.0,TC,1,10,1,0.0007639419404125,rep,syn,False,nonada,nonada,nonada
2591TC,2591.0,TC,2,10,1,0.0007639419404125,rep,syn,False,nonada,nonada,nonada
2591TC,2591.0,TC,3,3,1,0.0007639419404125,rep,syn,False,nonada,nonada,nonada
2591TC,2591.0,TC,3,7,1,0.0007639419404125,rep,syn,False,nonada,nonada,nonada
2592GA,2592.0,GA,1,7,1,0.0007639419404125,rep,nonsyn,False,nonada,nonada,nonada
2592GA,2592.0,GA,2,3,1,0.0007639419404125,rep,nonsyn,False,nonada,nonada,nonada
2593AG,2593.0,AG,1,7,1,0.0007639419404125,rep,nonsyn,False,nonada,nonada,nonada
2593AG,2593.0,AG,2,7,1,0.0007639419404125,rep,nonsyn,False,nonada,nonada,nonada
2594GA,2594.0,GA,1,3,2,0.001527883880825,rep,syn,False,nonada,nonada,nonada
2594GA,2594.0,GA,1,7,2,0.001527883880825,rep,syn,False,nonada,nonada,nonada
2594GA,2594.0,GA,2,10,1,0.0007639419404125,rep,syn,False,nonada,nonada,nonada
2594GT,2594.0,GT,2,10,1,0.0007639419404125,rep,nonsyn,False,nonada,nonada,nonada
2595CA,2595.0,CA,1,10,1,0.0007639419404125,rep,nonsyn,False,nonada,nonada,nonada
2595CA,2595.0,CA,2,10,1,0.0007639419404125,rep,nonsyn,False,nonada,nonada,nonada
2595CT,2595.0,CT,1,7,1,0.0007639419404125,rep,syn,False,nonada,nonada,nonada
2595CT,2595.0,CT,2,7,1,0.0007639419404125,rep,syn,False,nonada,nonada,nonada
2595CT,2595.0,CT,2,10,1,0.0007639419404125,rep,syn,False,nonada,nonada,nonada
2595CT,2595.0,CT,3,3,1,0.0007639419404125,rep,syn,False,nonada,nonada,nonada
2595CT,2595.0,CT,3,10,1,0.0007639419404125,rep,syn,False,nonada,nonada,nonada
2596TC,2596.0,TC,2,10,1,0.0007639419404125,rep,nonsyn,False,nonada,nonada,nonada
2597AC,2597.0,AC,3,10,1,0.0007639419404125,rep,syn,False,nonada,nonada,nonada
2597AG,2597.0,AG,1,3,1,0.0007639419404125,rep,syn,False,nonada,nonada,nonada
2597AG,2597.0,AG,2,10,1,0.0007639419404125,rep,syn,False,nonada,nonada,nonada
2597AG,2597.0,AG,3,10,1,0.0007639419404125,rep,syn,False,nonada,nonada,nonada
2599AG,2599.0,AG,3,3,1,0.0007639419404125,rep,nonsyn,False,nonada,nonada,nonada
259TC,259.0,TC,1,3,1,0.0007639419404125,mat,nonsyn,False,nonada,nonada,nonada
259TC,259.0,TC,2,7,1,0.0007639419404125,mat,nonsyn,False,nonada,nonada,nonada
259TG,259.0,TG,1,3,7,0.0053475935828877,mat,nonsyn,False,nonada,nonada,nonada
259TG,259.0,TG,1,7,3,0.0022918258212375,mat,nonsyn,False,nonada,nonada,nonada
259TG,259.0,TG,1,10,2,0.001527883880825,mat,nonsyn,False,nonada,nonada,nonada
259TG,259.0,TG,2,3,3,0.0022918258212375,mat,nonsyn,False,nonada,nonada,nonada
259TG,259.0,TG,2,7,5,0.0038197097020626,mat,nonsyn,False,nonada,nonada,nonada
259TG,259.0,TG,2,10,6,0.0045836516424751,mat,nonsyn,False,nonada,nonada,nonada
259TG,259.0,TG,3,3,7,0.0053475935828877,mat,nonsyn,False,nonada,nonada,nonada
259TG,259.0,TG,3,7,3,0.0022918258212375,mat,nonsyn,False,nonada,nonada,nonada
259TG,259.0,TG,3,10,3,0.0022918258212375,mat,nonsyn,False,nonada,nonada,nonada
2600TA,2600.0,TA,2,7,1,0.0007639419404125,rep,nonsyn,True,nonada,nonada,nonada
2600TC,2600.0,TC,1,3,1,0.0007639419404125,rep,syn,False,nonada,nonada,nonada
2600TC,2600.0,TC,1,10,1,0.0007639419404125,rep,syn,False,nonada,nonada,nonada
2600TC,2600.0,TC,2,3,1,0.0007639419404125,rep,syn,False,nonada,nonada,nonada
2600TC,2600.0,TC,2,7,2,0.001527883880825,rep,syn,False,nonada,nonada,nonada
2600TC,2600.0,TC,2,10,1,0.0007639419404125,rep,syn,False,nonada,nonada,nonada
2600TC,2600.0,TC,3,3,1,0.0007639419404125,rep,syn,False,nonada,nonada,nonada
2600TC,2600.0,TC,3,10,1,0.0007639419404125,rep,syn,False,nonada,nonada,nonada
2600TG,2600.0,TG,3,3,1,0.0007639419404125,rep,nonsyn,True,nonada,nonada,nonada
2601TC,2601.0,TC,2,10,1,0.0007639419404125,rep,nonsyn,False,nonada,nonada,nonada
2601TG,2601.0,TG,2,7,1,0.0007639419404125,rep,nonsyn,False,nonada,nonada,nonada
2603AG,2603.0,AG,2,10,1,0.0007639419404125,rep,syn,False,nonada,nonada,nonada
2603AG,2603.0,AG,3,3,1,0.0007639419404125,rep,syn,False,nonada,nonada,nonada
2603AG,2603.0,AG,3,10,1,0.0007639419404125,rep,syn,False,nonada,nonada,nonada
2604TC,2604.0,TC,1,7,1,0.0007639419404125,rep,nonsyn,False,nonada,nonada,nonada
2604TC,2604.0,TC,2,3,2,0.001527883880825,rep,nonsyn,False,nonada,nonada,nonada
2604TC,2604.0,TC,3,7,1,0.0007639419404125,rep,nonsyn,False,nonada,nonada,nonada
2606TC,2606.0,TC,1,3,2,0.001527883880825,rep,syn,False,nonada,nonada,nonada
2606TC,2606.0,TC,1,7,1,0.0007639419404125,rep,syn,False,nonada,nonada,nonada
2606TC,2606.0,TC,1,10,3,0.0022918258212375,rep,syn,False,nonada,nonada,nonada
2606TC,2606.0,TC,2,7,1,0.0007639419404125,rep,syn,False,nonada,nonada,nonada
2606TC,2606.0,TC,2,10,2,0.001527883880825,rep,syn,False,nonada,nonada,nonada
2606TC,2606.0,TC,3,7,4,0.0030557677616501,rep,syn,False,nonada,nonada,nonada
2606TC,2606.0,TC,3,10,2,0.001527883880825,rep,syn,False,nonada,nonada,nonada
2607CA,2607.0,CA,1,7,1,0.0007639419404125,rep,nonsyn,False,nonada,nonada,nonada
2607CA,2607.0,CA,2,10,1,0.0007639419404125,rep,nonsyn,False,nonada,nonada,nonada
2607CT,2607.0,CT,2,3,1,0.0007639419404125,rep,nonsyn,False,nonada,nonada,nonada
2607CT,2607.0,CT,3,10,1,0.0007639419404125,rep,nonsyn,False,nonada,nonada,nonada
2608TC,2608.0,TC,1,10,1,0.0007639419404125,rep,nonsyn,False,nonada,nonada,nonada
2609CT,2609.0,CT,2,3,1,0.0007639419404125,rep,syn,False,nonada,nonada,nonada
2609CT,2609.0,CT,2,7,2,0.001527883880825,rep,syn,False,nonada,nonada,nonada
2609CT,2609.0,CT,3,7,3,0.0022918258212375,rep,syn,False,nonada,nonada,nonada
2609CT,2609.0,CT,3,10,1,0.0007639419404125,rep,syn,False,nonada,nonada,nonada
260TA,260.0,TA,2,3,1,0.0007639419404125,mat,nonsyn,False,nonada,nonada,nonada
260TC,260.0,TC,2,7,1,0.0007639419404125,mat,nonsyn,False,nonada,nonada,nonada
2610GA,2610.0,GA,1,10,2,0.001527883880825,rep,nonsyn,False,nonada,nonada,nonada
2610GA,2610.0,GA,2,7,1,0.0007639419404125,rep,nonsyn,False,nonada,nonada,nonada
2610GA,2610.0,GA,2,10,2,0.001527883880825,rep,nonsyn,False,nonada,nonada,nonada
2611AG,2611.0,AG,3,7,1,0.0007639419404125,rep,nonsyn,False,nonada,nonada,nonada
2611AG,2611.0,AG,3,10,1,0.0007639419404125,rep,nonsyn,False,nonada,nonada,nonada
2611AT,2611.0,AT,3,3,1,0.0007639419404125,rep,nonsyn,False,nonada,nonada,nonada
2612TC,2612.0,TC,1,10,1,0.0007639419404125,rep,syn,False,nonada,nonada,nonada
2612TC,2612.0,TC,2,7,2,0.001527883880825,rep,syn,False,nonada,nonada,nonada
2612TC,2612.0,TC,2,10,1,0.0007639419404125,rep,syn,False,nonada,nonada,nonada
2612TC,2612.0,TC,3,3,1,0.0007639419404125,rep,syn,False,nonada,nonada,nonada
2613CT,2613.0,CT,1,7,1,0.0007639419404125,rep,nonsyn,False,nonada,nonada,nonada
2613CT,2613.0,CT,2,7,1,0.0007639419404125,rep,nonsyn,False,nonada,nonada,nonada
2614GA,2614.0,GA,2,10,1,0.0007639419404125,rep,nonsyn,False,nonada,nonada,nonada
2614GA,2614.0,GA,3,10,2,0.001527883880825,rep,nonsyn,False,nonada,nonada,nonada
2615TC,2615.0,TC,1,3,1,0.0007639419404125,rep,syn,False,nonada,nonada,nonada
2615TC,2615.0,TC,1,7,1,0.0007639419404125,rep,syn,False,nonada,nonada,nonada
2615TC,2615.0,TC,1,10,1,0.0007639419404125,rep,syn,False,nonada,nonada,nonada
2615TC,2615.0,TC,2,7,2,0.001527883880825,rep,syn,False,nonada,nonada,nonada
2615TC,2615.0,TC,2,10,1,0.0007639419404125,rep,syn,False,nonada,nonada,nonada
2615TC,2615.0,TC,3,7,1,0.0007639419404125,rep,syn,False,nonada,nonada,nonada
2616AG,2616.0,AG,1,7,2,0.001527883880825,rep,nonsyn,False,nonada,nonada,nonada
2616AG,2616.0,AG,2,3,1,0.0007639419404125,rep,nonsyn,False,nonada,nonada,nonada
2617TC,2617.0,TC,3,3,1,0.0007639419404125,rep,nonsyn,False,nonada,nonada,nonada
2617TC,2617.0,TC,3,10,1,0.0007639419404125,rep,nonsyn,False,nonada,nonada,nonada
2618CT,2618.0,CT,3,7,1,0.0007639419404125,rep,syn,False,nonada,nonada,nonada
261TC,261.0,TC,1,10,2,0.001527883880825,mat,syn,False,nonada,nonada,nonada
261TC,261.0,TC,2,10,3,0.0022918258212375,mat,syn,False,nonada,nonada,nonada
261TC,261.0,TC,3,3,1,0.0007639419404125,mat,syn,False,nonada,nonada,nonada
261TC,261.0,TC,3,7,1,0.0007639419404125,mat,syn,False,nonada,nonada,nonada
2620GA,2620.0,GA,1,3,1,0.0007639419404125,rep,nonsyn,False,nonada,nonada,nonada
2620GA,2620.0,GA,1,10,1,0.0007639419404125,rep,nonsyn,False,nonada,nonada,nonada
2620GA,2620.0,GA,2,3,2,0.001527883880825,rep,nonsyn,False,nonada,nonada,nonada
2620GA,2620.0,GA,2,7,1,0.0007639419404125,rep,nonsyn,False,nonada,nonada,nonada
2620GA,2620.0,GA,2,10,1,0.0007639419404125,rep,nonsyn,False,nonada,nonada,nonada
2620GA,2620.0,GA,3,3,2,0.001527883880825,rep,nonsyn,False,nonada,nonada,nonada
2621CA,2621.0,CA,1,10,2,0.001527883880825,rep,syn,False,nonada,nonada,nonada
2622TC,2622.0,TC,3,7,1,0.0007639419404125,rep,nonsyn,False,nonada,nonada,nonada
2623CA,2623.0,CA,2,3,1,0.0007639419404125,rep,nonsyn,True,nonada,nonada,nonada
2624AG,2624.0,AG,1,3,1,0.0007639419404125,rep,syn,False,nonada,nonada,nonada
2624AG,2624.0,AG,1,10,2,0.001527883880825,rep,syn,False,nonada,nonada,nonada
2624AG,2624.0,AG,2,3,1,0.0007639419404125,rep,syn,False,nonada,nonada,nonada
2624AG,2624.0,AG,2,10,1,0.0007639419404125,rep,syn,False,nonada,nonada,nonada
2624AG,2624.0,AG,3,7,1,0.0007639419404125,rep,syn,False,nonada,nonada,nonada
2624AG,2624.0,AG,3,10,1,0.0007639419404125,rep,syn,False,nonada,nonada,nonada
2625CT,2625.0,CT,2,3,1,0.0007639419404125,rep,nonsyn,False,nonada,nonada,nonada
2627CT,2627.0,CT,3,3,2,0.001527883880825,rep,syn,False,nonada,nonada,nonada
2628TC,2628.0,TC,1,7,1,0.0007639419404125,rep,nonsyn,False,nonada,nonada,nonada
2628TC,2628.0,TC,2,3,1,0.0007639419404125,rep,nonsyn,False,nonada,nonada,nonada
2628TC,2628.0,TC,2,7,1,0.0007639419404125,rep,nonsyn,False,nonada,nonada,nonada
2628TC,2628.0,TC,2,10,1,0.0007639419404125,rep,nonsyn,False,nonada,nonada,nonada
262AG,262.0,AG,1,7,1,0.0007639419404125,mat,nonsyn,False,nonada,nonada,nonada
262AT,262.0,AT,1,3,2,0.001527883880825,mat,nonsyn,False,nonada,nonada,nonada
262AT,262.0,AT,2,7,1,0.0007639419404125,mat,nonsyn,False,nonada,nonada,nonada
2630CT,2630.0,CT,2,10,1,0.0007639419404125,rep,syn,False,nonada,nonada,nonada
2631GA,2631.0,GA,3,3,1,0.0007639419404125,rep,nonsyn,False,nonada,nonada,nonada
2631GT,2631.0,GT,2,7,1,0.0007639419404125,rep,nonsyn,True,nonada,nonada,nonada
2632GA,2632.0,GA,2,3,1,0.0007639419404125,rep,nonsyn,False,nonada,nonada,nonada
2632GA,2632.0,GA,2,7,1,0.0007639419404125,rep,nonsyn,False,nonada,nonada,nonada
2632GA,2632.0,GA,2,10,1,0.0007639419404125,rep,nonsyn,False,nonada,nonada,nonada
2632GA,2632.0,GA,3,10,2,0.001527883880825,rep,nonsyn,False,nonada,nonada,nonada
2633AG,2633.0,AG,1,7,1,0.0007639419404125,rep,syn,False,nonada,nonada,nonada
2633AG,2633.0,AG,1,10,1,0.0007639419404125,rep,syn,False,nonada,nonada,nonada
2633AG,2633.0,AG,3,3,1,0.0007639419404125,rep,syn,False,nonada,nonada,nonada
2633AG,2633.0,AG,3,7,1,0.0007639419404125,rep,syn,False,nonada,nonada,nonada
2634AG,2634.0,AG,1,3,1,0.0007639419404125,rep,nonsyn,False,nonada,nonada,nonada
2634AG,2634.0,AG,1,10,1,0.0007639419404125,rep,nonsyn,False,nonada,nonada,nonada
2634AG,2634.0,AG,2,7,2,0.001527883880825,rep,nonsyn,False,nonada,nonada,nonada
2635TC,2635.0,TC,1,3,1,0.0007639419404125,rep,nonsyn,False,nonada,nonada,nonada
2635TC,2635.0,TC,1,7,1,0.0007639419404125,rep,nonsyn,False,nonada,nonada,nonada
2635TC,2635.0,TC,3,7,1,0.0007639419404125,rep,nonsyn,False,nonada,nonada,nonada
2636CT,2636.0,CT,1,7,2,0.001527883880825,rep,syn,False,nonada,nonada,nonada
2636CT,2636.0,CT,1,10,1,0.0007639419404125,rep,syn,False,nonada,nonada,nonada
2636CT,2636.0,CT,2,3,1,0.0007639419404125,rep,syn,False,nonada,nonada,nonada
2636CT,2636.0,CT,3,10,2,0.001527883880825,rep,syn,False,nonada,nonada,nonada
2637GA,2637.0,GA,1,3,1,0.0007639419404125,rep,nonsyn,False,nonada,nonada,nonada
2637GA,2637.0,GA,3,7,1,0.0007639419404125,rep,nonsyn,False,nonada,nonada,nonada
2638TC,2638.0,TC,1,3,1,0.0007639419404125,rep,nonsyn,False,nonada,nonada,nonada
2638TC,2638.0,TC,2,7,1,0.0007639419404125,rep,nonsyn,False,nonada,nonada,nonada
2638TC,2638.0,TC,3,3,1,0.0007639419404125,rep,nonsyn,False,nonada,nonada,nonada
2638TG,2638.0,TG,3,7,1,0.0007639419404125,rep,nonsyn,False,nonada,nonada,nonada
2639AG,2639.0,AG,1,10,1,0.0007639419404125,rep,syn,False,nonada,nonada,nonada
2639AG,2639.0,AG,3,3,1,0.0007639419404125,rep,syn,False,nonada,nonada,nonada
2639AG,2639.0,AG,3,7,1,0.0007639419404125,rep,syn,False,nonada,nonada,nonada
2639AG,2639.0,AG,3,10,1,0.0007639419404125,rep,syn,False,nonada,nonada,nonada
263AC,263.0,AC,3,7,1,0.0007639419404125,mat,nonsyn,False,nonada,nonada,nonada
263AG,263.0,AG,1,3,1,0.0007639419404125,mat,nonsyn,False,nonada,nonada,nonada
263AT,263.0,AT,2,10,1,0.0007639419404125,mat,nonsyn,False,nonada,nonada,nonada
2640GA,2640.0,GA,1,10,1,0.0007639419404125,rep,nonsyn,False,nonada,nonada,nonada
2640GA,2640.0,GA,3,3,1,0.0007639419404125,rep,nonsyn,False,nonada,nonada,nonada
2640GA,2640.0,GA,3,7,1,0.0007639419404125,rep,nonsyn,False,nonada,nonada,nonada
2641AG,2641.0,AG,1,7,2,0.001527883880825,rep,nonsyn,False,nonada,nonada,nonada
2641AG,2641.0,AG,2,7,1,0.0007639419404125,rep,nonsyn,False,nonada,nonada,nonada
2641AG,2641.0,AG,3,10,3,0.0022918258212375,rep,nonsyn,False,nonada,nonada,nonada
2642TC,2642.0,TC,1,10,1,0.0007639419404125,rep,syn,False,nonada,nonada,nonada
2642TC,2642.0,TC,3,7,2,0.001527883880825,rep,syn,False,nonada,nonada,nonada
2642TC,2642.0,TC,3,10,1,0.0007639419404125,rep,syn,False,nonada,nonada,nonada
2642TG,2642.0,TG,2,7,1,0.0007639419404125,rep,nonsyn,False,nonada,nonada,nonada
2642TG,2642.0,TG,3,3,1,0.0007639419404125,rep,nonsyn,False,nonada,nonada,nonada
2643GA,2643.0,GA,2,7,3,0.0022918258212375,rep,nonsyn,False,nonada,nonada,nonada
2643GA,2643.0,GA,3,3,2,0.001527883880825,rep,nonsyn,False,nonada,nonada,nonada
2644GA,2644.0,GA,1,3,1,0.0007639419404125,rep,nonsyn,False,nonada,nonada,nonada
2644GA,2644.0,GA,1,7,1,0.0007639419404125,rep,nonsyn,False,nonada,nonada,nonada
2644GA,2644.0,GA,1,10,1,0.0007639419404125,rep,nonsyn,False,nonada,nonada,nonada
2645CT,2645.0,CT,1,7,1,0.0007639419404125,rep,syn,False,nonada,nonada,nonada
2645CT,2645.0,CT,1,10,2,0.001527883880825,rep,syn,False,nonada,nonada,nonada
2645CT,2645.0,CT,2,3,2,0.001527883880825,rep,syn,False,nonada,nonada,nonada
2645CT,2645.0,CT,2,7,1,0.0007639419404125,rep,syn,False,nonada,nonada,nonada
2645CT,2645.0,CT,3,3,1,0.0007639419404125,rep,syn,False,nonada,nonada,nonada
2645CT,2645.0,CT,3,7,2,0.001527883880825,rep,syn,False,nonada,nonada,nonada
2645CT,2645.0,CT,3,10,1,0.0007639419404125,rep,syn,False,nonada,nonada,nonada
2646GA,2646.0,GA,1,10,1,0.0007639419404125,rep,nonsyn,False,nonada,nonada,nonada
2646GA,2646.0,GA,2,7,1,0.0007639419404125,rep,nonsyn,False,nonada,nonada,nonada
2646GA,2646.0,GA,3,7,1,0.0007639419404125,rep,nonsyn,False,nonada,nonada,nonada
2646GA,2646.0,GA,3,10,1,0.0007639419404125,rep,nonsyn,False,nonada,nonada,nonada
2646GT,2646.0,GT,3,7,1,0.0007639419404125,rep,nonsyn,True,nonada,nonada,nonada
2647AG,2647.0,AG,1,3,1,0.0007639419404125,rep,nonsyn,False,nonada,nonada,nonada
2647AG,2647.0,AG,3,7,1,0.0007639419404125,rep,nonsyn,False,nonada,nonada,nonada
2648GA,2648.0,GA,2,3,2,0.001527883880825,rep,syn,False,nonada,nonada,nonada
2648GT,2648.0,GT,2,3,1,0.0007639419404125,rep,nonsyn,False,nonada,nonada,nonada
2649AG,2649.0,AG,2,10,1,0.0007639419404125,rep,nonsyn,False,nonada,nonada,nonada
2649AG,2649.0,AG,3,10,1,0.0007639419404125,rep,nonsyn,False,nonada,nonada,nonada
2649AT,2649.0,AT,3,7,1,0.0007639419404125,rep,nonsyn,False,nonada,nonada,nonada
264CA,264.0,CA,2,10,1,0.0007639419404125,mat,nonsyn,False,nonada,nonada,nonada
264CT,264.0,CT,1,10,3,0.0022918258212375,mat,syn,False,nonada,nonada,nonada
264CT,264.0,CT,2,10,1,0.0007639419404125,mat,syn,False,nonada,nonada,nonada
264CT,264.0,CT,3,10,1,0.0007639419404125,mat,syn,False,nonada,nonada,nonada
2651GA,2651.0,GA,3,7,1,0.0007639419404125,rep,syn,False,nonada,nonada,nonada
2652AG,2652.0,AG,1,10,1,0.0007639419404125,rep,nonsyn,False,nonada,nonada,nonada
2652AT,2652.0,AT,1,7,1,0.0007639419404125,rep,nonsyn,False,nonada,nonada,nonada
2653TC,2653.0,TC,2,3,1,0.0007639419404125,rep,nonsyn,False,nonada,nonada,nonada
2653TC,2653.0,TC,2,10,2,0.001527883880825,rep,nonsyn,False,nonada,nonada,nonada
2655CA,2655.0,CA,1,10,1,0.0007639419404125,rep,syn,False,nonada,nonada,nonada
2655CT,2655.0,CT,1,10,1,0.0007639419404125,rep,nonsyn,True,nonada,nonada,nonada
2655CT,2655.0,CT,2,3,1,0.0007639419404125,rep,nonsyn,True,nonada,nonada,nonada
2655CT,2655.0,CT,3,7,1,0.0007639419404125,rep,nonsyn,True,nonada,nonada,nonada
2656GA,2656.0,GA,1,7,1,0.0007639419404125,rep,nonsyn,False,nonada,nonada,nonada
2656GA,2656.0,GA,2,7,1,0.0007639419404125,rep,nonsyn,False,nonada,nonada,nonada
2656GA,2656.0,GA,3,3,1,0.0007639419404125,rep,nonsyn,False,nonada,nonada,nonada
2657AG,2657.0,AG,2,3,1,0.0007639419404125,rep,syn,False,nonada,nonada,nonada
2657AG,2657.0,AG,3,10,1,0.0007639419404125,rep,syn,False,nonada,nonada,nonada
2658TC,2658.0,TC,2,3,1,0.0007639419404125,rep,nonsyn,False,nonada,nonada,nonada
2658TC,2658.0,TC,2,7,1,0.0007639419404125,rep,nonsyn,False,nonada,nonada,nonada
2658TC,2658.0,TC,3,7,2,0.001527883880825,rep,nonsyn,False,nonada,nonada,nonada
2658TG,2658.0,TG,1,3,1,0.0007639419404125,rep,nonsyn,False,nonada,nonada,nonada
2658TG,2658.0,TG,3,7,2,0.001527883880825,rep,nonsyn,False,nonada,nonada,nonada
2659GA,2659.0,GA,3,7,1,0.0007639419404125,rep,nonsyn,True,nonada,nonada,nonada
265TC,265.0,TC,1,3,1,0.0007639419404125,mat,nonsyn,False,nonada,nonada,nonada
2660GA,2660.0,GA,3,3,1,0.0007639419404125,rep,nonsyn,True,nonada,nonada,nonada
2662AG,2662.0,AG,3,10,1,0.0007639419404125,rep,nonsyn,False,nonada,nonada,nonada
2663AG,2663.0,AG,1,7,1,0.0007639419404125,rep,syn,False,nonada,nonada,nonada
2663AG,2663.0,AG,3,10,1,0.0007639419404125,rep,syn,False,nonada,nonada,nonada
2664CT,2664.0,CT,1,7,1,0.0007639419404125,rep,syn,False,nonada,nonada,nonada
2664CT,2664.0,CT,1,10,1,0.0007639419404125,rep,syn,False,nonada,nonada,nonada
2664CT,2664.0,CT,2,7,1,0.0007639419404125,rep,syn,False,nonada,nonada,nonada
2664CT,2664.0,CT,3,7,1,0.0007639419404125,rep,syn,False,nonada,nonada,nonada
2664CT,2664.0,CT,3,10,1,0.0007639419404125,rep,syn,False,nonada,nonada,nonada
2665TC,2665.0,TC,1,3,1,0.0007639419404125,rep,nonsyn,False,nonada,nonada,nonada
2665TC,2665.0,TC,2,10,1,0.0007639419404125,rep,nonsyn,False,nonada,nonada,nonada
2666AG,2666.0,AG,2,3,1,0.0007639419404125,rep,syn,False,nonada,nonada,nonada
2666AG,2666.0,AG,3,7,1,0.0007639419404125,rep,syn,False,nonada,nonada,nonada
2666AT,2666.0,AT,1,7,1,0.0007639419404125,rep,syn,False,nonada,nonada,nonada
2667TA,2667.0,TA,1,10,1,0.0007639419404125,rep,nonsyn,False,nonada,nonada,nonada
2667TA,2667.0,TA,2,10,1,0.0007639419404125,rep,nonsyn,False,nonada,nonada,nonada
2667TC,2667.0,TC,1,3,1,0.0007639419404125,rep,nonsyn,False,nonada,nonada,nonada
2668TA,2668.0,TA,3,10,1,0.0007639419404125,rep,nonsyn,False,nonada,nonada,nonada
2668TC,2668.0,TC,1,3,1,0.0007639419404125,rep,nonsyn,False,nonada,nonada,nonada
2668TC,2668.0,TC,2,7,1,0.0007639419404125,rep,nonsyn,False,nonada,nonada,nonada
2668TG,2668.0,TG,3,3,1,0.0007639419404125,rep,nonsyn,False,nonada,nonada,nonada
2669TC,2669.0,TC,1,3,1,0.0007639419404125,rep,syn,False,nonada,nonada,nonada
2669TC,2669.0,TC,1,7,3,0.0022918258212375,rep,syn,False,nonada,nonada,nonada
2669TC,2669.0,TC,1,10,1,0.0007639419404125,rep,syn,False,nonada,nonada,nonada
2669TC,2669.0,TC,2,7,1,0.0007639419404125,rep,syn,False,nonada,nonada,nonada
2669TC,2669.0,TC,2,10,1,0.0007639419404125,rep,syn,False,nonada,nonada,nonada
2669TC,2669.0,TC,3,3,1,0.0007639419404125,rep,syn,False,nonada,nonada,nonada
2669TC,2669.0,TC,3,7,2,0.001527883880825,rep,syn,False,nonada,nonada,nonada
2669TC,2669.0,TC,3,10,3,0.0022918258212375,rep,syn,False,nonada,nonada,nonada
266CT,266.0,CT,1,10,1,0.0007639419404125,mat,nonsyn,False,nonada,nonada,nonada
266CT,266.0,CT,2,7,1,0.0007639419404125,mat,nonsyn,False,nonada,nonada,nonada
266CT,266.0,CT,3,7,2,0.001527883880825,mat,nonsyn,False,nonada,nonada,nonada
2670TC,2670.0,TC,1,7,2,0.001527883880825,rep,nonsyn,False,nonada,nonada,nonada
2670TC,2670.0,TC,2,10,1,0.0007639419404125,rep,nonsyn,False,nonada,nonada,nonada
2672CT,2672.0,CT,1,3,1,0.0007639419404125,rep,syn,False,nonada,nonada,nonada
2672CT,2672.0,CT,3,7,1,0.0007639419404125,rep,syn,False,nonada,nonada,nonada
2672CT,2672.0,CT,3,10,1,0.0007639419404125,rep,syn,False,nonada,nonada,nonada
2674CT,2674.0,CT,1,10,1,0.0007639419404125,rep,nonsyn,False,nonada,nonada,nonada
2674CT,2674.0,CT,2,10,1,0.0007639419404125,rep,nonsyn,False,nonada,nonada,nonada
2675AG,2675.0,AG,1,3,1,0.0007639419404125,rep,syn,False,nonada,nonada,nonada
2675AG,2675.0,AG,1,7,2,0.001527883880825,rep,syn,False,nonada,nonada,nonada
2675AG,2675.0,AG,1,10,4,0.0030557677616501,rep,syn,False,nonada,nonada,nonada
2675AG,2675.0,AG,2,3,1,0.0007639419404125,rep,syn,False,nonada,nonada,nonada
2675AG,2675.0,AG,2,7,3,0.0022918258212375,rep,syn,False,nonada,nonada,nonada
2675AG,2675.0,AG,3,7,2,0.001527883880825,rep,syn,False,nonada,nonada,nonada
2677TC,2677.0,TC,1,3,1,0.0007639419404125,rep,nonsyn,False,nonada,nonada,nonada
2677TC,2677.0,TC,2,3,1,0.0007639419404125,rep,nonsyn,False,nonada,nonada,nonada
2677TG,2677.0,TG,1,7,1,0.0007639419404125,rep,nonsyn,False,nonada,nonada,nonada
2678GA,2678.0,GA,1,3,2,0.001527883880825,rep,nonsyn,False,nonada,nonada,nonada
2678GA,2678.0,GA,3,7,1,0.0007639419404125,rep,nonsyn,False,nonada,nonada,nonada
2678GT,2678.0,GT,2,7,1,0.0007639419404125,rep,nonsyn,False,nonada,nonada,nonada
2679GA,2679.0,GA,1,3,1,0.0007639419404125,rep,nonsyn,False,nonada,nonada,nonada
2679GA,2679.0,GA,1,7,1,0.0007639419404125,rep,nonsyn,False,nonada,nonada,nonada
2679GA,2679.0,GA,1,10,1,0.0007639419404125,rep,nonsyn,False,nonada,nonada,nonada
2679GA,2679.0,GA,2,3,1,0.0007639419404125,rep,nonsyn,False,nonada,nonada,nonada
2679GA,2679.0,GA,3,10,1,0.0007639419404125,rep,nonsyn,False,nonada,nonada,nonada
267GA,267.0,GA,2,7,1,0.0007639419404125,mat,syn,False,nonada,nonada,nonada
2680GA,2680.0,GA,1,10,1,0.0007639419404125,rep,nonsyn,False,nonada,nonada,nonada
2680GA,2680.0,GA,2,7,2,0.001527883880825,rep,nonsyn,False,nonada,nonada,nonada
2680GA,2680.0,GA,2,10,2,0.001527883880825,rep,nonsyn,False,nonada,nonada,nonada
2680GA,2680.0,GA,3,10,1,0.0007639419404125,rep,nonsyn,False,nonada,nonada,nonada
2681AG,2681.0,AG,1,3,1,0.0007639419404125,rep,syn,False,nonada,nonada,nonada
2681AG,2681.0,AG,1,7,2,0.001527883880825,rep,syn,False,nonada,nonada,nonada
2681AG,2681.0,AG,1,10,3,0.0022918258212375,rep,syn,False,nonada,nonada,nonada
2681AG,2681.0,AG,2,10,1,0.0007639419404125,rep,syn,False,nonada,nonada,nonada
2681AG,2681.0,AG,3,3,1,0.0007639419404125,rep,syn,False,nonada,nonada,nonada
2682AG,2682.0,AG,1,3,1,0.0007639419404125,rep,nonsyn,False,nonada,nonada,nonada
2683AG,2683.0,AG,2,10,1,0.0007639419404125,rep,nonsyn,False,nonada,nonada,nonada
2683AG,2683.0,AG,3,10,1,0.0007639419404125,rep,nonsyn,False,nonada,nonada,nonada
2684TC,2684.0,TC,1,10,1,0.0007639419404125,rep,syn,False,nonada,nonada,nonada
2684TC,2684.0,TC,2,3,1,0.0007639419404125,rep,syn,False,nonada,nonada,nonada
2684TC,2684.0,TC,2,7,1,0.0007639419404125,rep,syn,False,nonada,nonada,nonada
2684TC,2684.0,TC,2,10,1,0.0007639419404125,rep,syn,False,nonada,nonada,nonada
2684TC,2684.0,TC,3,7,1,0.0007639419404125,rep,syn,False,nonada,nonada,nonada
2684TC,2684.0,TC,3,10,1,0.0007639419404125,rep,syn,False,nonada,nonada,nonada
2685GA,2685.0,GA,1,3,1,0.0007639419404125,rep,nonsyn,False,nonada,nonada,nonada
2685GT,2685.0,GT,3,3,1,0.0007639419404125,rep,nonsyn,False,nonada,nonada,nonada
2686GA,2686.0,GA,1,3,1,0.0007639419404125,rep,nonsyn,False,nonada,nonada,nonada
2686GA,2686.0,GA,2,3,1,0.0007639419404125,rep,nonsyn,False,nonada,nonada,nonada
2686GA,2686.0,GA,2,7,1,0.0007639419404125,rep,nonsyn,False,nonada,nonada,nonada
2686GA,2686.0,GA,2,10,1,0.0007639419404125,rep,nonsyn,False,nonada,nonada,nonada
2687GA,2687.0,GA,3,7,2,0.001527883880825,rep,syn,False,nonada,nonada,nonada
2687GT,2687.0,GT,1,7,1,0.0007639419404125,rep,syn,False,nonada,nonada,nonada
2687GT,2687.0,GT,2,3,1,0.0007639419404125,rep,syn,False,nonada,nonada,nonada
2687GT,2687.0,GT,2,10,1,0.0007639419404125,rep,syn,False,nonada,nonada,nonada
2687GT,2687.0,GT,3,3,1,0.0007639419404125,rep,syn,False,nonada,nonada,nonada
2687GT,2687.0,GT,3,7,1,0.0007639419404125,rep,syn,False,nonada,nonada,nonada
2687GT,2687.0,GT,3,10,2,0.001527883880825,rep,syn,False,nonada,nonada,nonada
2688TC,2688.0,TC,2,10,1,0.0007639419404125,rep,nonsyn,False,nonada,nonada,nonada
2688TC,2688.0,TC,3,7,2,0.001527883880825,rep,nonsyn,False,nonada,nonada,nonada
2689TC,2689.0,TC,2,3,1,0.0007639419404125,rep,nonsyn,False,nonada,nonada,nonada
268AC,268.0,AC,1,10,1,0.0007639419404125,mat,nonsyn,False,nonada,nonada,nonada
268AC,268.0,AC,2,7,1,0.0007639419404125,mat,nonsyn,False,nonada,nonada,nonada
268AG,268.0,AG,3,7,1,0.0007639419404125,mat,nonsyn,False,nonada,nonada,nonada
268AT,268.0,AT,3,3,1,0.0007639419404125,mat,nonsyn,False,nonada,nonada,nonada
268AT,268.0,AT,3,10,1,0.0007639419404125,mat,nonsyn,False,nonada,nonada,nonada
2690CT,2690.0,CT,1,3,1,0.0007639419404125,rep,syn,False,nonada,nonada,nonada
2690CT,2690.0,CT,1,10,2,0.001527883880825,rep,syn,False,nonada,nonada,nonada
2690CT,2690.0,CT,2,3,1,0.0007639419404125,rep,syn,False,nonada,nonada,nonada
2690CT,2690.0,CT,3,3,1,0.0007639419404125,rep,syn,False,nonada,nonada,nonada
2690CT,2690.0,CT,3,7,1,0.0007639419404125,rep,syn,False,nonada,nonada,nonada
2692CA,2692.0,CA,3,7,1,0.0007639419404125,rep,nonsyn,False,nonada,nonada,nonada
2692CG,2692.0,CG,2,7,1,0.0007639419404125,rep,nonsyn,False,nonada,nonada,nonada
2692CT,2692.0,CT,2,10,1,0.0007639419404125,rep,nonsyn,False,nonada,nonada,nonada
2693AG,2693.0,AG,1,3,4,0.0030557677616501,rep,syn,False,nonada,nonada,nonada
2693AG,2693.0,AG,1,7,5,0.0038197097020626,rep,syn,False,nonada,nonada,nonada
2693AG,2693.0,AG,1,10,5,0.0038197097020626,rep,syn,False,nonada,nonada,nonada
2693AG,2693.0,AG,2,3,5,0.0038197097020626,rep,syn,False,nonada,nonada,nonada
2693AG,2693.0,AG,2,7,8,0.0061115355233002,rep,syn,False,nonada,nonada,nonada
2693AG,2693.0,AG,2,10,3,0.0022918258212375,rep,syn,False,nonada,nonada,nonada
2693AG,2693.0,AG,3,3,4,0.0030557677616501,rep,syn,False,nonada,nonada,nonada
2693AG,2693.0,AG,3,7,5,0.0038197097020626,rep,syn,False,nonada,nonada,nonada
2693AG,2693.0,AG,3,10,4,0.0030557677616501,rep,syn,False,nonada,nonada,nonada
2693AT,2693.0,AT,1,3,1,0.0007639419404125,rep,syn,False,nonada,nonada,nonada
2693AT,2693.0,AT,2,10,3,0.0022918258212375,rep,syn,False,nonada,nonada,nonada
2693AT,2693.0,AT,3,3,2,0.001527883880825,rep,syn,False,nonada,nonada,nonada
2693AT,2693.0,AT,3,10,1,0.0007639419404125,rep,syn,False,nonada,nonada,nonada
2694TC,2694.0,TC,3,7,1,0.0007639419404125,rep,nonsyn,False,nonada,nonada,nonada
2696TC,2696.0,TC,1,3,1,0.0007639419404125,rep,syn,False,nonada,nonada,nonada
2696TC,2696.0,TC,1,10,2,0.001527883880825,rep,syn,False,nonada,nonada,nonada
2696TC,2696.0,TC,3,7,2,0.001527883880825,rep,syn,False,nonada,nonada,nonada
2697GA,2697.0,GA,1,3,1,0.0007639419404125,rep,nonsyn,False,nonada,nonada,nonada
2697GA,2697.0,GA,1,7,1,0.0007639419404125,rep,nonsyn,False,nonada,nonada,nonada
2697GA,2697.0,GA,1,10,1,0.0007639419404125,rep,nonsyn,False,nonada,nonada,nonada
2697GC,2697.0,GC,3,3,1,0.0007639419404125,rep,nonsyn,False,nonada,nonada,nonada
2698AG,2698.0,AG,1,3,1,0.0007639419404125,rep,nonsyn,False,nonada,nonada,nonada
2699GA,2699.0,GA,1,3,1,0.0007639419404125,rep,syn,False,nonada,nonada,nonada
2699GA,2699.0,GA,1,7,1,0.0007639419404125,rep,syn,False,nonada,nonada,nonada
2699GA,2699.0,GA,1,10,5,0.0038197097020626,rep,syn,False,nonada,nonada,nonada
2699GA,2699.0,GA,2,3,1,0.0007639419404125,rep,syn,False,nonada,nonada,nonada
2699GA,2699.0,GA,2,7,1,0.0007639419404125,rep,syn,False,nonada,nonada,nonada
2699GC,2699.0,GC,3,10,1,0.0007639419404125,rep,nonsyn,False,nonada,nonada,nonada
2699GT,2699.0,GT,2,10,1,0.0007639419404125,rep,nonsyn,False,nonada,nonada,nonada
269CT,269.0,CT,1,10,1,0.0007639419404125,mat,nonsyn,False,nonada,nonada,nonada
2700CA,2700.0,CA,3,3,1,0.0007639419404125,rep,nonsyn,False,nonada,nonada,nonada
2700CT,2700.0,CT,1,7,1,0.0007639419404125,rep,syn,False,nonada,nonada,nonada
2700CT,2700.0,CT,2,7,1,0.0007639419404125,rep,syn,False,nonada,nonada,nonada
2701TC,2701.0,TC,3,7,1,0.0007639419404125,rep,nonsyn,False,nonada,nonada,nonada
2702AG,2702.0,AG,1,3,1,0.0007639419404125,rep,syn,False,nonada,nonada,nonada
2702AG,2702.0,AG,2,10,2,0.001527883880825,rep,syn,False,nonada,nonada,nonada
2703GT,2703.0,GT,1,3,1,0.0007639419404125,rep,nonsyn,True,nonada,nonada,nonada
2704AG,2704.0,AG,1,7,1,0.0007639419404125,rep,nonsyn,False,nonada,nonada,nonada
2704AG,2704.0,AG,2,3,1,0.0007639419404125,rep,nonsyn,False,nonada,nonada,nonada
2704AG,2704.0,AG,3,10,1,0.0007639419404125,rep,nonsyn,False,nonada,nonada,nonada
2705GA,2705.0,GA,1,7,1,0.0007639419404125,rep,syn,False,nonada,nonada,nonada
2705GT,2705.0,GT,1,10,1,0.0007639419404125,rep,nonsyn,False,nonada,nonada,nonada
2705GT,2705.0,GT,3,3,1,0.0007639419404125,rep,nonsyn,False,nonada,nonada,nonada
2706TC,2706.0,TC,2,3,1,0.0007639419404125,rep,nonsyn,False,nonada,nonada,nonada
2706TC,2706.0,TC,2,7,2,0.001527883880825,rep,nonsyn,False,nonada,nonada,nonada
2706TC,2706.0,TC,2,10,2,0.001527883880825,rep,nonsyn,False,nonada,nonada,nonada
2706TC,2706.0,TC,3,3,1,0.0007639419404125,rep,nonsyn,False,nonada,nonada,nonada
2706TC,2706.0,TC,3,7,1,0.0007639419404125,rep,nonsyn,False,nonada,nonada,nonada
2706TC,2706.0,TC,3,10,1,0.0007639419404125,rep,nonsyn,False,nonada,nonada,nonada
2708CT,2708.0,CT,2,3,1,0.0007639419404125,rep,syn,False,nonada,nonada,nonada
2708CT,2708.0,CT,2,10,1,0.0007639419404125,rep,syn,False,nonada,nonada,nonada
2709AG,2709.0,AG,1,3,1,0.0007639419404125,rep,nonsyn,False,nonada,nonada,nonada
270TC,270.0,TC,1,3,1,0.0007639419404125,mat,syn,False,nonada,nonada,nonada
270TC,270.0,TC,1,10,1,0.0007639419404125,mat,syn,False,nonada,nonada,nonada
270TC,270.0,TC,2,3,1,0.0007639419404125,mat,syn,False,nonada,nonada,nonada
270TC,270.0,TC,2,7,1,0.0007639419404125,mat,syn,False,nonada,nonada,nonada
270TC,270.0,TC,2,10,3,0.0022918258212375,mat,syn,False,nonada,nonada,nonada
270TC,270.0,TC,3,7,2,0.001527883880825,mat,syn,False,nonada,nonada,nonada
270TC,270.0,TC,3,10,1,0.0007639419404125,mat,syn,False,nonada,nonada,nonada
270TG,270.0,TG,2,7,1,0.0007639419404125,mat,syn,False,nonada,nonada,nonada
270TG,270.0,TG,2,10,1,0.0007639419404125,mat,syn,False,nonada,nonada,nonada
2710TC,2710.0,TC,1,7,1,0.0007639419404125,rep,nonsyn,False,nonada,nonada,nonada
2710TC,2710.0,TC,2,7,1,0.0007639419404125,rep,nonsyn,False,nonada,nonada,nonada
2711GA,2711.0,GA,2,7,1,0.0007639419404125,rep,nonsyn,False,nonada,nonada,nonada
2711GA,2711.0,GA,3,7,1,0.0007639419404125,rep,nonsyn,False,nonada,nonada,nonada
2711GA,2711.0,GA,3,10,1,0.0007639419404125,rep,nonsyn,False,nonada,nonada,nonada
2712AG,2712.0,AG,1,7,1,0.0007639419404125,rep,nonsyn,False,nonada,nonada,nonada
2712AG,2712.0,AG,2,3,1,0.0007639419404125,rep,nonsyn,False,nonada,nonada,nonada
2713TC,2713.0,TC,2,10,1,0.0007639419404125,rep,nonsyn,False,nonada,nonada,nonada
2713TC,2713.0,TC,3,7,1,0.0007639419404125,rep,nonsyn,False,nonada,nonada,nonada
2714AG,2714.0,AG,1,10,1,0.0007639419404125,rep,nonsyn,False,nonada,nonada,nonada
2715TC,2715.0,TC,1,3,2,0.001527883880825,rep,nonsyn,False,nonada,nonada,nonada
2715TC,2715.0,TC,1,7,1,0.0007639419404125,rep,nonsyn,False,nonada,nonada,nonada
2715TC,2715.0,TC,2,7,1,0.0007639419404125,rep,nonsyn,False,nonada,nonada,nonada
2716TC,2716.0,TC,3,3,1,0.0007639419404125,rep,nonsyn,False,nonada,nonada,nonada
2717CT,2717.0,CT,1,7,1,0.0007639419404125,rep,syn,False,nonada,nonada,nonada
2717CT,2717.0,CT,2,3,1,0.0007639419404125,rep,syn,False,nonada,nonada,nonada
2717CT,2717.0,CT,2,7,1,0.0007639419404125,rep,syn,False,nonada,nonada,nonada
2717CT,2717.0,CT,2,10,1,0.0007639419404125,rep,syn,False,nonada,nonada,nonada
2717CT,2717.0,CT,3,3,1,0.0007639419404125,rep,syn,False,nonada,nonada,nonada
2717CT,2717.0,CT,3,7,2,0.001527883880825,rep,syn,False,nonada,nonada,nonada
2717CT,2717.0,CT,3,10,1,0.0007639419404125,rep,syn,False,nonada,nonada,nonada
2718TG,2718.0,TG,1,3,1,0.0007639419404125,rep,nonsyn,False,nonada,nonada,nonada
2718TG,2718.0,TG,2,3,1,0.0007639419404125,rep,nonsyn,False,nonada,nonada,nonada
2719GA,2719.0,GA,1,3,1,0.0007639419404125,rep,nonsyn,True,nonada,nonada,nonada
2719GA,2719.0,GA,1,7,2,0.001527883880825,rep,nonsyn,True,nonada,nonada,nonada
271GA,271.0,GA,3,7,1,0.0007639419404125,mat,nonsyn,False,nonada,nonada,nonada
2720GA,2720.0,GA,1,7,1,0.0007639419404125,rep,nonsyn,True,nonada,nonada,nonada
2720GA,2720.0,GA,1,10,1,0.0007639419404125,rep,nonsyn,True,nonada,nonada,nonada
2720GA,2720.0,GA,2,10,1,0.0007639419404125,rep,nonsyn,True,nonada,nonada,nonada
2720GA,2720.0,GA,3,7,1,0.0007639419404125,rep,nonsyn,True,nonada,nonada,nonada
2721GA,2721.0,GA,2,7,1,0.0007639419404125,rep,nonsyn,False,nonada,nonada,nonada
2721GA,2721.0,GA,3,3,2,0.001527883880825,rep,nonsyn,False,nonada,nonada,nonada
2722CA,2722.0,CA,3,3,1,0.0007639419404125,rep,nonsyn,False,nonada,nonada,nonada
2722CT,2722.0,CT,2,10,1,0.0007639419404125,rep,nonsyn,False,nonada,nonada,nonada
2723AG,2723.0,AG,1,3,2,0.001527883880825,rep,syn,False,nonada,nonada,nonada
2723AG,2723.0,AG,1,7,1,0.0007639419404125,rep,syn,False,nonada,nonada,nonada
2723AG,2723.0,AG,1,10,1,0.0007639419404125,rep,syn,False,nonada,nonada,nonada
2723AG,2723.0,AG,2,3,1,0.0007639419404125,rep,syn,False,nonada,nonada,nonada
2723AG,2723.0,AG,2,10,1,0.0007639419404125,rep,syn,False,nonada,nonada,nonada
2723AG,2723.0,AG,3,7,1,0.0007639419404125,rep,syn,False,nonada,nonada,nonada
2724AG,2724.0,AG,1,3,1,0.0007639419404125,rep,nonsyn,False,nonada,nonada,nonada
2724AG,2724.0,AG,2,7,1,0.0007639419404125,rep,nonsyn,False,nonada,nonada,nonada
2724AG,2724.0,AG,2,10,2,0.001527883880825,rep,nonsyn,False,nonada,nonada,nonada
2724AG,2724.0,AG,3,3,2,0.001527883880825,rep,nonsyn,False,nonada,nonada,nonada
2724AG,2724.0,AG,3,7,1,0.0007639419404125,rep,nonsyn,False,nonada,nonada,nonada
2726AG,2726.0,AG,1,3,1,0.0007639419404125,rep,nonsyn,False,nonada,nonada,nonada
2726AG,2726.0,AG,1,7,1,0.0007639419404125,rep,nonsyn,False,nonada,nonada,nonada
2726AG,2726.0,AG,1,10,1,0.0007639419404125,rep,nonsyn,False,nonada,nonada,nonada
2727GA,2727.0,GA,1,7,2,0.001527883880825,rep,nonsyn,False,nonada,nonada,nonada
2727GA,2727.0,GA,2,3,3,0.0022918258212375,rep,nonsyn,False,nonada,nonada,nonada
2727GA,2727.0,GA,3,3,1,0.0007639419404125,rep,nonsyn,False,nonada,nonada,nonada
2727GA,2727.0,GA,3,7,1,0.0007639419404125,rep,nonsyn,False,nonada,nonada,nonada
2727GA,2727.0,GA,3,10,1,0.0007639419404125,rep,nonsyn,False,nonada,nonada,nonada
2728TC,2728.0,TC,1,10,1,0.0007639419404125,rep,nonsyn,False,nonada,nonada,nonada
2728TC,2728.0,TC,3,3,2,0.001527883880825,rep,nonsyn,False,nonada,nonada,nonada
2729CA,2729.0,CA,3,7,3,0.0022918258212375,rep,syn,False,nonada,nonada,nonada
2729CA,2729.0,CA,3,10,1,0.0007639419404125,rep,syn,False,nonada,nonada,nonada
2729CT,2729.0,CT,1,10,2,0.001527883880825,rep,syn,False,nonada,nonada,nonada
2729CT,2729.0,CT,2,3,1,0.0007639419404125,rep,syn,False,nonada,nonada,nonada
2729CT,2729.0,CT,2,10,1,0.0007639419404125,rep,syn,False,nonada,nonada,nonada
2729CT,2729.0,CT,3,10,1,0.0007639419404125,rep,syn,False,nonada,nonada,nonada
272GA,272.0,GA,2,3,1,0.0007639419404125,mat,nonsyn,False,nonada,nonada,nonada
272GA,272.0,GA,3,3,1,0.0007639419404125,mat,nonsyn,False,nonada,nonada,nonada
272GT,272.0,GT,1,3,2,0.001527883880825,mat,nonsyn,False,nonada,nonada,nonada
2730AG,2730.0,AG,3,10,1,0.0007639419404125,rep,nonsyn,False,nonada,nonada,nonada
2732AG,2732.0,AG,1,10,1,0.0007639419404125,rep,syn,False,nonada,nonada,nonada
2733GA,2733.0,GA,3,10,1,0.0007639419404125,rep,nonsyn,False,nonada,nonada,nonada
2733GC,2733.0,GC,2,10,1,0.0007639419404125,rep,nonsyn,False,nonada,nonada,nonada
2733GT,2733.0,GT,3,7,2,0.001527883880825,rep,nonsyn,False,nonada,nonada,nonada
2734CA,2734.0,CA,3,10,1,0.0007639419404125,rep,nonsyn,False,nonada,nonada,nonada
2734CT,2734.0,CT,1,3,1,0.0007639419404125,rep,nonsyn,False,nonada,nonada,nonada
2734CT,2734.0,CT,1,10,1,0.0007639419404125,rep,nonsyn,False,nonada,nonada,nonada
2734CT,2734.0,CT,2,3,1,0.0007639419404125,rep,nonsyn,False,nonada,nonada,nonada
2734CT,2734.0,CT,3,3,1,0.0007639419404125,rep,nonsyn,False,nonada,nonada,nonada
2735GA,2735.0,GA,1,3,4,0.0030557677616501,rep,syn,False,nonada,nonada,nonada
2735GA,2735.0,GA,1,7,1,0.0007639419404125,rep,syn,False,nonada,nonada,nonada
2735GA,2735.0,GA,1,10,1,0.0007639419404125,rep,syn,False,nonada,nonada,nonada
2735GA,2735.0,GA,2,7,1,0.0007639419404125,rep,syn,False,nonada,nonada,nonada
2735GA,2735.0,GA,3,3,2,0.001527883880825,rep,syn,False,nonada,nonada,nonada
2735GA,2735.0,GA,3,7,1,0.0007639419404125,rep,syn,False,nonada,nonada,nonada
2736AG,2736.0,AG,1,7,1,0.0007639419404125,rep,nonsyn,False,nonada,nonada,nonada
2736AG,2736.0,AG,3,7,1,0.0007639419404125,rep,nonsyn,False,nonada,nonada,nonada
2736AG,2736.0,AG,3,10,1,0.0007639419404125,rep,nonsyn,False,nonada,nonada,nonada
2737CA,2737.0,CA,2,10,1,0.0007639419404125,rep,nonsyn,False,nonada,nonada,nonada
2737CA,2737.0,CA,3,10,1,0.0007639419404125,rep,nonsyn,False,nonada,nonada,nonada
2737CT,2737.0,CT,3,3,1,0.0007639419404125,rep,nonsyn,False,nonada,nonada,nonada
2738CT,2738.0,CT,1,7,1,0.0007639419404125,rep,syn,False,nonada,nonada,nonada
2738CT,2738.0,CT,3,7,1,0.0007639419404125,rep,syn,False,nonada,nonada,nonada
2739CA,2739.0,CA,1,3,3,0.0022918258212375,rep,nonsyn,False,nonada,nonada,nonada
2739CA,2739.0,CA,1,7,3,0.0022918258212375,rep,nonsyn,False,nonada,nonada,nonada
2739CA,2739.0,CA,1,10,3,0.0022918258212375,rep,nonsyn,False,nonada,nonada,nonada
2739CA,2739.0,CA,2,3,1,0.0007639419404125,rep,nonsyn,False,nonada,nonada,nonada
2739CA,2739.0,CA,2,10,4,0.0030557677616501,rep,nonsyn,False,nonada,nonada,nonada
2739CA,2739.0,CA,3,3,6,0.0045836516424751,rep,nonsyn,False,nonada,nonada,nonada
2739CA,2739.0,CA,3,7,2,0.001527883880825,rep,nonsyn,False,nonada,nonada,nonada
2739CA,2739.0,CA,3,10,8,0.0061115355233002,rep,nonsyn,False,nonada,nonada,nonada
2739CT,2739.0,CT,1,7,1,0.0007639419404125,rep,nonsyn,True,nonada,nonada,nonada
2739CT,2739.0,CT,1,10,1,0.0007639419404125,rep,nonsyn,True,nonada,nonada,nonada
2739CT,2739.0,CT,3,7,1,0.0007639419404125,rep,nonsyn,True,nonada,nonada,nonada
273GA,273.0,GA,1,10,1,0.0007639419404125,mat,syn,False,nonada,nonada,nonada
273GA,273.0,GA,2,7,1,0.0007639419404125,mat,syn,False,nonada,nonada,nonada
273GA,273.0,GA,3,7,1,0.0007639419404125,mat,syn,False,nonada,nonada,nonada
2740AG,2740.0,AG,2,7,1,0.0007639419404125,rep,nonsyn,False,nonada,nonada,nonada
2740AG,2740.0,AG,2,10,1,0.0007639419404125,rep,nonsyn,False,nonada,nonada,nonada
2741AG,2741.0,AG,3,3,1,0.0007639419404125,rep,syn,False,nonada,nonada,nonada
2741AG,2741.0,AG,3,7,1,0.0007639419404125,rep,syn,False,nonada,nonada,nonada
2742AC,2742.0,AC,1,10,1,0.0007639419404125,rep,nonsyn,False,nonada,nonada,nonada
2742AC,2742.0,AC,3,3,1,0.0007639419404125,rep,nonsyn,False,nonada,nonada,nonada
2742AG,2742.0,AG,1,3,1,0.0007639419404125,rep,nonsyn,False,nonada,nonada,nonada
2742AG,2742.0,AG,1,7,1,0.0007639419404125,rep,nonsyn,False,nonada,nonada,nonada
2742AG,2742.0,AG,1,10,2,0.001527883880825,rep,nonsyn,False,nonada,nonada,nonada
2742AG,2742.0,AG,2,7,1,0.0007639419404125,rep,nonsyn,False,nonada,nonada,nonada
2742AG,2742.0,AG,3,3,1,0.0007639419404125,rep,nonsyn,False,nonada,nonada,nonada
2742AT,2742.0,AT,1,10,1,0.0007639419404125,rep,nonsyn,False,nonada,nonada,nonada
2743TC,2743.0,TC,1,7,1,0.0007639419404125,rep,nonsyn,False,nonada,nonada,nonada
2743TC,2743.0,TC,3,3,1,0.0007639419404125,rep,nonsyn,False,nonada,nonada,nonada
2743TG,2743.0,TG,3,3,2,0.001527883880825,rep,nonsyn,False,nonada,nonada,nonada
2744CT,2744.0,CT,1,3,1,0.0007639419404125,rep,syn,False,nonada,nonada,nonada
2744CT,2744.0,CT,2,7,2,0.001527883880825,rep,syn,False,nonada,nonada,nonada
2744CT,2744.0,CT,3,7,1,0.0007639419404125,rep,syn,False,nonada,nonada,nonada
2745CT,2745.0,CT,1,3,1,0.0007639419404125,rep,nonsyn,False,nonada,nonada,nonada
2745CT,2745.0,CT,1,10,1,0.0007639419404125,rep,nonsyn,False,nonada,nonada,nonada
2745CT,2745.0,CT,2,10,2,0.001527883880825,rep,nonsyn,False,nonada,nonada,nonada
2746AG,2746.0,AG,1,7,1,0.0007639419404125,rep,nonsyn,False,nonada,nonada,nonada
2746AG,2746.0,AG,2,10,1,0.0007639419404125,rep,nonsyn,False,nonada,nonada,nonada
2746AG,2746.0,AG,3,7,1,0.0007639419404125,rep,nonsyn,False,nonada,nonada,nonada
2746AT,2746.0,AT,1,7,2,0.001527883880825,rep,nonsyn,False,nonada,nonada,nonada
2746AT,2746.0,AT,2,10,2,0.001527883880825,rep,nonsyn,False,nonada,nonada,nonada
2746AT,2746.0,AT,3,10,1,0.0007639419404125,rep,nonsyn,False,nonada,nonada,nonada
2747TA,2747.0,TA,2,7,1,0.0007639419404125,rep,nonsyn,False,nonada,nonada,nonada
2747TC,2747.0,TC,1,7,1,0.0007639419404125,rep,syn,False,nonada,nonada,nonada
2747TC,2747.0,TC,1,10,1,0.0007639419404125,rep,syn,False,nonada,nonada,nonada
2747TC,2747.0,TC,2,3,1,0.0007639419404125,rep,syn,False,nonada,nonada,nonada
2747TC,2747.0,TC,2,10,2,0.001527883880825,rep,syn,False,nonada,nonada,nonada
2747TC,2747.0,TC,3,10,2,0.001527883880825,rep,syn,False,nonada,nonada,nonada
2748TC,2748.0,TC,2,10,1,0.0007639419404125,rep,nonsyn,False,nonada,nonada,nonada
2748TC,2748.0,TC,3,3,1,0.0007639419404125,rep,nonsyn,False,nonada,nonada,nonada
2748TG,2748.0,TG,1,7,1,0.0007639419404125,rep,nonsyn,False,nonada,nonada,nonada
274GA,274.0,GA,1,3,1,0.0007639419404125,mat,nonsyn,False,nonada,nonada,nonada
274GA,274.0,GA,1,7,1,0.0007639419404125,mat,nonsyn,False,nonada,nonada,nonada
274GA,274.0,GA,1,10,1,0.0007639419404125,mat,nonsyn,False,nonada,nonada,nonada
274GA,274.0,GA,2,7,1,0.0007639419404125,mat,nonsyn,False,nonada,nonada,nonada
274GA,274.0,GA,3,3,1,0.0007639419404125,mat,nonsyn,False,nonada,nonada,nonada
274GA,274.0,GA,3,7,1,0.0007639419404125,mat,nonsyn,False,nonada,nonada,nonada
274GA,274.0,GA,3,10,1,0.0007639419404125,mat,nonsyn,False,nonada,nonada,nonada
2750TC,2750.0,TC,1,3,1,0.0007639419404125,rep,syn,False,nonada,nonada,nonada
2750TC,2750.0,TC,1,7,2,0.001527883880825,rep,syn,False,nonada,nonada,nonada
2750TC,2750.0,TC,1,10,1,0.0007639419404125,rep,syn,False,nonada,nonada,nonada
2750TC,2750.0,TC,2,3,2,0.001527883880825,rep,syn,False,nonada,nonada,nonada
2750TC,2750.0,TC,2,7,1,0.0007639419404125,rep,syn,False,nonada,nonada,nonada
2751GA,2751.0,GA,1,3,1,0.0007639419404125,rep,nonsyn,False,nonada,nonada,nonada
2751GA,2751.0,GA,2,3,1,0.0007639419404125,rep,nonsyn,False,nonada,nonada,nonada
2751GA,2751.0,GA,3,7,1,0.0007639419404125,rep,nonsyn,False,nonada,nonada,nonada
2751GT,2751.0,GT,2,7,1,0.0007639419404125,rep,nonsyn,False,nonada,nonada,nonada
2751GT,2751.0,GT,3,10,1,0.0007639419404125,rep,nonsyn,False,nonada,nonada,nonada
2752GA,2752.0,GA,1,3,1,0.0007639419404125,rep,nonsyn,False,nonada,nonada,nonada
2752GA,2752.0,GA,1,10,2,0.001527883880825,rep,nonsyn,False,nonada,nonada,nonada
2752GA,2752.0,GA,2,3,1,0.0007639419404125,rep,nonsyn,False,nonada,nonada,nonada
2753TC,2753.0,TC,1,3,1,0.0007639419404125,rep,syn,False,nonada,nonada,nonada
2753TC,2753.0,TC,1,7,1,0.0007639419404125,rep,syn,False,nonada,nonada,nonada
2753TC,2753.0,TC,2,3,1,0.0007639419404125,rep,syn,False,nonada,nonada,nonada
2755AG,2755.0,AG,1,10,1,0.0007639419404125,rep,nonsyn,False,nonada,nonada,nonada
2755AG,2755.0,AG,2,3,1,0.0007639419404125,rep,nonsyn,False,nonada,nonada,nonada
2755AG,2755.0,AG,3,3,1,0.0007639419404125,rep,nonsyn,False,nonada,nonada,nonada
2756CT,2756.0,CT,1,3,1,0.0007639419404125,rep,syn,False,nonada,nonada,nonada
2756CT,2756.0,CT,1,7,1,0.0007639419404125,rep,syn,False,nonada,nonada,nonada
2756CT,2756.0,CT,1,10,2,0.001527883880825,rep,syn,False,nonada,nonada,nonada
2756CT,2756.0,CT,2,3,1,0.0007639419404125,rep,syn,False,nonada,nonada,nonada
2756CT,2756.0,CT,3,3,1,0.0007639419404125,rep,syn,False,nonada,nonada,nonada
2756CT,2756.0,CT,3,10,2,0.001527883880825,rep,syn,False,nonada,nonada,nonada
2757GA,2757.0,GA,1,3,2,0.001527883880825,rep,nonsyn,False,nonada,nonada,nonada
2757GA,2757.0,GA,1,7,1,0.0007639419404125,rep,nonsyn,False,nonada,nonada,nonada
2757GA,2757.0,GA,2,7,1,0.0007639419404125,rep,nonsyn,False,nonada,nonada,nonada
2757GA,2757.0,GA,2,10,1,0.0007639419404125,rep,nonsyn,False,nonada,nonada,nonada
2757GA,2757.0,GA,3,7,1,0.0007639419404125,rep,nonsyn,False,nonada,nonada,nonada
2757GA,2757.0,GA,3,10,1,0.0007639419404125,rep,nonsyn,False,nonada,nonada,nonada
2757GT,2757.0,GT,1,10,1,0.0007639419404125,rep,nonsyn,False,nonada,nonada,nonada
2758CT,2758.0,CT,2,7,1,0.0007639419404125,rep,nonsyn,False,nonada,nonada,nonada
2759CT,2759.0,CT,1,3,2,0.001527883880825,rep,syn,False,nonada,nonada,nonada
2759CT,2759.0,CT,1,7,1,0.0007639419404125,rep,syn,False,nonada,nonada,nonada
2759CT,2759.0,CT,2,3,1,0.0007639419404125,rep,syn,False,nonada,nonada,nonada
2759CT,2759.0,CT,3,3,1,0.0007639419404125,rep,syn,False,nonada,nonada,nonada
2759CT,2759.0,CT,3,10,4,0.0030557677616501,rep,syn,False,nonada,nonada,nonada
275CT,275.0,CT,2,7,1,0.0007639419404125,mat,nonsyn,False,nonada,nonada,nonada
275CT,275.0,CT,3,7,1,0.0007639419404125,mat,nonsyn,False,nonada,nonada,nonada
2760GA,2760.0,GA,3,10,1,0.0007639419404125,rep,nonsyn,False,nonada,nonada,nonada
2760GC,2760.0,GC,1,10,1,0.0007639419404125,rep,nonsyn,False,nonada,nonada,nonada
2760GC,2760.0,GC,3,7,1,0.0007639419404125,rep,nonsyn,False,nonada,nonada,nonada
2761GA,2761.0,GA,2,3,1,0.0007639419404125,rep,nonsyn,False,nonada,nonada,nonada
2762AG,2762.0,AG,1,7,2,0.001527883880825,rep,syn,False,nonada,nonada,nonada
2762AG,2762.0,AG,2,7,5,0.0038197097020626,rep,syn,False,nonada,nonada,nonada
2762AG,2762.0,AG,2,10,3,0.0022918258212375,rep,syn,False,nonada,nonada,nonada
2762AG,2762.0,AG,3,3,2,0.001527883880825,rep,syn,False,nonada,nonada,nonada
2762AG,2762.0,AG,3,7,1,0.0007639419404125,rep,syn,False,nonada,nonada,nonada
2762AG,2762.0,AG,3,10,1,0.0007639419404125,rep,syn,False,nonada,nonada,nonada
2763AG,2763.0,AG,2,10,1,0.0007639419404125,rep,nonsyn,False,nonada,nonada,nonada
2764CT,2764.0,CT,1,7,4,0.0030557677616501,rep,nonsyn,False,nonada,nonada,nonada
2764CT,2764.0,CT,1,10,2,0.001527883880825,rep,nonsyn,False,nonada,nonada,nonada
2764CT,2764.0,CT,2,7,1,0.0007639419404125,rep,nonsyn,False,nonada,nonada,nonada
2764CT,2764.0,CT,3,7,1,0.0007639419404125,rep,nonsyn,False,nonada,nonada,nonada
2766AT,2766.0,AT,2,7,1,0.0007639419404125,rep,nonsyn,False,nonada,nonada,nonada
2766AT,2766.0,AT,3,3,1,0.0007639419404125,rep,nonsyn,False,nonada,nonada,nonada
2766AT,2766.0,AT,3,10,1,0.0007639419404125,rep,nonsyn,False,nonada,nonada,nonada
2767TA,2767.0,TA,2,7,1,0.0007639419404125,rep,nonsyn,False,nonada,nonada,nonada
2768AG,2768.0,AG,1,10,2,0.001527883880825,rep,nonsyn,False,nonada,nonada,nonada
2768AG,2768.0,AG,2,7,1,0.0007639419404125,rep,nonsyn,False,nonada,nonada,nonada
2768AG,2768.0,AG,3,10,1,0.0007639419404125,rep,nonsyn,False,nonada,nonada,nonada
2769GA,2769.0,GA,1,7,2,0.001527883880825,rep,nonsyn,False,nonada,nonada,nonada
2769GA,2769.0,GA,1,10,1,0.0007639419404125,rep,nonsyn,False,nonada,nonada,nonada
2769GA,2769.0,GA,3,7,1,0.0007639419404125,rep,nonsyn,False,nonada,nonada,nonada
2769GT,2769.0,GT,1,3,1,0.0007639419404125,rep,nonsyn,False,nonada,nonada,nonada
276CA,276.0,CA,3,3,1,0.0007639419404125,mat,syn,False,nonada,nonada,nonada
276CA,276.0,CA,3,7,1,0.0007639419404125,mat,syn,False,nonada,nonada,nonada
276CT,276.0,CT,3,3,1,0.0007639419404125,mat,syn,False,nonada,nonada,nonada
276CT,276.0,CT,3,7,1,0.0007639419404125,mat,syn,False,nonada,nonada,nonada
2770GA,2770.0,GA,1,7,1,0.0007639419404125,rep,nonsyn,False,nonada,nonada,nonada
2770GA,2770.0,GA,3,3,1,0.0007639419404125,rep,nonsyn,False,nonada,nonada,nonada
2770GT,2770.0,GT,3,10,1,0.0007639419404125,rep,nonsyn,False,nonada,nonada,nonada
2771CT,2771.0,CT,2,7,1,0.0007639419404125,rep,syn,False,nonada,nonada,nonada
2771CT,2771.0,CT,3,3,1,0.0007639419404125,rep,syn,False,nonada,nonada,nonada
2773TA,2773.0,TA,2,7,1,0.0007639419404125,rep,nonsyn,False,nonada,nonada,nonada
2773TC,2773.0,TC,1,3,1,0.0007639419404125,rep,nonsyn,False,nonada,nonada,nonada
2773TC,2773.0,TC,3,10,1,0.0007639419404125,rep,nonsyn,False,nonada,nonada,nonada
2774CT,2774.0,CT,2,7,1,0.0007639419404125,rep,syn,False,nonada,nonada,nonada
2775TC,2775.0,TC,1,7,1,0.0007639419404125,rep,nonsyn,False,nonada,nonada,nonada
2775TC,2775.0,TC,1,10,1,0.0007639419404125,rep,nonsyn,False,nonada,nonada,nonada
2775TC,2775.0,TC,2,3,2,0.001527883880825,rep,nonsyn,False,nonada,nonada,nonada
2775TG,2775.0,TG,3,3,1,0.0007639419404125,rep,nonsyn,False,nonada,nonada,nonada
2776AG,2776.0,AG,1,7,1,0.0007639419404125,rep,nonsyn,False,nonada,nonada,nonada
2777CT,2777.0,CT,1,10,1,0.0007639419404125,rep,syn,False,nonada,nonada,nonada
2777CT,2777.0,CT,2,7,1,0.0007639419404125,rep,syn,False,nonada,nonada,nonada
2777CT,2777.0,CT,3,3,1,0.0007639419404125,rep,syn,False,nonada,nonada,nonada
2778GA,2778.0,GA,1,3,1,0.0007639419404125,rep,nonsyn,False,nonada,nonada,nonada
2778GA,2778.0,GA,1,7,2,0.001527883880825,rep,nonsyn,False,nonada,nonada,nonada
2778GA,2778.0,GA,2,10,1,0.0007639419404125,rep,nonsyn,False,nonada,nonada,nonada
2778GC,2778.0,GC,1,10,1,0.0007639419404125,rep,nonsyn,False,nonada,nonada,nonada
2778GC,2778.0,GC,3,3,1,0.0007639419404125,rep,nonsyn,False,nonada,nonada,nonada
2779GA,2779.0,GA,2,10,2,0.001527883880825,rep,nonsyn,False,nonada,nonada,nonada
2779GA,2779.0,GA,3,7,1,0.0007639419404125,rep,nonsyn,False,nonada,nonada,nonada
2780GA,2780.0,GA,3,3,1,0.0007639419404125,rep,syn,False,nonada,nonada,nonada
2781GA,2781.0,GA,1,10,1,0.0007639419404125,rep,nonsyn,False,nonada,nonada,nonada
2781GT,2781.0,GT,1,10,1,0.0007639419404125,rep,nonsyn,False,nonada,nonada,nonada
2782AG,2782.0,AG,2,3,1,0.0007639419404125,rep,nonsyn,False,nonada,nonada,nonada
2783CT,2783.0,CT,1,7,1,0.0007639419404125,rep,syn,False,nonada,nonada,nonada
2783CT,2783.0,CT,1,10,1,0.0007639419404125,rep,syn,False,nonada,nonada,nonada
2783CT,2783.0,CT,3,10,1,0.0007639419404125,rep,syn,False,nonada,nonada,nonada
2784GA,2784.0,GA,2,10,1,0.0007639419404125,rep,nonsyn,False,nonada,nonada,nonada
2785AG,2785.0,AG,2,7,1,0.0007639419404125,rep,nonsyn,False,nonada,nonada,nonada
2785AG,2785.0,AG,2,10,1,0.0007639419404125,rep,nonsyn,False,nonada,nonada,nonada
2786TC,2786.0,TC,1,3,1,0.0007639419404125,rep,syn,False,nonada,nonada,nonada
2786TG,2786.0,TG,1,3,1,0.0007639419404125,rep,nonsyn,False,nonada,nonada,nonada
2787AG,2787.0,AG,2,10,2,0.001527883880825,rep,nonsyn,False,nonada,nonada,nonada
2788TC,2788.0,TC,2,10,1,0.0007639419404125,rep,nonsyn,False,nonada,nonada,nonada
2788TC,2788.0,TC,3,7,1,0.0007639419404125,rep,nonsyn,False,nonada,nonada,nonada
2788TG,2788.0,TG,3,7,1,0.0007639419404125,rep,nonsyn,False,nonada,nonada,nonada
2789TC,2789.0,TC,1,10,4,0.0030557677616501,rep,syn,False,nonada,nonada,nonada
2789TC,2789.0,TC,2,7,2,0.001527883880825,rep,syn,False,nonada,nonada,nonada
278AG,278.0,AG,2,3,2,0.001527883880825,mat,nonsyn,False,nonada,nonada,nonada
278AG,278.0,AG,2,7,2,0.001527883880825,mat,nonsyn,False,nonada,nonada,nonada
278AG,278.0,AG,3,10,4,0.0030557677616501,mat,nonsyn,False,nonada,nonada,nonada
2790AG,2790.0,AG,2,3,1,0.0007639419404125,rep,nonsyn,False,nonada,nonada,nonada
2790AT,2790.0,AT,2,7,1,0.0007639419404125,rep,nonsyn,False,nonada,nonada,nonada
2791TC,2791.0,TC,1,3,1,0.0007639419404125,rep,nonsyn,False,nonada,nonada,nonada
2792AG,2792.0,AG,1,10,1,0.0007639419404125,rep,nonsyn,False,nonada,nonada,nonada
2793TC,2793.0,TC,2,7,1,0.0007639419404125,rep,nonsyn,False,nonada,nonada,nonada
2793TC,2793.0,TC,2,10,1,0.0007639419404125,rep,nonsyn,False,nonada,nonada,nonada
2794GA,2794.0,GA,2,3,1,0.0007639419404125,rep,nonsyn,False,nonada,nonada,nonada
2794GA,2794.0,GA,2,7,1,0.0007639419404125,rep,nonsyn,False,nonada,nonada,nonada
2795TC,2795.0,TC,1,3,1,0.0007639419404125,rep,syn,False,nonada,nonada,nonada
2795TC,2795.0,TC,2,7,2,0.001527883880825,rep,syn,False,nonada,nonada,nonada
2795TC,2795.0,TC,2,10,3,0.0022918258212375,rep,syn,False,nonada,nonada,nonada
2795TC,2795.0,TC,3,3,1,0.0007639419404125,rep,syn,False,nonada,nonada,nonada
2795TC,2795.0,TC,3,7,1,0.0007639419404125,rep,syn,False,nonada,nonada,nonada
2795TC,2795.0,TC,3,10,2,0.001527883880825,rep,syn,False,nonada,nonada,nonada
2795TG,2795.0,TG,1,10,1,0.0007639419404125,rep,nonsyn,False,nonada,nonada,nonada
2796CT,2796.0,CT,1,7,1,0.0007639419404125,rep,nonsyn,False,nonada,nonada,nonada
2796CT,2796.0,CT,1,10,1,0.0007639419404125,rep,nonsyn,False,nonada,nonada,nonada
2796CT,2796.0,CT,3,7,1,0.0007639419404125,rep,nonsyn,False,nonada,nonada,nonada
2797CT,2797.0,CT,3,3,1,0.0007639419404125,rep,nonsyn,False,nonada,nonada,nonada
2798CT,2798.0,CT,1,7,1,0.0007639419404125,rep,syn,False,nonada,nonada,nonada
2798CT,2798.0,CT,2,3,2,0.001527883880825,rep,syn,False,nonada,nonada,nonada
2798CT,2798.0,CT,3,3,1,0.0007639419404125,rep,syn,False,nonada,nonada,nonada
2799AG,2799.0,AG,2,3,2,0.001527883880825,rep,nonsyn,False,nonada,nonada,nonada
2799AG,2799.0,AG,3,3,1,0.0007639419404125,rep,nonsyn,False,nonada,nonada,nonada
2799AG,2799.0,AG,3,7,2,0.001527883880825,rep,nonsyn,False,nonada,nonada,nonada
2799AG,2799.0,AG,3,10,1,0.0007639419404125,rep,nonsyn,False,nonada,nonada,nonada
2799AT,2799.0,AT,1,10,1,0.0007639419404125,rep,nonsyn,False,nonada,nonada,nonada
2799AT,2799.0,AT,3,7,1,0.0007639419404125,rep,nonsyn,False,nonada,nonada,nonada
279AG,279.0,AG,1,3,2,0.001527883880825,mat,syn,False,nonada,nonada,nonada
279AG,279.0,AG,1,7,1,0.0007639419404125,mat,syn,False,nonada,nonada,nonada
279AG,279.0,AG,1,10,1,0.0007639419404125,mat,syn,False,nonada,nonada,nonada
279AG,279.0,AG,3,7,1,0.0007639419404125,mat,syn,False,nonada,nonada,nonada
2800GT,2800.0,GT,2,7,1,0.0007639419404125,rep,nonsyn,False,nonada,nonada,nonada
2801TA,2801.0,TA,3,3,1,0.0007639419404125,rep,nonsyn,False,nonada,nonada,nonada
2801TA,2801.0,TA,3,7,1,0.0007639419404125,rep,nonsyn,False,nonada,nonada,nonada
2801TC,2801.0,TC,1,7,1,0.0007639419404125,rep,syn,False,nonada,nonada,nonada
2801TC,2801.0,TC,2,3,1,0.0007639419404125,rep,syn,False,nonada,nonada,nonada
2801TC,2801.0,TC,2,10,1,0.0007639419404125,rep,syn,False,nonada,nonada,nonada
2801TC,2801.0,TC,3,3,1,0.0007639419404125,rep,syn,False,nonada,nonada,nonada
2801TG,2801.0,TG,2,7,1,0.0007639419404125,rep,nonsyn,False,nonada,nonada,nonada
2802GA,2802.0,GA,3,7,1,0.0007639419404125,rep,nonsyn,False,nonada,nonada,nonada
2802GA,2802.0,GA,3,10,1,0.0007639419404125,rep,nonsyn,False,nonada,nonada,nonada
2804GA,2804.0,GA,1,3,1,0.0007639419404125,rep,syn,False,nonada,nonada,nonada
2805AG,2805.0,AG,1,7,2,0.001527883880825,rep,nonsyn,False,nonada,nonada,nonada
2805AG,2805.0,AG,1,10,1,0.0007639419404125,rep,nonsyn,False,nonada,nonada,nonada
2805AG,2805.0,AG,3,3,1,0.0007639419404125,rep,nonsyn,False,nonada,nonada,nonada
2805AG,2805.0,AG,3,10,2,0.001527883880825,rep,nonsyn,False,nonada,nonada,nonada
2806TC,2806.0,TC,2,3,1,0.0007639419404125,rep,nonsyn,False,nonada,nonada,nonada
2806TC,2806.0,TC,3,7,1,0.0007639419404125,rep,nonsyn,False,nonada,nonada,nonada
2807TC,2807.0,TC,1,10,1,0.0007639419404125,rep,syn,False,nonada,nonada,nonada
2808GA,2808.0,GA,1,3,1,0.0007639419404125,rep,nonsyn,False,nonada,nonada,nonada
2808GA,2808.0,GA,1,10,1,0.0007639419404125,rep,nonsyn,False,nonada,nonada,nonada
2808GA,2808.0,GA,2,3,1,0.0007639419404125,rep,nonsyn,False,nonada,nonada,nonada
2808GT,2808.0,GT,2,7,1,0.0007639419404125,rep,nonsyn,False,nonada,nonada,nonada
2809CT,2809.0,CT,2,3,2,0.001527883880825,rep,nonsyn,False,nonada,nonada,nonada
2809CT,2809.0,CT,3,3,1,0.0007639419404125,rep,nonsyn,False,nonada,nonada,nonada
280AG,280.0,AG,2,10,1,0.0007639419404125,mat,nonsyn,False,nonada,nonada,nonada
280AT,280.0,AT,1,10,1,0.0007639419404125,mat,nonsyn,False,nonada,nonada,nonada
2810AG,2810.0,AG,2,3,1,0.0007639419404125,rep,syn,False,nonada,nonada,nonada
2810AG,2810.0,AG,3,3,1,0.0007639419404125,rep,syn,False,nonada,nonada,nonada
2810AG,2810.0,AG,3,10,1,0.0007639419404125,rep,syn,False,nonada,nonada,nonada
2811CA,2811.0,CA,1,3,1,0.0007639419404125,rep,nonsyn,False,nonada,nonada,nonada
2812CT,2812.0,CT,1,7,2,0.001527883880825,rep,nonsyn,False,nonada,nonada,nonada
2812CT,2812.0,CT,1,10,1,0.0007639419404125,rep,nonsyn,False,nonada,nonada,nonada
2813CT,2813.0,CT,1,3,1,0.0007639419404125,rep,syn,False,nonada,nonada,nonada
2813CT,2813.0,CT,2,7,1,0.0007639419404125,rep,syn,False,nonada,nonada,nonada
2813CT,2813.0,CT,2,10,1,0.0007639419404125,rep,syn,False,nonada,nonada,nonada
2814CT,2814.0,CT,2,7,1,0.0007639419404125,rep,nonsyn,False,nonada,nonada,nonada
2815GA,2815.0,GA,1,7,2,0.001527883880825,rep,nonsyn,False,nonada,nonada,nonada
2815GA,2815.0,GA,1,10,2,0.001527883880825,rep,nonsyn,False,nonada,nonada,nonada
2815GA,2815.0,GA,2,3,1,0.0007639419404125,rep,nonsyn,False,nonada,nonada,nonada
2815GA,2815.0,GA,2,7,1,0.0007639419404125,rep,nonsyn,False,nonada,nonada,nonada
2815GA,2815.0,GA,2,10,2,0.001527883880825,rep,nonsyn,False,nonada,nonada,nonada
2815GA,2815.0,GA,3,3,1,0.0007639419404125,rep,nonsyn,False,nonada,nonada,nonada
2816TC,2816.0,TC,1,7,1,0.0007639419404125,rep,syn,False,nonada,nonada,nonada
2816TC,2816.0,TC,2,3,1,0.0007639419404125,rep,syn,False,nonada,nonada,nonada
2816TC,2816.0,TC,2,7,3,0.0022918258212375,rep,syn,False,nonada,nonada,nonada
2816TC,2816.0,TC,3,3,2,0.001527883880825,rep,syn,False,nonada,nonada,nonada
2816TC,2816.0,TC,3,10,1,0.0007639419404125,rep,syn,False,nonada,nonada,nonada
2816TG,2816.0,TG,1,3,1,0.0007639419404125,rep,syn,False,nonada,nonada,nonada
2816TG,2816.0,TG,3,7,1,0.0007639419404125,rep,syn,False,nonada,nonada,nonada
2817GA,2817.0,GA,2,3,1,0.0007639419404125,rep,nonsyn,False,nonada,nonada,nonada
2817GA,2817.0,GA,3,3,1,0.0007639419404125,rep,nonsyn,False,nonada,nonada,nonada
2818TA,2818.0,TA,2,3,1,0.0007639419404125,rep,nonsyn,False,nonada,nonada,nonada
2818TC,2818.0,TC,3,10,1,0.0007639419404125,rep,nonsyn,False,nonada,nonada,nonada
2818TG,2818.0,TG,1,3,1,0.0007639419404125,rep,nonsyn,False,nonada,nonada,nonada
2818TG,2818.0,TG,2,3,1,0.0007639419404125,rep,nonsyn,False,nonada,nonada,nonada
2819GA,2819.0,GA,1,3,1,0.0007639419404125,rep,syn,False,nonada,nonada,nonada
2819GA,2819.0,GA,2,7,1,0.0007639419404125,rep,syn,False,nonada,nonada,nonada
281CT,281.0,CT,1,10,1,0.0007639419404125,mat,nonsyn,False,nonada,nonada,nonada
2820CT,2820.0,CT,2,7,2,0.001527883880825,rep,syn,False,nonada,nonada,nonada
2820CT,2820.0,CT,3,7,1,0.0007639419404125,rep,syn,False,nonada,nonada,nonada
2821TC,2821.0,TC,3,7,1,0.0007639419404125,rep,nonsyn,False,nonada,nonada,nonada
2822AG,2822.0,AG,1,10,1,0.0007639419404125,rep,syn,False,nonada,nonada,nonada
2822AG,2822.0,AG,2,3,1,0.0007639419404125,rep,syn,False,nonada,nonada,nonada
2822AG,2822.0,AG,3,7,1,0.0007639419404125,rep,syn,False,nonada,nonada,nonada
2823GA,2823.0,GA,1,7,1,0.0007639419404125,rep,nonsyn,False,nonada,nonada,nonada
2824AG,2824.0,AG,2,7,1,0.0007639419404125,rep,nonsyn,False,nonada,nonada,nonada
2824AG,2824.0,AG,2,10,1,0.0007639419404125,rep,nonsyn,False,nonada,nonada,nonada
2824AG,2824.0,AG,3,10,1,0.0007639419404125,rep,nonsyn,False,nonada,nonada,nonada
2825GA,2825.0,GA,1,10,1,0.0007639419404125,rep,syn,False,nonada,nonada,nonada
2825GA,2825.0,GA,3,3,1,0.0007639419404125,rep,syn,False,nonada,nonada,nonada
2825GT,2825.0,GT,1,3,1,0.0007639419404125,rep,nonsyn,False,nonada,nonada,nonada
2825GT,2825.0,GT,2,10,1,0.0007639419404125,rep,nonsyn,False,nonada,nonada,nonada
2826GA,2826.0,GA,1,3,1,0.0007639419404125,rep,nonsyn,False,nonada,nonada,nonada
2826GA,2826.0,GA,2,3,1,0.0007639419404125,rep,nonsyn,False,nonada,nonada,nonada
2826GA,2826.0,GA,3,7,1,0.0007639419404125,rep,nonsyn,False,nonada,nonada,nonada
2827CT,2827.0,CT,1,7,1,0.0007639419404125,rep,nonsyn,False,nonada,nonada,nonada
2827CT,2827.0,CT,1,10,1,0.0007639419404125,rep,nonsyn,False,nonada,nonada,nonada
2827CT,2827.0,CT,3,10,1,0.0007639419404125,rep,nonsyn,False,nonada,nonada,nonada
2828AG,2828.0,AG,1,10,1,0.0007639419404125,rep,syn,False,nonada,nonada,nonada
2828AG,2828.0,AG,2,10,2,0.001527883880825,rep,syn,False,nonada,nonada,nonada
2828AG,2828.0,AG,3,10,1,0.0007639419404125,rep,syn,False,nonada,nonada,nonada
2829CG,2829.0,CG,3,7,1,0.0007639419404125,rep,nonsyn,False,nonada,nonada,nonada
2829CT,2829.0,CT,1,10,1,0.0007639419404125,rep,nonsyn,False,nonada,nonada,nonada
2829CT,2829.0,CT,2,10,1,0.0007639419404125,rep,nonsyn,False,nonada,nonada,nonada
282GA,282.0,GA,1,7,2,0.001527883880825,mat,syn,False,nonada,nonada,nonada
282GA,282.0,GA,1,10,2,0.001527883880825,mat,syn,False,nonada,nonada,nonada
282GA,282.0,GA,2,3,2,0.001527883880825,mat,syn,False,nonada,nonada,nonada
282GA,282.0,GA,2,10,3,0.0022918258212375,mat,syn,False,nonada,nonada,nonada
282GA,282.0,GA,3,3,5,0.0038197097020626,mat,syn,False,nonada,nonada,nonada
282GA,282.0,GA,3,7,1,0.0007639419404125,mat,syn,False,nonada,nonada,nonada
282GA,282.0,GA,3,10,1,0.0007639419404125,mat,syn,False,nonada,nonada,nonada
2831TC,2831.0,TC,1,7,1,0.0007639419404125,rep,syn,False,nonada,nonada,nonada
2831TC,2831.0,TC,2,3,1,0.0007639419404125,rep,syn,False,nonada,nonada,nonada
2831TC,2831.0,TC,3,7,1,0.0007639419404125,rep,syn,False,nonada,nonada,nonada
2831TC,2831.0,TC,3,10,1,0.0007639419404125,rep,syn,False,nonada,nonada,nonada
2832GA,2832.0,GA,1,3,1,0.0007639419404125,rep,nonsyn,False,nonada,nonada,nonada
2832GA,2832.0,GA,1,10,1,0.0007639419404125,rep,nonsyn,False,nonada,nonada,nonada
2832GA,2832.0,GA,3,10,1,0.0007639419404125,rep,nonsyn,False,nonada,nonada,nonada
2832GC,2832.0,GC,3,3,1,0.0007639419404125,rep,nonsyn,False,nonada,nonada,nonada
2833CT,2833.0,CT,1,7,1,0.0007639419404125,rep,nonsyn,False,nonada,nonada,nonada
2833CT,2833.0,CT,3,3,1,0.0007639419404125,rep,nonsyn,False,nonada,nonada,nonada
2833CT,2833.0,CT,3,10,1,0.0007639419404125,rep,nonsyn,False,nonada,nonada,nonada
2835TC,2835.0,TC,1,10,1,0.0007639419404125,rep,nonsyn,False,nonada,nonada,nonada
2835TC,2835.0,TC,2,3,1,0.0007639419404125,rep,nonsyn,False,nonada,nonada,nonada
2836AC,2836.0,AC,1,3,1,0.0007639419404125,rep,nonsyn,False,nonada,nonada,nonada
2836AG,2836.0,AG,1,3,1,0.0007639419404125,rep,nonsyn,False,nonada,nonada,nonada
2837CA,2837.0,CA,3,7,1,0.0007639419404125,rep,nonsyn,True,nonada,nonada,nonada
2837CA,2837.0,CA,3,10,1,0.0007639419404125,rep,nonsyn,True,nonada,nonada,nonada
2837CT,2837.0,CT,2,7,1,0.0007639419404125,rep,syn,False,nonada,nonada,nonada
2838TC,2838.0,TC,2,10,1,0.0007639419404125,rep,nonsyn,False,nonada,nonada,nonada
283AT,283.0,AT,1,7,1,0.0007639419404125,mat,nonsyn,True,nonada,nonada,nonada
2840CT,2840.0,CT,1,3,1,0.0007639419404125,rep,syn,False,nonada,nonada,nonada
2840CT,2840.0,CT,1,10,1,0.0007639419404125,rep,syn,False,nonada,nonada,nonada
2840CT,2840.0,CT,2,3,1,0.0007639419404125,rep,syn,False,nonada,nonada,nonada
2840CT,2840.0,CT,3,7,1,0.0007639419404125,rep,syn,False,nonada,nonada,nonada
2841GA,2841.0,GA,3,10,1,0.0007639419404125,rep,nonsyn,False,nonada,nonada,nonada
2842GA,2842.0,GA,3,10,1,0.0007639419404125,rep,nonsyn,False,nonada,nonada,nonada
2842GT,2842.0,GT,1,3,2,0.001527883880825,rep,nonsyn,False,nonada,nonada,nonada
2842GT,2842.0,GT,2,10,4,0.0030557677616501,rep,nonsyn,False,nonada,nonada,nonada
2842GT,2842.0,GT,3,3,1,0.0007639419404125,rep,nonsyn,False,nonada,nonada,nonada
2842GT,2842.0,GT,3,7,3,0.0022918258212375,rep,nonsyn,False,nonada,nonada,nonada
2842GT,2842.0,GT,3,10,1,0.0007639419404125,rep,nonsyn,False,nonada,nonada,nonada
2843TC,2843.0,TC,1,3,1,0.0007639419404125,rep,syn,False,nonada,nonada,nonada
2843TC,2843.0,TC,2,10,1,0.0007639419404125,rep,syn,False,nonada,nonada,nonada
2843TG,2843.0,TG,1,7,1,0.0007639419404125,rep,syn,False,nonada,nonada,nonada
2843TG,2843.0,TG,2,3,1,0.0007639419404125,rep,syn,False,nonada,nonada,nonada
2843TG,2843.0,TG,3,7,1,0.0007639419404125,rep,syn,False,nonada,nonada,nonada
2844TC,2844.0,TC,1,3,2,0.001527883880825,rep,nonsyn,False,nonada,nonada,nonada
2844TC,2844.0,TC,2,3,1,0.0007639419404125,rep,nonsyn,False,nonada,nonada,nonada
2844TC,2844.0,TC,3,3,1,0.0007639419404125,rep,nonsyn,False,nonada,nonada,nonada
2846TA,2846.0,TA,2,10,1,0.0007639419404125,rep,nonsyn,False,nonada,nonada,nonada
2846TA,2846.0,TA,3,10,1,0.0007639419404125,rep,nonsyn,False,nonada,nonada,nonada
2846TC,2846.0,TC,1,7,1,0.0007639419404125,rep,syn,False,nonada,nonada,nonada
2846TC,2846.0,TC,1,10,2,0.001527883880825,rep,syn,False,nonada,nonada,nonada
2846TC,2846.0,TC,2,3,1,0.0007639419404125,rep,syn,False,nonada,nonada,nonada
2846TC,2846.0,TC,2,10,1,0.0007639419404125,rep,syn,False,nonada,nonada,nonada
2846TC,2846.0,TC,3,3,2,0.001527883880825,rep,syn,False,nonada,nonada,nonada
2847AG,2847.0,AG,1,3,1,0.0007639419404125,rep,nonsyn,False,nonada,nonada,nonada
2847AG,2847.0,AG,1,10,1,0.0007639419404125,rep,nonsyn,False,nonada,nonada,nonada
2847AG,2847.0,AG,2,7,1,0.0007639419404125,rep,nonsyn,False,nonada,nonada,nonada
2847AT,2847.0,AT,1,10,1,0.0007639419404125,rep,nonsyn,True,nonada,nonada,nonada
2847AT,2847.0,AT,3,10,1,0.0007639419404125,rep,nonsyn,True,nonada,nonada,nonada
2848AG,2848.0,AG,2,7,1,0.0007639419404125,rep,nonsyn,False,nonada,nonada,nonada
2848AG,2848.0,AG,3,3,1,0.0007639419404125,rep,nonsyn,False,nonada,nonada,nonada
2848AG,2848.0,AG,3,7,2,0.001527883880825,rep,nonsyn,False,nonada,nonada,nonada
2849AC,2849.0,AC,3,10,1,0.0007639419404125,rep,nonsyn,False,nonada,nonada,nonada
2849AG,2849.0,AG,1,10,1,0.0007639419404125,rep,syn,False,nonada,nonada,nonada
284AG,284.0,AG,2,10,2,0.001527883880825,mat,nonsyn,False,nonada,nonada,nonada
284AG,284.0,AG,3,7,1,0.0007639419404125,mat,nonsyn,False,nonada,nonada,nonada
284AG,284.0,AG,3,10,1,0.0007639419404125,mat,nonsyn,False,nonada,nonada,nonada
2850CT,2850.0,CT,3,3,1,0.0007639419404125,rep,nonsyn,False,nonada,nonada,nonada
2851CT,2851.0,CT,3,7,1,0.0007639419404125,rep,nonsyn,False,nonada,nonada,nonada
2852GA,2852.0,GA,1,3,1,0.0007639419404125,rep,syn,False,nonada,nonada,nonada
2852GA,2852.0,GA,1,10,1,0.0007639419404125,rep,syn,False,nonada,nonada,nonada
2852GA,2852.0,GA,2,10,1,0.0007639419404125,rep,syn,False,nonada,nonada,nonada
2852GA,2852.0,GA,3,3,2,0.001527883880825,rep,syn,False,nonada,nonada,nonada
2852GA,2852.0,GA,3,7,1,0.0007639419404125,rep,syn,False,nonada,nonada,nonada
2852GA,2852.0,GA,3,10,2,0.001527883880825,rep,syn,False,nonada,nonada,nonada
2855TG,2855.0,TG,1,7,1,0.0007639419404125,rep,nonsyn,False,nonada,nonada,nonada
2857TC,2857.0,TC,1,3,1,0.0007639419404125,rep,nonsyn,False,nonada,nonada,nonada
2857TC,2857.0,TC,2,3,2,0.001527883880825,rep,nonsyn,False,nonada,nonada,nonada
2857TC,2857.0,TC,3,7,1,0.0007639419404125,rep,nonsyn,False,nonada,nonada,nonada
2857TG,2857.0,TG,3,3,1,0.0007639419404125,rep,nonsyn,False,nonada,nonada,nonada
2858TA,2858.0,TA,3,10,1,0.0007639419404125,rep,syn,False,nonada,nonada,nonada
2858TC,2858.0,TC,1,7,1,0.0007639419404125,rep,syn,False,nonada,nonada,nonada
2858TC,2858.0,TC,1,10,1,0.0007639419404125,rep,syn,False,nonada,nonada,nonada
2858TC,2858.0,TC,2,3,1,0.0007639419404125,rep,syn,False,nonada,nonada,nonada
2858TC,2858.0,TC,2,7,1,0.0007639419404125,rep,syn,False,nonada,nonada,nonada
2858TC,2858.0,TC,2,10,1,0.0007639419404125,rep,syn,False,nonada,nonada,nonada
2858TC,2858.0,TC,3,3,1,0.0007639419404125,rep,syn,False,nonada,nonada,nonada
2858TC,2858.0,TC,3,7,1,0.0007639419404125,rep,syn,False,nonada,nonada,nonada
2858TC,2858.0,TC,3,10,1,0.0007639419404125,rep,syn,False,nonada,nonada,nonada
2858TG,2858.0,TG,3,10,1,0.0007639419404125,rep,syn,False,nonada,nonada,nonada
2859CT,2859.0,CT,3,10,1,0.0007639419404125,rep,nonsyn,False,nonada,nonada,nonada
285AG,285.0,AG,1,7,1,0.0007639419404125,mat,syn,False,nonada,nonada,nonada
285AG,285.0,AG,1,10,2,0.001527883880825,mat,syn,False,nonada,nonada,nonada
285AG,285.0,AG,2,7,1,0.0007639419404125,mat,syn,False,nonada,nonada,nonada
285AG,285.0,AG,2,10,1,0.0007639419404125,mat,syn,False,nonada,nonada,nonada
285AG,285.0,AG,3,3,1,0.0007639419404125,mat,syn,False,nonada,nonada,nonada
285AG,285.0,AG,3,7,2,0.001527883880825,mat,syn,False,nonada,nonada,nonada
2860GA,2860.0,GA,1,10,1,0.0007639419404125,rep,nonsyn,False,nonada,nonada,nonada
2860GA,2860.0,GA,2,7,2,0.001527883880825,rep,nonsyn,False,nonada,nonada,nonada
2860GA,2860.0,GA,3,3,1,0.0007639419404125,rep,nonsyn,False,nonada,nonada,nonada
2861TA,2861.0,TA,2,7,1,0.0007639419404125,rep,syn,False,nonada,nonada,nonada
2861TA,2861.0,TA,2,10,1,0.0007639419404125,rep,syn,False,nonada,nonada,nonada
2861TC,2861.0,TC,1,3,1,0.0007639419404125,rep,syn,False,nonada,nonada,nonada
2861TC,2861.0,TC,2,3,1,0.0007639419404125,rep,syn,False,nonada,nonada,nonada
2861TC,2861.0,TC,3,10,1,0.0007639419404125,rep,syn,False,nonada,nonada,nonada
2863AG,2863.0,AG,2,7,2,0.001527883880825,rep,nonsyn,False,nonada,nonada,nonada
2863AG,2863.0,AG,3,3,1,0.0007639419404125,rep,nonsyn,False,nonada,nonada,nonada
2864AG,2864.0,AG,3,7,1,0.0007639419404125,rep,syn,False,nonada,nonada,nonada
2865AG,2865.0,AG,3,7,1,0.0007639419404125,rep,nonsyn,False,nonada,nonada,nonada
2866CT,2866.0,CT,1,3,1,0.0007639419404125,rep,nonsyn,False,nonada,nonada,nonada
2866CT,2866.0,CT,2,3,1,0.0007639419404125,rep,nonsyn,False,nonada,nonada,nonada
2866CT,2866.0,CT,2,10,2,0.001527883880825,rep,nonsyn,False,nonada,nonada,nonada
2867GA,2867.0,GA,1,3,1,0.0007639419404125,rep,syn,False,nonada,nonada,nonada
2867GT,2867.0,GT,3,7,1,0.0007639419404125,rep,syn,False,nonada,nonada,nonada
2867GT,2867.0,GT,3,10,1,0.0007639419404125,rep,syn,False,nonada,nonada,nonada
2868TC,2868.0,TC,3,3,1,0.0007639419404125,rep,nonsyn,False,nonada,nonada,nonada
2868TC,2868.0,TC,3,7,1,0.0007639419404125,rep,nonsyn,False,nonada,nonada,nonada
286CG,286.0,CG,3,7,1,0.0007639419404125,mat,nonsyn,False,nonada,nonada,nonada
286CT,286.0,CT,2,3,2,0.001527883880825,mat,nonsyn,True,nonada,nonada,nonada
286CT,286.0,CT,3,3,2,0.001527883880825,mat,nonsyn,True,nonada,nonada,nonada
2870CT,2870.0,CT,2,3,2,0.001527883880825,rep,syn,False,nonada,nonada,nonada
2870CT,2870.0,CT,2,7,1,0.0007639419404125,rep,syn,False,nonada,nonada,nonada
2870CT,2870.0,CT,3,10,1,0.0007639419404125,rep,syn,False,nonada,nonada,nonada
2871GA,2871.0,GA,1,3,1,0.0007639419404125,rep,nonsyn,False,nonada,nonada,nonada
2871GA,2871.0,GA,1,7,1,0.0007639419404125,rep,nonsyn,False,nonada,nonada,nonada
2871GA,2871.0,GA,2,7,1,0.0007639419404125,rep,nonsyn,False,nonada,nonada,nonada
2872TC,2872.0,TC,1,10,1,0.0007639419404125,rep,nonsyn,False,nonada,nonada,nonada
2872TC,2872.0,TC,2,10,1,0.0007639419404125,rep,nonsyn,False,nonada,nonada,nonada
2872TG,2872.0,TG,1,3,1,0.0007639419404125,rep,nonsyn,False,nonada,nonada,nonada
2872TG,2872.0,TG,1,10,1,0.0007639419404125,rep,nonsyn,False,nonada,nonada,nonada
2873GA,2873.0,GA,1,3,1,0.0007639419404125,rep,syn,False,nonada,nonada,nonada
2873GA,2873.0,GA,2,3,1,0.0007639419404125,rep,syn,False,nonada,nonada,nonada
2873GA,2873.0,GA,2,10,2,0.001527883880825,rep,syn,False,nonada,nonada,nonada
2873GA,2873.0,GA,3,7,4,0.0030557677616501,rep,syn,False,nonada,nonada,nonada
2873GA,2873.0,GA,3,10,2,0.001527883880825,rep,syn,False,nonada,nonada,nonada
2873GC,2873.0,GC,2,7,1,0.0007639419404125,rep,syn,False,nonada,nonada,nonada
2873GT,2873.0,GT,2,7,1,0.0007639419404125,rep,syn,False,nonada,nonada,nonada
2874TA,2874.0,TA,2,10,1,0.0007639419404125,rep,nonsyn,False,nonada,nonada,nonada
2874TC,2874.0,TC,1,10,2,0.001527883880825,rep,nonsyn,False,nonada,nonada,nonada
2874TC,2874.0,TC,2,3,1,0.0007639419404125,rep,nonsyn,False,nonada,nonada,nonada
2874TC,2874.0,TC,2,7,2,0.001527883880825,rep,nonsyn,False,nonada,nonada,nonada
2874TC,2874.0,TC,2,10,1,0.0007639419404125,rep,nonsyn,False,nonada,nonada,nonada
2874TC,2874.0,TC,3,3,3,0.0022918258212375,rep,nonsyn,False,nonada,nonada,nonada
2874TC,2874.0,TC,3,7,1,0.0007639419404125,rep,nonsyn,False,nonada,nonada,nonada
2875CA,2875.0,CA,1,3,1,0.0007639419404125,rep,nonsyn,False,nonada,nonada,nonada
2875CA,2875.0,CA,3,10,1,0.0007639419404125,rep,nonsyn,False,nonada,nonada,nonada
2876CT,2876.0,CT,1,7,2,0.001527883880825,rep,syn,False,nonada,nonada,nonada
2876CT,2876.0,CT,2,7,2,0.001527883880825,rep,syn,False,nonada,nonada,nonada
2876CT,2876.0,CT,2,10,3,0.0022918258212375,rep,syn,False,nonada,nonada,nonada
2876CT,2876.0,CT,3,3,1,0.0007639419404125,rep,syn,False,nonada,nonada,nonada
2876CT,2876.0,CT,3,7,1,0.0007639419404125,rep,syn,False,nonada,nonada,nonada
2876CT,2876.0,CT,3,10,1,0.0007639419404125,rep,syn,False,nonada,nonada,nonada
2877GA,2877.0,GA,1,3,1,0.0007639419404125,rep,nonsyn,False,nonada,nonada,nonada
2877GA,2877.0,GA,3,10,3,0.0022918258212375,rep,nonsyn,False,nonada,nonada,nonada
2877GC,2877.0,GC,2,3,1,0.0007639419404125,rep,nonsyn,False,nonada,nonada,nonada
2877GC,2877.0,GC,3,3,1,0.0007639419404125,rep,nonsyn,False,nonada,nonada,nonada
2878GA,2878.0,GA,1,10,1,0.0007639419404125,rep,nonsyn,False,nonada,nonada,nonada
2878GA,2878.0,GA,2,10,1,0.0007639419404125,rep,nonsyn,False,nonada,nonada,nonada
2878GA,2878.0,GA,3,7,1,0.0007639419404125,rep,nonsyn,False,nonada,nonada,nonada
2879GA,2879.0,GA,1,3,2,0.001527883880825,rep,syn,False,nonada,nonada,nonada
2879GA,2879.0,GA,2,7,1,0.0007639419404125,rep,syn,False,nonada,nonada,nonada
2879GA,2879.0,GA,2,10,1,0.0007639419404125,rep,syn,False,nonada,nonada,nonada
2879GA,2879.0,GA,3,3,1,0.0007639419404125,rep,syn,False,nonada,nonada,nonada
2879GA,2879.0,GA,3,7,1,0.0007639419404125,rep,syn,False,nonada,nonada,nonada
2879GA,2879.0,GA,3,10,1,0.0007639419404125,rep,syn,False,nonada,nonada,nonada
287AC,287.0,AC,2,10,1,0.0007639419404125,mat,nonsyn,False,nonada,nonada,nonada
287AG,287.0,AG,1,7,1,0.0007639419404125,mat,nonsyn,False,nonada,nonada,nonada
287AG,287.0,AG,3,10,1,0.0007639419404125,mat,nonsyn,False,nonada,nonada,nonada
2880CT,2880.0,CT,1,7,2,0.001527883880825,rep,nonsyn,False,nonada,nonada,nonada
2880CT,2880.0,CT,1,10,1,0.0007639419404125,rep,nonsyn,False,nonada,nonada,nonada
2881TC,2881.0,TC,1,10,2,0.001527883880825,rep,nonsyn,False,nonada,nonada,nonada
2881TC,2881.0,TC,2,7,1,0.0007639419404125,rep,nonsyn,False,nonada,nonada,nonada
2882CT,2882.0,CT,1,7,1,0.0007639419404125,rep,syn,False,nonada,nonada,nonada
2882CT,2882.0,CT,1,10,2,0.001527883880825,rep,syn,False,nonada,nonada,nonada
2882CT,2882.0,CT,2,3,1,0.0007639419404125,rep,syn,False,nonada,nonada,nonada
2882CT,2882.0,CT,2,7,2,0.001527883880825,rep,syn,False,nonada,nonada,nonada
2882CT,2882.0,CT,2,10,2,0.001527883880825,rep,syn,False,nonada,nonada,nonada
2882CT,2882.0,CT,3,3,2,0.001527883880825,rep,syn,False,nonada,nonada,nonada
2882CT,2882.0,CT,3,10,1,0.0007639419404125,rep,syn,False,nonada,nonada,nonada
2883TC,2883.0,TC,1,3,1,0.0007639419404125,rep,nonsyn,False,nonada,nonada,nonada
2883TC,2883.0,TC,1,7,3,0.0022918258212375,rep,nonsyn,False,nonada,nonada,nonada
2883TC,2883.0,TC,2,10,1,0.0007639419404125,rep,nonsyn,False,nonada,nonada,nonada
2883TC,2883.0,TC,3,3,1,0.0007639419404125,rep,nonsyn,False,nonada,nonada,nonada
2883TC,2883.0,TC,3,10,2,0.001527883880825,rep,nonsyn,False,nonada,nonada,nonada
2883TG,2883.0,TG,1,3,1,0.0007639419404125,rep,nonsyn,False,nonada,nonada,nonada
2884TC,2884.0,TC,1,3,2,0.001527883880825,rep,nonsyn,False,nonada,nonada,nonada
2884TC,2884.0,TC,2,10,1,0.0007639419404125,rep,nonsyn,False,nonada,nonada,nonada
2884TG,2884.0,TG,3,7,1,0.0007639419404125,rep,nonsyn,False,nonada,nonada,nonada
2885TC,2885.0,TC,2,7,1,0.0007639419404125,rep,syn,False,nonada,nonada,nonada
2885TC,2885.0,TC,2,10,1,0.0007639419404125,rep,syn,False,nonada,nonada,nonada
2887GA,2887.0,GA,1,3,1,0.0007639419404125,rep,nonsyn,False,nonada,nonada,nonada
2887GA,2887.0,GA,2,7,1,0.0007639419404125,rep,nonsyn,False,nonada,nonada,nonada
2887GC,2887.0,GC,1,3,1,0.0007639419404125,rep,nonsyn,False,nonada,nonada,nonada
2887GC,2887.0,GC,3,7,1,0.0007639419404125,rep,nonsyn,False,nonada,nonada,nonada
2887GT,2887.0,GT,3,10,1,0.0007639419404125,rep,nonsyn,False,nonada,nonada,nonada
2888CT,2888.0,CT,1,3,2,0.001527883880825,rep,syn,False,nonada,nonada,nonada
2888CT,2888.0,CT,1,7,2,0.001527883880825,rep,syn,False,nonada,nonada,nonada
2888CT,2888.0,CT,2,3,1,0.0007639419404125,rep,syn,False,nonada,nonada,nonada
2888CT,2888.0,CT,3,7,2,0.001527883880825,rep,syn,False,nonada,nonada,nonada
2888CT,2888.0,CT,3,10,2,0.001527883880825,rep,syn,False,nonada,nonada,nonada
2889GA,2889.0,GA,1,3,1,0.0007639419404125,rep,nonsyn,False,nonada,nonada,nonada
2889GA,2889.0,GA,1,7,1,0.0007639419404125,rep,nonsyn,False,nonada,nonada,nonada
2889GA,2889.0,GA,1,10,2,0.001527883880825,rep,nonsyn,False,nonada,nonada,nonada
2889GA,2889.0,GA,3,7,1,0.0007639419404125,rep,nonsyn,False,nonada,nonada,nonada
2889GC,2889.0,GC,2,10,1,0.0007639419404125,rep,nonsyn,False,nonada,nonada,nonada
288GA,288.0,GA,1,3,1,0.0007639419404125,mat,syn,False,nonada,nonada,nonada
288GT,288.0,GT,3,10,1,0.0007639419404125,mat,nonsyn,False,nonada,nonada,nonada
2890AG,2890.0,AG,3,7,1,0.0007639419404125,rep,nonsyn,False,nonada,nonada,nonada
2890AG,2890.0,AG,3,10,2,0.001527883880825,rep,nonsyn,False,nonada,nonada,nonada
2891GA,2891.0,GA,3,3,1,0.0007639419404125,rep,syn,False,nonada,nonada,nonada
2892AC,2892.0,AC,2,10,1,0.0007639419404125,rep,nonsyn,False,nonada,nonada,nonada
2893GA,2893.0,GA,1,3,1,0.0007639419404125,rep,nonsyn,False,nonada,nonada,nonada
2893GA,2893.0,GA,2,10,1,0.0007639419404125,rep,nonsyn,False,nonada,nonada,nonada
2893GA,2893.0,GA,3,10,1,0.0007639419404125,rep,nonsyn,False,nonada,nonada,nonada
2894CT,2894.0,CT,1,3,1,0.0007639419404125,rep,syn,False,nonada,nonada,nonada
2894CT,2894.0,CT,1,7,1,0.0007639419404125,rep,syn,False,nonada,nonada,nonada
2894CT,2894.0,CT,3,7,2,0.001527883880825,rep,syn,False,nonada,nonada,nonada
2894CT,2894.0,CT,3,10,1,0.0007639419404125,rep,syn,False,nonada,nonada,nonada
2895TA,2895.0,TA,2,10,1,0.0007639419404125,rep,nonsyn,False,nonada,nonada,nonada
2895TC,2895.0,TC,2,10,1,0.0007639419404125,rep,nonsyn,False,nonada,nonada,nonada
2895TC,2895.0,TC,3,7,1,0.0007639419404125,rep,nonsyn,False,nonada,nonada,nonada
2895TG,2895.0,TG,2,10,1,0.0007639419404125,rep,nonsyn,False,nonada,nonada,nonada
2896GA,2896.0,GA,2,10,1,0.0007639419404125,rep,nonsyn,False,nonada,nonada,nonada
2896GA,2896.0,GA,3,3,1,0.0007639419404125,rep,nonsyn,False,nonada,nonada,nonada
2896GA,2896.0,GA,3,7,1,0.0007639419404125,rep,nonsyn,False,nonada,nonada,nonada
2896GT,2896.0,GT,1,10,1,0.0007639419404125,rep,nonsyn,False,nonada,nonada,nonada
2897CT,2897.0,CT,1,7,1,0.0007639419404125,rep,syn,False,nonada,nonada,nonada
2897CT,2897.0,CT,1,10,3,0.0022918258212375,rep,syn,False,nonada,nonada,nonada
2897CT,2897.0,CT,3,7,2,0.001527883880825,rep,syn,False,nonada,nonada,nonada
2898GA,2898.0,GA,2,3,1,0.0007639419404125,rep,nonsyn,False,nonada,nonada,nonada
2899GA,2899.0,GA,1,3,1,0.0007639419404125,rep,nonsyn,False,nonada,nonada,nonada
2899GA,2899.0,GA,3,10,1,0.0007639419404125,rep,nonsyn,False,nonada,nonada,nonada
289TG,289.0,TG,3,3,1,0.0007639419404125,mat,nonsyn,False,nonada,nonada,nonada
2900CT,2900.0,CT,1,3,1,0.0007639419404125,rep,syn,False,nonada,nonada,nonada
2900CT,2900.0,CT,1,10,1,0.0007639419404125,rep,syn,False,nonada,nonada,nonada
2900CT,2900.0,CT,2,3,1,0.0007639419404125,rep,syn,False,nonada,nonada,nonada
2900CT,2900.0,CT,2,7,2,0.001527883880825,rep,syn,False,nonada,nonada,nonada
2900CT,2900.0,CT,3,7,3,0.0022918258212375,rep,syn,False,nonada,nonada,nonada
2900CT,2900.0,CT,3,10,1,0.0007639419404125,rep,syn,False,nonada,nonada,nonada
2901GA,2901.0,GA,1,7,1,0.0007639419404125,rep,nonsyn,False,nonada,nonada,nonada
2901GA,2901.0,GA,1,10,1,0.0007639419404125,rep,nonsyn,False,nonada,nonada,nonada
2901GA,2901.0,GA,2,3,1,0.0007639419404125,rep,nonsyn,False,nonada,nonada,nonada
2901GA,2901.0,GA,3,3,1,0.0007639419404125,rep,nonsyn,False,nonada,nonada,nonada
2901GA,2901.0,GA,3,7,2,0.001527883880825,rep,nonsyn,False,nonada,nonada,nonada
2901GT,2901.0,GT,3,3,1,0.0007639419404125,rep,nonsyn,False,nonada,nonada,nonada
2902CT,2902.0,CT,3,10,1,0.0007639419404125,rep,nonsyn,False,nonada,nonada,nonada
2903GA,2903.0,GA,1,3,1,0.0007639419404125,rep,syn,False,nonada,nonada,nonada
2903GA,2903.0,GA,2,3,1,0.0007639419404125,rep,syn,False,nonada,nonada,nonada
2903GA,2903.0,GA,2,7,1,0.0007639419404125,rep,syn,False,nonada,nonada,nonada
2903GA,2903.0,GA,2,10,2,0.001527883880825,rep,syn,False,nonada,nonada,nonada
2903GA,2903.0,GA,3,3,2,0.001527883880825,rep,syn,False,nonada,nonada,nonada
2904CG,2904.0,CG,3,10,1,0.0007639419404125,rep,nonsyn,False,nonada,nonada,nonada
2905AG,2905.0,AG,2,10,1,0.0007639419404125,rep,nonsyn,False,nonada,nonada,nonada
2905AG,2905.0,AG,3,7,1,0.0007639419404125,rep,nonsyn,False,nonada,nonada,nonada
2906CT,2906.0,CT,1,3,3,0.0022918258212375,rep,syn,False,nonada,nonada,nonada
2906CT,2906.0,CT,1,10,1,0.0007639419404125,rep,syn,False,nonada,nonada,nonada
2906CT,2906.0,CT,2,3,1,0.0007639419404125,rep,syn,False,nonada,nonada,nonada
2906CT,2906.0,CT,2,7,1,0.0007639419404125,rep,syn,False,nonada,nonada,nonada
2906CT,2906.0,CT,3,3,1,0.0007639419404125,rep,syn,False,nonada,nonada,nonada
2906CT,2906.0,CT,3,7,1,0.0007639419404125,rep,syn,False,nonada,nonada,nonada
2906CT,2906.0,CT,3,10,3,0.0022918258212375,rep,syn,False,nonada,nonada,nonada
2907TA,2907.0,TA,3,10,1,0.0007639419404125,rep,nonsyn,False,nonada,nonada,nonada
2907TC,2907.0,TC,1,3,3,0.0022918258212375,rep,nonsyn,False,nonada,nonada,nonada
2907TC,2907.0,TC,1,7,1,0.0007639419404125,rep,nonsyn,False,nonada,nonada,nonada
2907TC,2907.0,TC,1,10,3,0.0022918258212375,rep,nonsyn,False,nonada,nonada,nonada
2907TC,2907.0,TC,2,3,2,0.001527883880825,rep,nonsyn,False,nonada,nonada,nonada
2907TC,2907.0,TC,2,7,4,0.0030557677616501,rep,nonsyn,False,nonada,nonada,nonada
2907TC,2907.0,TC,3,3,1,0.0007639419404125,rep,nonsyn,False,nonada,nonada,nonada
2907TC,2907.0,TC,3,7,2,0.001527883880825,rep,nonsyn,False,nonada,nonada,nonada
2907TC,2907.0,TC,3,10,4,0.0030557677616501,rep,nonsyn,False,nonada,nonada,nonada
2908TC,2908.0,TC,1,3,1,0.0007639419404125,rep,nonsyn,False,nonada,nonada,nonada
2908TC,2908.0,TC,1,10,1,0.0007639419404125,rep,nonsyn,False,nonada,nonada,nonada
2908TC,2908.0,TC,2,3,1,0.0007639419404125,rep,nonsyn,False,nonada,nonada,nonada
2908TC,2908.0,TC,2,7,1,0.0007639419404125,rep,nonsyn,False,nonada,nonada,nonada
2908TC,2908.0,TC,3,10,2,0.001527883880825,rep,nonsyn,False,nonada,nonada,nonada
2909TC,2909.0,TC,1,10,1,0.0007639419404125,rep,syn,False,nonada,nonada,nonada
2909TC,2909.0,TC,3,7,1,0.0007639419404125,rep,syn,False,nonada,nonada,nonada
2909TC,2909.0,TC,3,10,1,0.0007639419404125,rep,syn,False,nonada,nonada,nonada
290GA,290.0,GA,1,7,1,0.0007639419404125,mat,nonsyn,True,nonada,nonada,nonada
290GA,290.0,GA,2,7,1,0.0007639419404125,mat,nonsyn,True,nonada,nonada,nonada
2910TA,2910.0,TA,2,7,1,0.0007639419404125,rep,nonsyn,False,nonada,nonada,nonada
2910TC,2910.0,TC,1,7,1,0.0007639419404125,rep,nonsyn,False,nonada,nonada,nonada
2910TC,2910.0,TC,1,10,2,0.001527883880825,rep,nonsyn,False,nonada,nonada,nonada
2911AT,2911.0,AT,2,3,1,0.0007639419404125,rep,nonsyn,False,nonada,nonada,nonada
2912CT,2912.0,CT,2,3,1,0.0007639419404125,rep,syn,False,nonada,nonada,nonada
2913CA,2913.0,CA,1,3,1,0.0007639419404125,rep,nonsyn,False,nonada,nonada,nonada
2913CG,2913.0,CG,3,3,1,0.0007639419404125,rep,nonsyn,False,nonada,nonada,nonada
2913CT,2913.0,CT,2,10,1,0.0007639419404125,rep,nonsyn,False,nonada,nonada,nonada
2913CT,2913.0,CT,3,3,2,0.001527883880825,rep,nonsyn,False,nonada,nonada,nonada
2914GA,2914.0,GA,1,3,1,0.0007639419404125,rep,nonsyn,False,nonada,nonada,nonada
2914GA,2914.0,GA,1,7,1,0.0007639419404125,rep,nonsyn,False,nonada,nonada,nonada
2914GA,2914.0,GA,1,10,1,0.0007639419404125,rep,nonsyn,False,nonada,nonada,nonada
2914GA,2914.0,GA,2,7,1,0.0007639419404125,rep,nonsyn,False,nonada,nonada,nonada
2914GT,2914.0,GT,2,10,1,0.0007639419404125,rep,nonsyn,False,nonada,nonada,nonada
2915TC,2915.0,TC,1,10,1,0.0007639419404125,rep,syn,False,nonada,nonada,nonada
2915TC,2915.0,TC,3,3,1,0.0007639419404125,rep,syn,False,nonada,nonada,nonada
2915TC,2915.0,TC,3,10,1,0.0007639419404125,rep,syn,False,nonada,nonada,nonada
2916GA,2916.0,GA,2,7,2,0.001527883880825,rep,nonsyn,False,nonada,nonada,nonada
2916GA,2916.0,GA,3,7,2,0.001527883880825,rep,nonsyn,False,nonada,nonada,nonada
2916GA,2916.0,GA,3,10,2,0.001527883880825,rep,nonsyn,False,nonada,nonada,nonada
2917GA,2917.0,GA,1,3,2,0.001527883880825,rep,nonsyn,False,nonada,nonada,nonada
2917GA,2917.0,GA,1,10,1,0.0007639419404125,rep,nonsyn,False,nonada,nonada,nonada
2917GA,2917.0,GA,2,7,1,0.0007639419404125,rep,nonsyn,False,nonada,nonada,nonada
2917GA,2917.0,GA,2,10,1,0.0007639419404125,rep,nonsyn,False,nonada,nonada,nonada
2918TC,2918.0,TC,2,3,1,0.0007639419404125,rep,syn,False,nonada,nonada,nonada
2918TC,2918.0,TC,2,7,1,0.0007639419404125,rep,syn,False,nonada,nonada,nonada
2919GA,2919.0,GA,1,3,1,0.0007639419404125,rep,nonsyn,False,nonada,nonada,nonada
2919GA,2919.0,GA,2,3,1,0.0007639419404125,rep,nonsyn,False,nonada,nonada,nonada
2919GA,2919.0,GA,2,10,1,0.0007639419404125,rep,nonsyn,False,nonada,nonada,nonada
2919GA,2919.0,GA,3,10,1,0.0007639419404125,rep,nonsyn,False,nonada,nonada,nonada
291GA,291.0,GA,1,3,2,0.001527883880825,mat,nonsyn,True,nonada,nonada,nonada
291GA,291.0,GA,1,7,2,0.001527883880825,mat,nonsyn,True,nonada,nonada,nonada
291GA,291.0,GA,1,10,1,0.0007639419404125,mat,nonsyn,True,nonada,nonada,nonada
291GA,291.0,GA,2,3,2,0.001527883880825,mat,nonsyn,True,nonada,nonada,nonada
291GA,291.0,GA,2,7,1,0.0007639419404125,mat,nonsyn,True,nonada,nonada,nonada
291GA,291.0,GA,3,7,2,0.001527883880825,mat,nonsyn,True,nonada,nonada,nonada
291GC,291.0,GC,3,7,1,0.0007639419404125,mat,nonsyn,False,nonada,nonada,nonada
2920TC,2920.0,TC,1,10,1,0.0007639419404125,rep,nonsyn,False,nonada,nonada,nonada
2920TC,2920.0,TC,3,10,1,0.0007639419404125,rep,nonsyn,False,nonada,nonada,nonada
2921CT,2921.0,CT,1,7,3,0.0022918258212375,rep,syn,False,nonada,nonada,nonada
2921CT,2921.0,CT,2,10,2,0.001527883880825,rep,syn,False,nonada,nonada,nonada
2921CT,2921.0,CT,3,3,1,0.0007639419404125,rep,syn,False,nonada,nonada,nonada
2921CT,2921.0,CT,3,10,2,0.001527883880825,rep,syn,False,nonada,nonada,nonada
2922GA,2922.0,GA,1,3,1,0.0007639419404125,rep,nonsyn,False,nonada,nonada,nonada
2922GA,2922.0,GA,2,3,1,0.0007639419404125,rep,nonsyn,False,nonada,nonada,nonada
2922GA,2922.0,GA,2,10,1,0.0007639419404125,rep,nonsyn,False,nonada,nonada,nonada
2922GT,2922.0,GT,2,10,1,0.0007639419404125,rep,nonsyn,False,nonada,nonada,nonada
2922GT,2922.0,GT,3,7,1,0.0007639419404125,rep,nonsyn,False,nonada,nonada,nonada
2924TC,2924.0,TC,3,10,1,0.0007639419404125,rep,syn,False,nonada,nonada,nonada
2924TG,2924.0,TG,2,7,1,0.0007639419404125,rep,nonsyn,False,nonada,nonada,nonada
2925GA,2925.0,GA,3,7,1,0.0007639419404125,rep,nonsyn,False,nonada,nonada,nonada
2926TC,2926.0,TC,1,10,1,0.0007639419404125,rep,nonsyn,False,nonada,nonada,nonada
2926TC,2926.0,TC,2,3,1,0.0007639419404125,rep,nonsyn,False,nonada,nonada,nonada
2926TC,2926.0,TC,2,10,1,0.0007639419404125,rep,nonsyn,False,nonada,nonada,nonada
2926TC,2926.0,TC,3,3,1,0.0007639419404125,rep,nonsyn,False,nonada,nonada,nonada
2926TC,2926.0,TC,3,7,1,0.0007639419404125,rep,nonsyn,False,nonada,nonada,nonada
2927CA,2927.0,CA,3,7,1,0.0007639419404125,rep,syn,False,nonada,nonada,nonada
2927CT,2927.0,CT,1,3,1,0.0007639419404125,rep,syn,False,nonada,nonada,nonada
2927CT,2927.0,CT,3,10,1,0.0007639419404125,rep,syn,False,nonada,nonada,nonada
2928AG,2928.0,AG,1,10,1,0.0007639419404125,rep,nonsyn,False,nonada,nonada,nonada
292CT,292.0,CT,3,10,1,0.0007639419404125,mat,nonsyn,False,nonada,nonada,nonada
2930AG,2930.0,AG,2,3,1,0.0007639419404125,rep,syn,False,nonada,nonada,nonada
2931CT,2931.0,CT,2,10,1,0.0007639419404125,rep,nonsyn,False,nonada,nonada,nonada
2931CT,2931.0,CT,3,7,1,0.0007639419404125,rep,nonsyn,False,nonada,nonada,nonada
2931CT,2931.0,CT,3,10,1,0.0007639419404125,rep,nonsyn,False,nonada,nonada,nonada
2932CT,2932.0,CT,3,7,1,0.0007639419404125,rep,nonsyn,False,nonada,nonada,nonada
2933GA,2933.0,GA,2,7,1,0.0007639419404125,rep,syn,False,nonada,nonada,nonada
2933GA,2933.0,GA,3,3,1,0.0007639419404125,rep,syn,False,nonada,nonada,nonada
2934TC,2934.0,TC,1,3,1,0.0007639419404125,rep,nonsyn,False,nonada,nonada,nonada
2934TC,2934.0,TC,1,10,3,0.0022918258212375,rep,nonsyn,False,nonada,nonada,nonada
2934TC,2934.0,TC,3,10,1,0.0007639419404125,rep,nonsyn,False,nonada,nonada,nonada
2935TC,2935.0,TC,3,10,2,0.001527883880825,rep,nonsyn,False,nonada,nonada,nonada
2936TC,2936.0,TC,1,7,1,0.0007639419404125,rep,syn,False,nonada,nonada,nonada
2936TC,2936.0,TC,2,3,1,0.0007639419404125,rep,syn,False,nonada,nonada,nonada
2936TC,2936.0,TC,2,10,1,0.0007639419404125,rep,syn,False,nonada,nonada,nonada
2936TC,2936.0,TC,3,10,1,0.0007639419404125,rep,syn,False,nonada,nonada,nonada
2937TC,2937.0,TC,1,3,2,0.001527883880825,rep,nonsyn,False,nonada,nonada,nonada
2937TC,2937.0,TC,2,3,1,0.0007639419404125,rep,nonsyn,False,nonada,nonada,nonada
2937TC,2937.0,TC,3,10,1,0.0007639419404125,rep,nonsyn,False,nonada,nonada,nonada
2938AG,2938.0,AG,2,7,1,0.0007639419404125,rep,nonsyn,False,nonada,nonada,nonada
2939CT,2939.0,CT,1,10,2,0.001527883880825,rep,syn,False,nonada,nonada,nonada
2939CT,2939.0,CT,2,7,1,0.0007639419404125,rep,syn,False,nonada,nonada,nonada
2939CT,2939.0,CT,3,3,1,0.0007639419404125,rep,syn,False,nonada,nonada,nonada
2939CT,2939.0,CT,3,10,1,0.0007639419404125,rep,syn,False,nonada,nonada,nonada
293AG,293.0,AG,2,10,1,0.0007639419404125,mat,nonsyn,False,nonada,nonada,nonada
2941TC,2941.0,TC,1,3,1,0.0007639419404125,rep,nonsyn,False,nonada,nonada,nonada
2941TC,2941.0,TC,2,3,1,0.0007639419404125,rep,nonsyn,False,nonada,nonada,nonada
2942CT,2942.0,CT,1,7,1,0.0007639419404125,rep,syn,False,nonada,nonada,nonada
2942CT,2942.0,CT,2,10,1,0.0007639419404125,rep,syn,False,nonada,nonada,nonada
2942CT,2942.0,CT,3,10,1,0.0007639419404125,rep,syn,False,nonada,nonada,nonada
2944AC,2944.0,AC,3,10,1,0.0007639419404125,rep,nonsyn,False,nonada,nonada,nonada
2944AG,2944.0,AG,2,7,1,0.0007639419404125,rep,nonsyn,False,nonada,nonada,nonada
2944AG,2944.0,AG,3,3,1,0.0007639419404125,rep,nonsyn,False,nonada,nonada,nonada
2944AG,2944.0,AG,3,7,1,0.0007639419404125,rep,nonsyn,False,nonada,nonada,nonada
2945GA,2945.0,GA,1,3,2,0.001527883880825,rep,syn,False,nonada,nonada,nonada
2945GA,2945.0,GA,1,7,2,0.001527883880825,rep,syn,False,nonada,nonada,nonada
2945GA,2945.0,GA,1,10,2,0.001527883880825,rep,syn,False,nonada,nonada,nonada
2945GA,2945.0,GA,2,3,3,0.0022918258212375,rep,syn,False,nonada,nonada,nonada
2945GA,2945.0,GA,2,7,2,0.001527883880825,rep,syn,False,nonada,nonada,nonada
2945GA,2945.0,GA,2,10,5,0.0038197097020626,rep,syn,False,nonada,nonada,nonada
2945GA,2945.0,GA,3,3,2,0.001527883880825,rep,syn,False,nonada,nonada,nonada
2945GA,2945.0,GA,3,7,1,0.0007639419404125,rep,syn,False,nonada,nonada,nonada
2945GA,2945.0,GA,3,10,1,0.0007639419404125,rep,syn,False,nonada,nonada,nonada
2946AC,2946.0,AC,1,3,1,0.0007639419404125,rep,nonsyn,False,nonada,nonada,nonada
2946AG,2946.0,AG,1,7,1,0.0007639419404125,rep,nonsyn,False,nonada,nonada,nonada
2946AG,2946.0,AG,2,7,1,0.0007639419404125,rep,nonsyn,False,nonada,nonada,nonada
2947AC,2947.0,AC,2,7,1,0.0007639419404125,rep,nonsyn,False,nonada,nonada,nonada
2947AC,2947.0,AC,3,7,1,0.0007639419404125,rep,nonsyn,False,nonada,nonada,nonada
2947AG,2947.0,AG,1,10,3,0.0022918258212375,rep,nonsyn,False,nonada,nonada,nonada
2947AG,2947.0,AG,2,3,1,0.0007639419404125,rep,nonsyn,False,nonada,nonada,nonada
2948AG,2948.0,AG,1,7,2,0.001527883880825,rep,syn,False,nonada,nonada,nonada
2948AG,2948.0,AG,2,7,1,0.0007639419404125,rep,syn,False,nonada,nonada,nonada
2949CT,2949.0,CT,3,3,1,0.0007639419404125,rep,nonsyn,False,nonada,nonada,nonada
294CT,294.0,CT,3,7,1,0.0007639419404125,mat,syn,False,nonada,nonada,nonada
2951TC,2951.0,TC,3,3,2,0.001527883880825,rep,syn,False,nonada,nonada,nonada
2951TC,2951.0,TC,3,10,1,0.0007639419404125,rep,syn,False,nonada,nonada,nonada
2951TG,2951.0,TG,1,7,1,0.0007639419404125,rep,syn,False,nonada,nonada,nonada
2951TG,2951.0,TG,2,10,1,0.0007639419404125,rep,syn,False,nonada,nonada,nonada
2952GA,2952.0,GA,1,10,1,0.0007639419404125,rep,nonsyn,False,nonada,nonada,nonada
2952GA,2952.0,GA,2,3,1,0.0007639419404125,rep,nonsyn,False,nonada,nonada,nonada
2952GA,2952.0,GA,2,7,1,0.0007639419404125,rep,nonsyn,False,nonada,nonada,nonada
2952GA,2952.0,GA,3,10,1,0.0007639419404125,rep,nonsyn,False,nonada,nonada,nonada
2953TA,2953.0,TA,2,10,1,0.0007639419404125,rep,nonsyn,False,nonada,nonada,nonada
2953TC,2953.0,TC,1,7,1,0.0007639419404125,rep,nonsyn,False,nonada,nonada,nonada
2954TA,2954.0,TA,1,3,1,0.0007639419404125,rep,syn,False,nonada,nonada,nonada
2954TC,2954.0,TC,1,10,1,0.0007639419404125,rep,syn,False,nonada,nonada,nonada
2954TC,2954.0,TC,2,7,1,0.0007639419404125,rep,syn,False,nonada,nonada,nonada
2954TC,2954.0,TC,2,10,2,0.001527883880825,rep,syn,False,nonada,nonada,nonada
2954TC,2954.0,TC,3,7,1,0.0007639419404125,rep,syn,False,nonada,nonada,nonada
2954TC,2954.0,TC,3,10,1,0.0007639419404125,rep,syn,False,nonada,nonada,nonada
2954TG,2954.0,TG,1,7,1,0.0007639419404125,rep,syn,False,nonada,nonada,nonada
2955GA,2955.0,GA,1,3,1,0.0007639419404125,rep,nonsyn,False,nonada,nonada,nonada
2955GA,2955.0,GA,1,7,1,0.0007639419404125,rep,nonsyn,False,nonada,nonada,nonada
2955GA,2955.0,GA,1,10,1,0.0007639419404125,rep,nonsyn,False,nonada,nonada,nonada
2955GA,2955.0,GA,2,10,1,0.0007639419404125,rep,nonsyn,False,nonada,nonada,nonada
2955GA,2955.0,GA,3,7,1,0.0007639419404125,rep,nonsyn,False,nonada,nonada,nonada
2955GA,2955.0,GA,3,10,1,0.0007639419404125,rep,nonsyn,False,nonada,nonada,nonada
2956AG,2956.0,AG,1,3,1,0.0007639419404125,rep,nonsyn,False,nonada,nonada,nonada
2956AG,2956.0,AG,3,3,1,0.0007639419404125,rep,nonsyn,False,nonada,nonada,nonada
2956AG,2956.0,AG,3,7,1,0.0007639419404125,rep,nonsyn,False,nonada,nonada,nonada
2957CA,2957.0,CA,3,7,1,0.0007639419404125,rep,nonsyn,False,nonada,nonada,nonada
2957CA,2957.0,CA,3,10,1,0.0007639419404125,rep,nonsyn,False,nonada,nonada,nonada
2957CT,2957.0,CT,1,3,2,0.001527883880825,rep,syn,False,nonada,nonada,nonada
2957CT,2957.0,CT,1,10,2,0.001527883880825,rep,syn,False,nonada,nonada,nonada
2957CT,2957.0,CT,2,3,1,0.0007639419404125,rep,syn,False,nonada,nonada,nonada
2957CT,2957.0,CT,2,7,1,0.0007639419404125,rep,syn,False,nonada,nonada,nonada
2957CT,2957.0,CT,3,3,2,0.001527883880825,rep,syn,False,nonada,nonada,nonada
2957CT,2957.0,CT,3,7,2,0.001527883880825,rep,syn,False,nonada,nonada,nonada
2957CT,2957.0,CT,3,10,1,0.0007639419404125,rep,syn,False,nonada,nonada,nonada
2958AG,2958.0,AG,2,7,1,0.0007639419404125,rep,nonsyn,False,nonada,nonada,nonada
2959AC,2959.0,AC,1,7,1,0.0007639419404125,rep,nonsyn,False,nonada,nonada,nonada
295TC,295.0,TC,1,7,1,0.0007639419404125,mat,nonsyn,False,nonada,nonada,nonada
295TC,295.0,TC,1,10,1,0.0007639419404125,mat,nonsyn,False,nonada,nonada,nonada
295TC,295.0,TC,2,3,1,0.0007639419404125,mat,nonsyn,False,nonada,nonada,nonada
295TC,295.0,TC,2,10,2,0.001527883880825,mat,nonsyn,False,nonada,nonada,nonada
295TC,295.0,TC,3,7,1,0.0007639419404125,mat,nonsyn,False,nonada,nonada,nonada
2960TC,2960.0,TC,1,3,1,0.0007639419404125,rep,syn,False,nonada,nonada,nonada
2960TC,2960.0,TC,1,7,2,0.001527883880825,rep,syn,False,nonada,nonada,nonada
2960TC,2960.0,TC,1,10,1,0.0007639419404125,rep,syn,False,nonada,nonada,nonada
2960TC,2960.0,TC,2,10,1,0.0007639419404125,rep,syn,False,nonada,nonada,nonada
2960TC,2960.0,TC,3,3,1,0.0007639419404125,rep,syn,False,nonada,nonada,nonada
2960TC,2960.0,TC,3,10,1,0.0007639419404125,rep,syn,False,nonada,nonada,nonada
2961CT,2961.0,CT,1,3,1,0.0007639419404125,rep,nonsyn,False,nonada,nonada,nonada
2961CT,2961.0,CT,2,7,1,0.0007639419404125,rep,nonsyn,False,nonada,nonada,nonada
2962TC,2962.0,TC,3,7,1,0.0007639419404125,rep,nonsyn,False,nonada,nonada,nonada
2963CT,2963.0,CT,2,3,1,0.0007639419404125,rep,syn,False,nonada,nonada,nonada
2963CT,2963.0,CT,2,7,1,0.0007639419404125,rep,syn,False,nonada,nonada,nonada
2963CT,2963.0,CT,3,10,1,0.0007639419404125,rep,syn,False,nonada,nonada,nonada
2964TC,2964.0,TC,1,7,1,0.0007639419404125,rep,nonsyn,False,nonada,nonada,nonada
2964TC,2964.0,TC,3,3,1,0.0007639419404125,rep,nonsyn,False,nonada,nonada,nonada
2964TC,2964.0,TC,3,7,1,0.0007639419404125,rep,nonsyn,False,nonada,nonada,nonada
2965TC,2965.0,TC,1,3,1,0.0007639419404125,rep,nonsyn,False,nonada,nonada,nonada
2965TC,2965.0,TC,2,3,1,0.0007639419404125,rep,nonsyn,False,nonada,nonada,nonada
2965TC,2965.0,TC,2,10,1,0.0007639419404125,rep,nonsyn,False,nonada,nonada,nonada
2966CT,2966.0,CT,1,10,2,0.001527883880825,rep,syn,False,nonada,nonada,nonada
2966CT,2966.0,CT,2,3,1,0.0007639419404125,rep,syn,False,nonada,nonada,nonada
2966CT,2966.0,CT,2,10,1,0.0007639419404125,rep,syn,False,nonada,nonada,nonada
2966CT,2966.0,CT,3,10,1,0.0007639419404125,rep,syn,False,nonada,nonada,nonada
2967GA,2967.0,GA,2,7,1,0.0007639419404125,rep,nonsyn,False,nonada,nonada,nonada
2967GA,2967.0,GA,2,10,1,0.0007639419404125,rep,nonsyn,False,nonada,nonada,nonada
2967GA,2967.0,GA,3,3,1,0.0007639419404125,rep,nonsyn,False,nonada,nonada,nonada
2967GA,2967.0,GA,3,7,1,0.0007639419404125,rep,nonsyn,False,nonada,nonada,nonada
2967GA,2967.0,GA,3,10,1,0.0007639419404125,rep,nonsyn,False,nonada,nonada,nonada
2967GC,2967.0,GC,1,7,1,0.0007639419404125,rep,nonsyn,False,nonada,nonada,nonada
2968CT,2968.0,CT,1,7,1,0.0007639419404125,rep,nonsyn,False,nonada,nonada,nonada
2968CT,2968.0,CT,2,7,1,0.0007639419404125,rep,nonsyn,False,nonada,nonada,nonada
2969CT,2969.0,CT,1,10,1,0.0007639419404125,rep,syn,False,nonada,nonada,nonada
2969CT,2969.0,CT,3,7,1,0.0007639419404125,rep,syn,False,nonada,nonada,nonada
2969CT,2969.0,CT,3,10,1,0.0007639419404125,rep,syn,False,nonada,nonada,nonada
2970CT,2970.0,CT,1,3,1,0.0007639419404125,rep,syn,False,nonada,nonada,nonada
2970CT,2970.0,CT,2,7,1,0.0007639419404125,rep,syn,False,nonada,nonada,nonada
2970CT,2970.0,CT,2,10,2,0.001527883880825,rep,syn,False,nonada,nonada,nonada
2970CT,2970.0,CT,3,3,1,0.0007639419404125,rep,syn,False,nonada,nonada,nonada
2971TC,2971.0,TC,1,7,1,0.0007639419404125,rep,nonsyn,False,nonada,nonada,nonada
2972GA,2972.0,GA,1,10,1,0.0007639419404125,rep,syn,False,nonada,nonada,nonada
2972GA,2972.0,GA,2,3,1,0.0007639419404125,rep,syn,False,nonada,nonada,nonada
2972GA,2972.0,GA,3,3,3,0.0022918258212375,rep,syn,False,nonada,nonada,nonada
2972GA,2972.0,GA,3,10,2,0.001527883880825,rep,syn,False,nonada,nonada,nonada
2972GT,2972.0,GT,3,7,1,0.0007639419404125,rep,syn,False,nonada,nonada,nonada
2974TC,2974.0,TC,1,7,1,0.0007639419404125,rep,nonsyn,False,nonada,nonada,nonada
2974TC,2974.0,TC,2,10,1,0.0007639419404125,rep,nonsyn,False,nonada,nonada,nonada
2975GA,2975.0,GA,1,10,1,0.0007639419404125,rep,nonsyn,False,nonada,nonada,nonada
2976CA,2976.0,CA,2,7,1,0.0007639419404125,rep,nonsyn,False,nonada,nonada,nonada
2977TC,2977.0,TC,2,3,3,0.0022918258212375,rep,nonsyn,False,nonada,nonada,nonada
2978GA,2978.0,GA,2,7,1,0.0007639419404125,rep,syn,False,nonada,nonada,nonada
2979AG,2979.0,AG,2,10,1,0.0007639419404125,rep,nonsyn,False,nonada,nonada,nonada
2979AG,2979.0,AG,3,10,1,0.0007639419404125,rep,nonsyn,False,nonada,nonada,nonada
2979AT,2979.0,AT,1,3,1,0.0007639419404125,rep,nonsyn,False,nonada,nonada,nonada
2980TC,2980.0,TC,1,7,1,0.0007639419404125,rep,nonsyn,False,nonada,nonada,nonada
2980TC,2980.0,TC,2,10,1,0.0007639419404125,rep,nonsyn,False,nonada,nonada,nonada
2980TG,2980.0,TG,2,10,1,0.0007639419404125,rep,nonsyn,False,nonada,nonada,nonada
2981AG,2981.0,AG,1,7,1,0.0007639419404125,rep,nonsyn,False,nonada,nonada,nonada
2981AG,2981.0,AG,2,3,1,0.0007639419404125,rep,nonsyn,False,nonada,nonada,nonada
2981AG,2981.0,AG,2,10,1,0.0007639419404125,rep,nonsyn,False,nonada,nonada,nonada
2981AG,2981.0,AG,3,7,3,0.0022918258212375,rep,nonsyn,False,nonada,nonada,nonada
2981AT,2981.0,AT,2,7,1,0.0007639419404125,rep,syn,False,nonada,nonada,nonada
2982TC,2982.0,TC,1,7,2,0.001527883880825,rep,syn,False,nonada,nonada,nonada
2982TC,2982.0,TC,2,10,1,0.0007639419404125,rep,syn,False,nonada,nonada,nonada
2982TC,2982.0,TC,3,10,1,0.0007639419404125,rep,syn,False,nonada,nonada,nonada
2983TA,2983.0,TA,2,7,1,0.0007639419404125,rep,nonsyn,True,nonada,nonada,nonada
2983TA,2983.0,TA,3,7,1,0.0007639419404125,rep,nonsyn,True,nonada,nonada,nonada
2983TC,2983.0,TC,2,3,1,0.0007639419404125,rep,nonsyn,False,nonada,nonada,nonada
2983TC,2983.0,TC,3,3,1,0.0007639419404125,rep,nonsyn,False,nonada,nonada,nonada
2984AG,2984.0,AG,2,3,1,0.0007639419404125,rep,syn,False,nonada,nonada,nonada
2984AG,2984.0,AG,2,7,1,0.0007639419404125,rep,syn,False,nonada,nonada,nonada
2984AG,2984.0,AG,2,10,1,0.0007639419404125,rep,syn,False,nonada,nonada,nonada
2984AG,2984.0,AG,3,3,1,0.0007639419404125,rep,syn,False,nonada,nonada,nonada
2984AG,2984.0,AG,3,10,1,0.0007639419404125,rep,syn,False,nonada,nonada,nonada
2986AG,2986.0,AG,1,10,1,0.0007639419404125,rep,nonsyn,False,nonada,nonada,nonada
2988CG,2988.0,CG,1,7,1,0.0007639419404125,rep,nonsyn,False,nonada,nonada,nonada
2988CT,2988.0,CT,1,3,1,0.0007639419404125,rep,nonsyn,False,nonada,nonada,nonada
2988CT,2988.0,CT,2,7,1,0.0007639419404125,rep,nonsyn,False,nonada,nonada,nonada
2988CT,2988.0,CT,3,3,1,0.0007639419404125,rep,nonsyn,False,nonada,nonada,nonada
2989GA,2989.0,GA,1,7,1,0.0007639419404125,rep,nonsyn,False,nonada,nonada,nonada
2989GA,2989.0,GA,1,10,1,0.0007639419404125,rep,nonsyn,False,nonada,nonada,nonada
2989GA,2989.0,GA,3,7,1,0.0007639419404125,rep,nonsyn,False,nonada,nonada,nonada
2989GA,2989.0,GA,3,10,2,0.001527883880825,rep,nonsyn,False,nonada,nonada,nonada
2990GA,2990.0,GA,1,3,2,0.001527883880825,rep,syn,False,nonada,nonada,nonada
2990GA,2990.0,GA,2,7,2,0.001527883880825,rep,syn,False,nonada,nonada,nonada
2990GA,2990.0,GA,2,10,2,0.001527883880825,rep,syn,False,nonada,nonada,nonada
2990GA,2990.0,GA,3,3,2,0.001527883880825,rep,syn,False,nonada,nonada,nonada
2990GA,2990.0,GA,3,7,1,0.0007639419404125,rep,syn,False,nonada,nonada,nonada
2990GA,2990.0,GA,3,10,1,0.0007639419404125,rep,syn,False,nonada,nonada,nonada
2991CT,2991.0,CT,2,7,2,0.001527883880825,rep,syn,False,nonada,nonada,nonada
2991CT,2991.0,CT,3,7,1,0.0007639419404125,rep,syn,False,nonada,nonada,nonada
2992TC,2992.0,TC,1,3,1,0.0007639419404125,rep,nonsyn,False,nonada,nonada,nonada
2992TC,2992.0,TC,1,10,1,0.0007639419404125,rep,nonsyn,False,nonada,nonada,nonada
2992TC,2992.0,TC,2,3,1,0.0007639419404125,rep,nonsyn,False,nonada,nonada,nonada
2993AC,2993.0,AC,1,10,3,0.0022918258212375,rep,syn,False,nonada,nonada,nonada
2993AC,2993.0,AC,2,7,1,0.0007639419404125,rep,syn,False,nonada,nonada,nonada
2993AC,2993.0,AC,2,10,1,0.0007639419404125,rep,syn,False,nonada,nonada,nonada
2993AC,2993.0,AC,3,7,2,0.001527883880825,rep,syn,False,nonada,nonada,nonada
2993AC,2993.0,AC,3,10,4,0.0030557677616501,rep,syn,False,nonada,nonada,nonada
2993AG,2993.0,AG,1,3,1,0.0007639419404125,rep,syn,False,nonada,nonada,nonada
2993AG,2993.0,AG,1,7,1,0.0007639419404125,rep,syn,False,nonada,nonada,nonada
2993AG,2993.0,AG,1,10,2,0.001527883880825,rep,syn,False,nonada,nonada,nonada
2993AG,2993.0,AG,2,3,1,0.0007639419404125,rep,syn,False,nonada,nonada,nonada
2993AG,2993.0,AG,3,10,1,0.0007639419404125,rep,syn,False,nonada,nonada,nonada
2994CA,2994.0,CA,3,3,1,0.0007639419404125,rep,syn,False,nonada,nonada,nonada
2994CT,2994.0,CT,3,10,1,0.0007639419404125,rep,nonsyn,False,nonada,nonada,nonada
2995GC,2995.0,GC,1,3,1,0.0007639419404125,rep,nonsyn,False,nonada,nonada,nonada
2995GC,2995.0,GC,1,10,2,0.001527883880825,rep,nonsyn,False,nonada,nonada,nonada
2996GA,2996.0,GA,1,7,1,0.0007639419404125,rep,syn,False,nonada,nonada,nonada
2996GA,2996.0,GA,2,3,1,0.0007639419404125,rep,syn,False,nonada,nonada,nonada
2996GA,2996.0,GA,2,7,1,0.0007639419404125,rep,syn,False,nonada,nonada,nonada
2996GA,2996.0,GA,2,10,2,0.001527883880825,rep,syn,False,nonada,nonada,nonada
2996GA,2996.0,GA,3,3,1,0.0007639419404125,rep,syn,False,nonada,nonada,nonada
2996GC,2996.0,GC,1,3,1,0.0007639419404125,rep,syn,False,nonada,nonada,nonada
2996GT,2996.0,GT,2,10,1,0.0007639419404125,rep,syn,False,nonada,nonada,nonada
2996GT,2996.0,GT,3,10,1,0.0007639419404125,rep,syn,False,nonada,nonada,nonada
2997GA,2997.0,GA,1,10,1,0.0007639419404125,rep,nonsyn,False,nonada,nonada,nonada
2997GA,2997.0,GA,2,7,2,0.001527883880825,rep,nonsyn,False,nonada,nonada,nonada
2997GA,2997.0,GA,2,10,2,0.001527883880825,rep,nonsyn,False,nonada,nonada,nonada
2997GA,2997.0,GA,3,7,1,0.0007639419404125,rep,nonsyn,False,nonada,nonada,nonada
2997GA,2997.0,GA,3,10,1,0.0007639419404125,rep,nonsyn,False,nonada,nonada,nonada
2998GA,2998.0,GA,2,7,2,0.001527883880825,rep,nonsyn,False,nonada,nonada,nonada
2998GA,2998.0,GA,3,3,1,0.0007639419404125,rep,nonsyn,False,nonada,nonada,nonada
2998GT,2998.0,GT,3,10,1,0.0007639419404125,rep,nonsyn,False,nonada,nonada,nonada
2999TC,2999.0,TC,1,3,2,0.001527883880825,rep,syn,False,nonada,nonada,nonada
2999TC,2999.0,TC,1,7,1,0.0007639419404125,rep,syn,False,nonada,nonada,nonada
2999TC,2999.0,TC,1,10,1,0.0007639419404125,rep,syn,False,nonada,nonada,nonada
2999TC,2999.0,TC,2,7,1,0.0007639419404125,rep,syn,False,nonada,nonada,nonada
2999TC,2999.0,TC,2,10,1,0.0007639419404125,rep,syn,False,nonada,nonada,nonada
2999TC,2999.0,TC,3,7,3,0.0022918258212375,rep,syn,False,nonada,nonada,nonada
2999TC,2999.0,TC,3,10,1,0.0007639419404125,rep,syn,False,nonada,nonada,nonada
299CT,299.0,CT,3,3,1,0.0007639419404125,mat,nonsyn,False,nonada,nonada,nonada
3000TC,3000.0,TC,3,3,1,0.0007639419404125,rep,nonsyn,False,nonada,nonada,nonada
3001GA,3001.0,GA,1,3,2,0.001527883880825,rep,nonsyn,True,nonada,nonada,nonada
3001GA,3001.0,GA,1,10,1,0.0007639419404125,rep,nonsyn,True,nonada,nonada,nonada
3001GA,3001.0,GA,2,3,1,0.0007639419404125,rep,nonsyn,True,nonada,nonada,nonada
3001GA,3001.0,GA,2,10,1,0.0007639419404125,rep,nonsyn,True,nonada,nonada,nonada
3001GT,3001.0,GT,1,7,1,0.0007639419404125,rep,nonsyn,False,nonada,nonada,nonada
3002GA,3002.0,GA,2,7,1,0.0007639419404125,rep,nonsyn,True,nonada,nonada,nonada
3002GA,3002.0,GA,3,3,1,0.0007639419404125,rep,nonsyn,True,nonada,nonada,nonada
3002GA,3002.0,GA,3,7,1,0.0007639419404125,rep,nonsyn,True,nonada,nonada,nonada
3002GT,3002.0,GT,2,3,1,0.0007639419404125,rep,nonsyn,False,nonada,nonada,nonada
3003GA,3003.0,GA,1,10,1,0.0007639419404125,rep,nonsyn,False,nonada,nonada,nonada
3003GA,3003.0,GA,2,3,3,0.0022918258212375,rep,nonsyn,False,nonada,nonada,nonada
3005AG,3005.0,AG,1,3,2,0.001527883880825,rep,syn,False,nonada,nonada,nonada
3005AG,3005.0,AG,1,10,2,0.001527883880825,rep,syn,False,nonada,nonada,nonada
3005AG,3005.0,AG,2,7,2,0.001527883880825,rep,syn,False,nonada,nonada,nonada
3005AG,3005.0,AG,2,10,2,0.001527883880825,rep,syn,False,nonada,nonada,nonada
3005AG,3005.0,AG,3,7,1,0.0007639419404125,rep,syn,False,nonada,nonada,nonada
3005AG,3005.0,AG,3,10,3,0.0022918258212375,rep,syn,False,nonada,nonada,nonada
3006GA,3006.0,GA,1,7,1,0.0007639419404125,rep,nonsyn,False,nonada,nonada,nonada
3006GT,3006.0,GT,3,10,1,0.0007639419404125,rep,nonsyn,False,nonada,nonada,nonada
3007TC,3007.0,TC,1,7,1,0.0007639419404125,rep,nonsyn,False,nonada,nonada,nonada
3007TC,3007.0,TC,2,3,2,0.001527883880825,rep,nonsyn,False,nonada,nonada,nonada
3008TC,3008.0,TC,1,7,2,0.001527883880825,rep,syn,False,nonada,nonada,nonada
3008TC,3008.0,TC,2,3,1,0.0007639419404125,rep,syn,False,nonada,nonada,nonada
3008TC,3008.0,TC,2,7,1,0.0007639419404125,rep,syn,False,nonada,nonada,nonada
3008TC,3008.0,TC,3,3,1,0.0007639419404125,rep,syn,False,nonada,nonada,nonada
3008TC,3008.0,TC,3,7,1,0.0007639419404125,rep,syn,False,nonada,nonada,nonada
3008TG,3008.0,TG,1,3,1,0.0007639419404125,rep,syn,False,nonada,nonada,nonada
3009GA,3009.0,GA,1,3,1,0.0007639419404125,rep,nonsyn,False,nonada,nonada,nonada
3009GA,3009.0,GA,1,7,3,0.0022918258212375,rep,nonsyn,False,nonada,nonada,nonada
3009GA,3009.0,GA,2,7,2,0.001527883880825,rep,nonsyn,False,nonada,nonada,nonada
3009GA,3009.0,GA,2,10,1,0.0007639419404125,rep,nonsyn,False,nonada,nonada,nonada
3009GA,3009.0,GA,3,7,2,0.001527883880825,rep,nonsyn,False,nonada,nonada,nonada
3009GA,3009.0,GA,3,10,2,0.001527883880825,rep,nonsyn,False,nonada,nonada,nonada
300CT,300.0,CT,1,10,2,0.001527883880825,mat,syn,False,nonada,nonada,nonada
300CT,300.0,CT,2,10,1,0.0007639419404125,mat,syn,False,nonada,nonada,nonada
300CT,300.0,CT,3,3,1,0.0007639419404125,mat,syn,False,nonada,nonada,nonada
300CT,300.0,CT,3,10,1,0.0007639419404125,mat,syn,False,nonada,nonada,nonada
3010TC,3010.0,TC,1,3,2,0.001527883880825,rep,nonsyn,False,nonada,nonada,nonada
3010TC,3010.0,TC,2,3,1,0.0007639419404125,rep,nonsyn,False,nonada,nonada,nonada
3010TC,3010.0,TC,2,7,1,0.0007639419404125,rep,nonsyn,False,nonada,nonada,nonada
3011CT,3011.0,CT,2,7,1,0.0007639419404125,rep,syn,False,nonada,nonada,nonada
3011CT,3011.0,CT,3,7,2,0.001527883880825,rep,syn,False,nonada,nonada,nonada
3013GA,3013.0,GA,2,3,1,0.0007639419404125,rep,nonsyn,False,nonada,nonada,nonada
3013GA,3013.0,GA,2,7,1,0.0007639419404125,rep,nonsyn,False,nonada,nonada,nonada
3013GA,3013.0,GA,3,3,1,0.0007639419404125,rep,nonsyn,False,nonada,nonada,nonada
3014AG,3014.0,AG,1,7,1,0.0007639419404125,rep,syn,False,nonada,nonada,nonada
3014AG,3014.0,AG,2,10,1,0.0007639419404125,rep,syn,False,nonada,nonada,nonada
3014AG,3014.0,AG,3,7,1,0.0007639419404125,rep,syn,False,nonada,nonada,nonada
3014AG,3014.0,AG,3,10,1,0.0007639419404125,rep,syn,False,nonada,nonada,nonada
3015GA,3015.0,GA,1,10,1,0.0007639419404125,rep,nonsyn,False,nonada,nonada,nonada
3015GA,3015.0,GA,2,7,1,0.0007639419404125,rep,nonsyn,False,nonada,nonada,nonada
3015GA,3015.0,GA,3,3,1,0.0007639419404125,rep,nonsyn,False,nonada,nonada,nonada
3015GA,3015.0,GA,3,7,1,0.0007639419404125,rep,nonsyn,False,nonada,nonada,nonada
3016GA,3016.0,GA,1,10,1,0.0007639419404125,rep,nonsyn,False,nonada,nonada,nonada
3016GA,3016.0,GA,2,3,1,0.0007639419404125,rep,nonsyn,False,nonada,nonada,nonada
3017TC,3017.0,TC,2,3,1,0.0007639419404125,rep,syn,False,nonada,nonada,nonada
3018AG,3018.0,AG,2,7,1,0.0007639419404125,rep,nonsyn,False,nonada,nonada,nonada
3019TA,3019.0,TA,1,3,1,0.0007639419404125,rep,nonsyn,False,nonada,nonada,nonada
3019TC,3019.0,TC,1,10,1,0.0007639419404125,rep,nonsyn,False,nonada,nonada,nonada
3019TC,3019.0,TC,2,10,1,0.0007639419404125,rep,nonsyn,False,nonada,nonada,nonada
3019TC,3019.0,TC,3,7,1,0.0007639419404125,rep,nonsyn,False,nonada,nonada,nonada
3019TG,3019.0,TG,3,3,1,0.0007639419404125,rep,nonsyn,False,nonada,nonada,nonada
301TC,301.0,TC,1,3,2,0.001527883880825,mat,nonsyn,False,nonada,nonada,nonada
301TC,301.0,TC,1,7,1,0.0007639419404125,mat,nonsyn,False,nonada,nonada,nonada
301TC,301.0,TC,1,10,1,0.0007639419404125,mat,nonsyn,False,nonada,nonada,nonada
301TC,301.0,TC,2,7,1,0.0007639419404125,mat,nonsyn,False,nonada,nonada,nonada
301TG,301.0,TG,1,3,1,0.0007639419404125,mat,nonsyn,False,nonada,nonada,nonada
3020GA,3020.0,GA,2,10,1,0.0007639419404125,rep,nonsyn,False,nonada,nonada,nonada
3020GA,3020.0,GA,3,10,1,0.0007639419404125,rep,nonsyn,False,nonada,nonada,nonada
3021TC,3021.0,TC,2,7,1,0.0007639419404125,rep,nonsyn,False,nonada,nonada,nonada
3021TC,3021.0,TC,2,10,1,0.0007639419404125,rep,nonsyn,False,nonada,nonada,nonada
3021TG,3021.0,TG,1,10,1,0.0007639419404125,rep,nonsyn,False,nonada,nonada,nonada
3022CT,3022.0,CT,1,7,2,0.001527883880825,rep,nonsyn,False,nonada,nonada,nonada
3022CT,3022.0,CT,3,3,1,0.0007639419404125,rep,nonsyn,False,nonada,nonada,nonada
3023AG,3023.0,AG,3,3,2,0.001527883880825,rep,syn,False,nonada,nonada,nonada
3023AG,3023.0,AG,3,10,1,0.0007639419404125,rep,syn,False,nonada,nonada,nonada
3025AG,3025.0,AG,1,7,1,0.0007639419404125,rep,nonsyn,False,nonada,nonada,nonada
3025AG,3025.0,AG,3,3,1,0.0007639419404125,rep,nonsyn,False,nonada,nonada,nonada
3026TC,3026.0,TC,2,10,1,0.0007639419404125,rep,syn,False,nonada,nonada,nonada
3026TC,3026.0,TC,3,7,1,0.0007639419404125,rep,syn,False,nonada,nonada,nonada
3027CT,3027.0,CT,2,7,1,0.0007639419404125,rep,nonsyn,False,nonada,nonada,nonada
3028CT,3028.0,CT,1,7,1,0.0007639419404125,rep,nonsyn,False,nonada,nonada,nonada
3028CT,3028.0,CT,3,3,1,0.0007639419404125,rep,nonsyn,False,nonada,nonada,nonada
3029AG,3029.0,AG,2,3,1,0.0007639419404125,rep,syn,False,nonada,nonada,nonada
3029AT,3029.0,AT,3,10,1,0.0007639419404125,rep,syn,False,nonada,nonada,nonada
302CA,302.0,CA,2,10,1,0.0007639419404125,mat,nonsyn,False,nonada,nonada,nonada
302CT,302.0,CT,2,10,1,0.0007639419404125,mat,nonsyn,False,nonada,nonada,nonada
3030CT,3030.0,CT,1,7,1,0.0007639419404125,rep,nonsyn,False,nonada,nonada,nonada
3030CT,3030.0,CT,2,3,1,0.0007639419404125,rep,nonsyn,False,nonada,nonada,nonada
3030CT,3030.0,CT,3,3,1,0.0007639419404125,rep,nonsyn,False,nonada,nonada,nonada
3031GA,3031.0,GA,2,7,1,0.0007639419404125,rep,nonsyn,False,nonada,nonada,nonada
3031GA,3031.0,GA,2,10,1,0.0007639419404125,rep,nonsyn,False,nonada,nonada,nonada
3031GA,3031.0,GA,3,7,1,0.0007639419404125,rep,nonsyn,False,nonada,nonada,nonada
3032CT,3032.0,CT,1,3,1,0.0007639419404125,rep,syn,False,nonada,nonada,nonada
3032CT,3032.0,CT,2,10,1,0.0007639419404125,rep,syn,False,nonada,nonada,nonada
3032CT,3032.0,CT,3,10,2,0.001527883880825,rep,syn,False,nonada,nonada,nonada
3033CT,3033.0,CT,1,7,1,0.0007639419404125,rep,nonsyn,False,nonada,nonada,nonada
3033CT,3033.0,CT,2,7,1,0.0007639419404125,rep,nonsyn,False,nonada,nonada,nonada
3033CT,3033.0,CT,2,10,1,0.0007639419404125,rep,nonsyn,False,nonada,nonada,nonada
3034TC,3034.0,TC,1,7,1,0.0007639419404125,rep,nonsyn,False,nonada,nonada,nonada
3034TC,3034.0,TC,2,3,2,0.001527883880825,rep,nonsyn,False,nonada,nonada,nonada
3034TC,3034.0,TC,2,7,1,0.0007639419404125,rep,nonsyn,False,nonada,nonada,nonada
3034TC,3034.0,TC,2,10,2,0.001527883880825,rep,nonsyn,False,nonada,nonada,nonada
3035CT,3035.0,CT,1,7,2,0.001527883880825,rep,syn,False,nonada,nonada,nonada
3035CT,3035.0,CT,2,3,1,0.0007639419404125,rep,syn,False,nonada,nonada,nonada
3035CT,3035.0,CT,2,7,1,0.0007639419404125,rep,syn,False,nonada,nonada,nonada
3035CT,3035.0,CT,2,10,2,0.001527883880825,rep,syn,False,nonada,nonada,nonada
3035CT,3035.0,CT,3,7,3,0.0022918258212375,rep,syn,False,nonada,nonada,nonada
3035CT,3035.0,CT,3,10,2,0.001527883880825,rep,syn,False,nonada,nonada,nonada
3036TC,3036.0,TC,1,7,1,0.0007639419404125,rep,nonsyn,False,nonada,nonada,nonada
3036TC,3036.0,TC,2,7,1,0.0007639419404125,rep,nonsyn,False,nonada,nonada,nonada
3036TC,3036.0,TC,3,3,1,0.0007639419404125,rep,nonsyn,False,nonada,nonada,nonada
3037AG,3037.0,AG,1,7,1,0.0007639419404125,rep,nonsyn,False,nonada,nonada,nonada
3038CT,3038.0,CT,1,3,1,0.0007639419404125,rep,syn,False,nonada,nonada,nonada
3038CT,3038.0,CT,1,7,1,0.0007639419404125,rep,syn,False,nonada,nonada,nonada
3038CT,3038.0,CT,1,10,2,0.001527883880825,rep,syn,False,nonada,nonada,nonada
3038CT,3038.0,CT,2,3,1,0.0007639419404125,rep,syn,False,nonada,nonada,nonada
3038CT,3038.0,CT,2,7,2,0.001527883880825,rep,syn,False,nonada,nonada,nonada
3038CT,3038.0,CT,3,3,1,0.0007639419404125,rep,syn,False,nonada,nonada,nonada
3038CT,3038.0,CT,3,10,1,0.0007639419404125,rep,syn,False,nonada,nonada,nonada
3039AC,3039.0,AC,2,7,1,0.0007639419404125,rep,nonsyn,False,nonada,nonada,nonada
3039AG,3039.0,AG,1,7,2,0.001527883880825,rep,nonsyn,False,nonada,nonada,nonada
3039AG,3039.0,AG,1,10,2,0.001527883880825,rep,nonsyn,False,nonada,nonada,nonada
3039AG,3039.0,AG,2,3,1,0.0007639419404125,rep,nonsyn,False,nonada,nonada,nonada
3039AG,3039.0,AG,3,7,1,0.0007639419404125,rep,nonsyn,False,nonada,nonada,nonada
303TC,303.0,TC,1,3,1,0.0007639419404125,mat,syn,False,nonada,nonada,nonada
303TC,303.0,TC,1,7,1,0.0007639419404125,mat,syn,False,nonada,nonada,nonada
303TC,303.0,TC,1,10,3,0.0022918258212375,mat,syn,False,nonada,nonada,nonada
303TC,303.0,TC,2,7,1,0.0007639419404125,mat,syn,False,nonada,nonada,nonada
303TC,303.0,TC,3,3,1,0.0007639419404125,mat,syn,False,nonada,nonada,nonada
303TC,303.0,TC,3,7,1,0.0007639419404125,mat,syn,False,nonada,nonada,nonada
303TC,303.0,TC,3,10,1,0.0007639419404125,mat,syn,False,nonada,nonada,nonada
3040AG,3040.0,AG,3,3,1,0.0007639419404125,rep,nonsyn,False,nonada,nonada,nonada
3041GA,3041.0,GA,1,3,1,0.0007639419404125,rep,syn,False,nonada,nonada,nonada
3041GA,3041.0,GA,1,10,2,0.001527883880825,rep,syn,False,nonada,nonada,nonada
3041GA,3041.0,GA,2,10,2,0.001527883880825,rep,syn,False,nonada,nonada,nonada
3041GA,3041.0,GA,3,3,2,0.001527883880825,rep,syn,False,nonada,nonada,nonada
3041GA,3041.0,GA,3,10,1,0.0007639419404125,rep,syn,False,nonada,nonada,nonada
3041GT,3041.0,GT,3,7,1,0.0007639419404125,rep,nonsyn,False,nonada,nonada,nonada
3042GA,3042.0,GA,2,3,1,0.0007639419404125,rep,nonsyn,False,nonada,nonada,nonada
3042GA,3042.0,GA,2,7,1,0.0007639419404125,rep,nonsyn,False,nonada,nonada,nonada
3042GA,3042.0,GA,2,10,1,0.0007639419404125,rep,nonsyn,False,nonada,nonada,nonada
3042GA,3042.0,GA,3,3,1,0.0007639419404125,rep,nonsyn,False,nonada,nonada,nonada
3043TC,3043.0,TC,1,7,1,0.0007639419404125,rep,nonsyn,False,nonada,nonada,nonada
3043TC,3043.0,TC,2,3,1,0.0007639419404125,rep,nonsyn,False,nonada,nonada,nonada
3043TC,3043.0,TC,2,10,1,0.0007639419404125,rep,nonsyn,False,nonada,nonada,nonada
3043TC,3043.0,TC,3,7,1,0.0007639419404125,rep,nonsyn,False,nonada,nonada,nonada
3043TG,3043.0,TG,3,3,1,0.0007639419404125,rep,nonsyn,False,nonada,nonada,nonada
3044GA,3044.0,GA,1,3,1,0.0007639419404125,rep,syn,False,nonada,nonada,nonada
3044GA,3044.0,GA,1,7,1,0.0007639419404125,rep,syn,False,nonada,nonada,nonada
3044GA,3044.0,GA,1,10,2,0.001527883880825,rep,syn,False,nonada,nonada,nonada
3044GA,3044.0,GA,2,10,1,0.0007639419404125,rep,syn,False,nonada,nonada,nonada
3044GA,3044.0,GA,3,3,1,0.0007639419404125,rep,syn,False,nonada,nonada,nonada
3044GA,3044.0,GA,3,10,2,0.001527883880825,rep,syn,False,nonada,nonada,nonada
3045TC,3045.0,TC,1,10,1,0.0007639419404125,rep,nonsyn,False,nonada,nonada,nonada
3045TC,3045.0,TC,3,7,1,0.0007639419404125,rep,nonsyn,False,nonada,nonada,nonada
3045TG,3045.0,TG,2,3,1,0.0007639419404125,rep,nonsyn,False,nonada,nonada,nonada
3045TG,3045.0,TG,2,7,1,0.0007639419404125,rep,nonsyn,False,nonada,nonada,nonada
3045TG,3045.0,TG,3,7,1,0.0007639419404125,rep,nonsyn,False,nonada,nonada,nonada
3047GA,3047.0,GA,3,3,2,0.001527883880825,rep,nonsyn,True,nonada,nonada,nonada
3047GA,3047.0,GA,3,10,2,0.001527883880825,rep,nonsyn,True,nonada,nonada,nonada
3048GA,3048.0,GA,2,7,1,0.0007639419404125,rep,nonsyn,False,nonada,nonada,nonada
3048GA,3048.0,GA,3,7,1,0.0007639419404125,rep,nonsyn,False,nonada,nonada,nonada
3049TC,3049.0,TC,1,3,1,0.0007639419404125,rep,nonsyn,False,nonada,nonada,nonada
3049TC,3049.0,TC,1,7,1,0.0007639419404125,rep,nonsyn,False,nonada,nonada,nonada
3049TC,3049.0,TC,3,3,1,0.0007639419404125,rep,nonsyn,False,nonada,nonada,nonada
3049TG,3049.0,TG,3,10,1,0.0007639419404125,rep,nonsyn,False,nonada,nonada,nonada
304CT,304.0,CT,3,10,1,0.0007639419404125,mat,nonsyn,False,nonada,nonada,nonada
3050AG,3050.0,AG,2,3,1,0.0007639419404125,rep,syn,False,nonada,nonada,nonada
3050AG,3050.0,AG,3,10,2,0.001527883880825,rep,syn,False,nonada,nonada,nonada
3051CA,3051.0,CA,3,3,1,0.0007639419404125,rep,syn,False,nonada,nonada,nonada
3051CT,3051.0,CT,2,3,1,0.0007639419404125,rep,nonsyn,False,nonada,nonada,nonada
3051CT,3051.0,CT,3,3,1,0.0007639419404125,rep,nonsyn,False,nonada,nonada,nonada
3052GA,3052.0,GA,2,7,1,0.0007639419404125,rep,nonsyn,False,nonada,nonada,nonada
3052GT,3052.0,GT,2,10,1,0.0007639419404125,rep,nonsyn,False,nonada,nonada,nonada
3053GA,3053.0,GA,1,3,4,0.0030557677616501,rep,syn,False,nonada,nonada,nonada
3053GA,3053.0,GA,1,10,3,0.0022918258212375,rep,syn,False,nonada,nonada,nonada
3053GA,3053.0,GA,2,7,2,0.001527883880825,rep,syn,False,nonada,nonada,nonada
3053GA,3053.0,GA,2,10,2,0.001527883880825,rep,syn,False,nonada,nonada,nonada
3053GA,3053.0,GA,3,3,1,0.0007639419404125,rep,syn,False,nonada,nonada,nonada
3053GA,3053.0,GA,3,7,1,0.0007639419404125,rep,syn,False,nonada,nonada,nonada
3053GA,3053.0,GA,3,10,4,0.0030557677616501,rep,syn,False,nonada,nonada,nonada
3055TC,3055.0,TC,1,10,1,0.0007639419404125,rep,nonsyn,False,nonada,nonada,nonada
3055TC,3055.0,TC,3,3,1,0.0007639419404125,rep,nonsyn,False,nonada,nonada,nonada
3055TG,3055.0,TG,2,7,1,0.0007639419404125,rep,nonsyn,False,nonada,nonada,nonada
3055TG,3055.0,TG,3,3,1,0.0007639419404125,rep,nonsyn,False,nonada,nonada,nonada
3055TG,3055.0,TG,3,10,1,0.0007639419404125,rep,nonsyn,False,nonada,nonada,nonada
3056CA,3056.0,CA,1,7,1,0.0007639419404125,rep,syn,False,nonada,nonada,nonada
3056CT,3056.0,CT,1,3,1,0.0007639419404125,rep,syn,False,nonada,nonada,nonada
3056CT,3056.0,CT,1,10,2,0.001527883880825,rep,syn,False,nonada,nonada,nonada
3057TC,3057.0,TC,1,7,1,0.0007639419404125,rep,nonsyn,False,nonada,nonada,nonada
3057TC,3057.0,TC,3,3,1,0.0007639419404125,rep,nonsyn,False,nonada,nonada,nonada
3057TG,3057.0,TG,2,7,1,0.0007639419404125,rep,nonsyn,False,nonada,nonada,nonada
305CT,305.0,CT,1,7,1,0.0007639419404125,mat,nonsyn,False,nonada,nonada,nonada
3060TC,3060.0,TC,1,7,1,0.0007639419404125,rep,nonsyn,False,nonada,nonada,nonada
3060TC,3060.0,TC,1,10,1,0.0007639419404125,rep,nonsyn,False,nonada,nonada,nonada
3060TC,3060.0,TC,3,10,1,0.0007639419404125,rep,nonsyn,False,nonada,nonada,nonada
3060TG,3060.0,TG,1,7,1,0.0007639419404125,rep,nonsyn,False,nonada,nonada,nonada
3061CT,3061.0,CT,1,7,2,0.001527883880825,rep,nonsyn,False,nonada,nonada,nonada
3061CT,3061.0,CT,3,7,1,0.0007639419404125,rep,nonsyn,False,nonada,nonada,nonada
3062CG,3062.0,CG,1,10,1,0.0007639419404125,rep,syn,False,nonada,nonada,nonada
3062CT,3062.0,CT,1,3,1,0.0007639419404125,rep,syn,False,nonada,nonada,nonada
3062CT,3062.0,CT,1,7,1,0.0007639419404125,rep,syn,False,nonada,nonada,nonada
3062CT,3062.0,CT,2,7,1,0.0007639419404125,rep,syn,False,nonada,nonada,nonada
3064AG,3064.0,AG,1,3,1,0.0007639419404125,rep,nonsyn,False,nonada,nonada,nonada
3064AG,3064.0,AG,2,3,3,0.0022918258212375,rep,nonsyn,False,nonada,nonada,nonada
3064AG,3064.0,AG,2,10,1,0.0007639419404125,rep,nonsyn,False,nonada,nonada,nonada
3065GA,3065.0,GA,2,3,1,0.0007639419404125,rep,syn,False,nonada,nonada,nonada
3065GA,3065.0,GA,3,3,1,0.0007639419404125,rep,syn,False,nonada,nonada,nonada
3065GA,3065.0,GA,3,7,1,0.0007639419404125,rep,syn,False,nonada,nonada,nonada
3066GA,3066.0,GA,1,10,1,0.0007639419404125,rep,nonsyn,False,nonada,nonada,nonada
3066GA,3066.0,GA,2,3,1,0.0007639419404125,rep,nonsyn,False,nonada,nonada,nonada
3066GA,3066.0,GA,2,7,2,0.001527883880825,rep,nonsyn,False,nonada,nonada,nonada
3066GA,3066.0,GA,3,3,1,0.0007639419404125,rep,nonsyn,False,nonada,nonada,nonada
3067TC,3067.0,TC,1,7,1,0.0007639419404125,rep,nonsyn,False,nonada,nonada,nonada
3067TC,3067.0,TC,3,10,1,0.0007639419404125,rep,nonsyn,False,nonada,nonada,nonada
3068GA,3068.0,GA,1,3,1,0.0007639419404125,rep,syn,False,nonada,nonada,nonada
3068GA,3068.0,GA,1,7,2,0.001527883880825,rep,syn,False,nonada,nonada,nonada
3068GA,3068.0,GA,1,10,1,0.0007639419404125,rep,syn,False,nonada,nonada,nonada
3068GA,3068.0,GA,2,7,1,0.0007639419404125,rep,syn,False,nonada,nonada,nonada
3068GA,3068.0,GA,2,10,1,0.0007639419404125,rep,syn,False,nonada,nonada,nonada
3068GA,3068.0,GA,3,3,3,0.0022918258212375,rep,syn,False,nonada,nonada,nonada
3069CA,3069.0,CA,3,3,1,0.0007639419404125,rep,nonsyn,False,nonada,nonada,nonada
3069CT,3069.0,CT,1,3,1,0.0007639419404125,rep,nonsyn,False,nonada,nonada,nonada
306GA,306.0,GA,1,7,1,0.0007639419404125,mat,syn,False,nonada,nonada,nonada
306GA,306.0,GA,1,10,1,0.0007639419404125,mat,syn,False,nonada,nonada,nonada
306GA,306.0,GA,2,3,3,0.0022918258212375,mat,syn,False,nonada,nonada,nonada
306GA,306.0,GA,2,7,1,0.0007639419404125,mat,syn,False,nonada,nonada,nonada
306GA,306.0,GA,3,7,1,0.0007639419404125,mat,syn,False,nonada,nonada,nonada
306GC,306.0,GC,1,3,1,0.0007639419404125,mat,syn,False,nonada,nonada,nonada
3070CT,3070.0,CT,3,7,1,0.0007639419404125,rep,nonsyn,False,nonada,nonada,nonada
3071TC,3071.0,TC,1,10,1,0.0007639419404125,rep,syn,False,nonada,nonada,nonada
3071TC,3071.0,TC,2,3,1,0.0007639419404125,rep,syn,False,nonada,nonada,nonada
3071TC,3071.0,TC,2,10,2,0.001527883880825,rep,syn,False,nonada,nonada,nonada
3071TC,3071.0,TC,3,7,1,0.0007639419404125,rep,syn,False,nonada,nonada,nonada
3071TC,3071.0,TC,3,10,1,0.0007639419404125,rep,syn,False,nonada,nonada,nonada
3071TG,3071.0,TG,2,7,1,0.0007639419404125,rep,syn,False,nonada,nonada,nonada
3072TC,3072.0,TC,1,10,1,0.0007639419404125,rep,nonsyn,False,nonada,nonada,nonada
3072TC,3072.0,TC,2,3,1,0.0007639419404125,rep,nonsyn,False,nonada,nonada,nonada
3072TC,3072.0,TC,3,3,1,0.0007639419404125,rep,nonsyn,False,nonada,nonada,nonada
3072TC,3072.0,TC,3,10,1,0.0007639419404125,rep,nonsyn,False,nonada,nonada,nonada
3072TG,3072.0,TG,2,3,1,0.0007639419404125,rep,nonsyn,False,nonada,nonada,nonada
3074GA,3074.0,GA,1,3,1,0.0007639419404125,rep,syn,False,nonada,nonada,nonada
3074GA,3074.0,GA,1,10,3,0.0022918258212375,rep,syn,False,nonada,nonada,nonada
3074GA,3074.0,GA,2,10,3,0.0022918258212375,rep,syn,False,nonada,nonada,nonada
3074GT,3074.0,GT,1,3,1,0.0007639419404125,rep,syn,False,nonada,nonada,nonada
3075AG,3075.0,AG,3,3,1,0.0007639419404125,rep,nonsyn,False,nonada,nonada,nonada
3075AG,3075.0,AG,3,10,1,0.0007639419404125,rep,nonsyn,False,nonada,nonada,nonada
3077GA,3077.0,GA,2,7,1,0.0007639419404125,rep,nonsyn,False,nonada,nonada,nonada
3077GA,3077.0,GA,3,3,1,0.0007639419404125,rep,nonsyn,False,nonada,nonada,nonada
3078TC,3078.0,TC,2,3,1,0.0007639419404125,rep,nonsyn,False,nonada,nonada,nonada
3078TC,3078.0,TC,2,7,1,0.0007639419404125,rep,nonsyn,False,nonada,nonada,nonada
3078TC,3078.0,TC,2,10,1,0.0007639419404125,rep,nonsyn,False,nonada,nonada,nonada
3078TC,3078.0,TC,3,7,2,0.001527883880825,rep,nonsyn,False,nonada,nonada,nonada
3078TC,3078.0,TC,3,10,1,0.0007639419404125,rep,nonsyn,False,nonada,nonada,nonada
3079TC,3079.0,TC,3,3,1,0.0007639419404125,rep,nonsyn,False,nonada,nonada,nonada
3079TG,3079.0,TG,1,10,1,0.0007639419404125,rep,nonsyn,False,nonada,nonada,nonada
307TC,307.0,TC,1,7,1,0.0007639419404125,mat,nonsyn,False,nonada,nonada,nonada
307TG,307.0,TG,3,10,1,0.0007639419404125,mat,nonsyn,False,nonada,nonada,nonada
3080CT,3080.0,CT,1,7,1,0.0007639419404125,rep,syn,False,nonada,nonada,nonada
3080CT,3080.0,CT,3,7,1,0.0007639419404125,rep,syn,False,nonada,nonada,nonada
3081TC,3081.0,TC,1,7,1,0.0007639419404125,rep,nonsyn,False,nonada,nonada,nonada
3081TC,3081.0,TC,1,10,1,0.0007639419404125,rep,nonsyn,False,nonada,nonada,nonada
3081TG,3081.0,TG,1,7,1,0.0007639419404125,rep,nonsyn,False,nonada,nonada,nonada
3083CT,3083.0,CT,1,3,1,0.0007639419404125,rep,syn,False,nonada,nonada,nonada
3083CT,3083.0,CT,2,7,1,0.0007639419404125,rep,syn,False,nonada,nonada,nonada
3083CT,3083.0,CT,2,10,1,0.0007639419404125,rep,syn,False,nonada,nonada,nonada
3083CT,3083.0,CT,3,7,1,0.0007639419404125,rep,syn,False,nonada,nonada,nonada
3084GA,3084.0,GA,1,7,1,0.0007639419404125,rep,nonsyn,False,nonada,nonada,nonada
3084GA,3084.0,GA,1,10,1,0.0007639419404125,rep,nonsyn,False,nonada,nonada,nonada
3084GA,3084.0,GA,2,10,1,0.0007639419404125,rep,nonsyn,False,nonada,nonada,nonada
3084GA,3084.0,GA,3,7,1,0.0007639419404125,rep,nonsyn,False,nonada,nonada,nonada
3085GA,3085.0,GA,3,3,1,0.0007639419404125,rep,nonsyn,False,nonada,nonada,nonada
3085GA,3085.0,GA,3,7,3,0.0022918258212375,rep,nonsyn,False,nonada,nonada,nonada
3086TC,3086.0,TC,1,7,1,0.0007639419404125,rep,syn,False,nonada,nonada,nonada
3086TC,3086.0,TC,1,10,3,0.0022918258212375,rep,syn,False,nonada,nonada,nonada
3086TC,3086.0,TC,2,3,2,0.001527883880825,rep,syn,False,nonada,nonada,nonada
3086TC,3086.0,TC,2,10,4,0.0030557677616501,rep,syn,False,nonada,nonada,nonada
3086TC,3086.0,TC,3,3,1,0.0007639419404125,rep,syn,False,nonada,nonada,nonada
3086TG,3086.0,TG,3,7,1,0.0007639419404125,rep,syn,False,nonada,nonada,nonada
3087GA,3087.0,GA,3,10,1,0.0007639419404125,rep,nonsyn,False,nonada,nonada,nonada
3088GA,3088.0,GA,1,7,1,0.0007639419404125,rep,nonsyn,False,nonada,nonada,nonada
3088GA,3088.0,GA,2,7,1,0.0007639419404125,rep,nonsyn,False,nonada,nonada,nonada
3088GT,3088.0,GT,2,7,1,0.0007639419404125,rep,nonsyn,False,nonada,nonada,nonada
3089GA,3089.0,GA,2,7,1,0.0007639419404125,rep,syn,False,nonada,nonada,nonada
308AT,308.0,AT,3,3,1,0.0007639419404125,mat,nonsyn,False,nonada,nonada,nonada
3090AG,3090.0,AG,2,7,1,0.0007639419404125,rep,nonsyn,False,nonada,nonada,nonada
3090AT,3090.0,AT,2,3,1,0.0007639419404125,rep,nonsyn,False,nonada,nonada,nonada
3091CG,3091.0,CG,1,10,1,0.0007639419404125,rep,nonsyn,False,nonada,nonada,nonada
3091CG,3091.0,CG,2,10,1,0.0007639419404125,rep,nonsyn,False,nonada,nonada,nonada
3091CT,3091.0,CT,1,3,2,0.001527883880825,rep,nonsyn,False,nonada,nonada,nonada
3091CT,3091.0,CT,2,10,1,0.0007639419404125,rep,nonsyn,False,nonada,nonada,nonada
3092GA,3092.0,GA,3,7,1,0.0007639419404125,rep,syn,False,nonada,nonada,nonada
3092GT,3092.0,GT,2,10,1,0.0007639419404125,rep,syn,False,nonada,nonada,nonada
3093GA,3093.0,GA,2,7,1,0.0007639419404125,rep,nonsyn,False,nonada,nonada,nonada
3093GA,3093.0,GA,3,7,2,0.001527883880825,rep,nonsyn,False,nonada,nonada,nonada
3094AG,3094.0,AG,2,7,1,0.0007639419404125,rep,nonsyn,False,nonada,nonada,nonada
3094AG,3094.0,AG,3,3,1,0.0007639419404125,rep,nonsyn,False,nonada,nonada,nonada
3095CA,3095.0,CA,3,3,1,0.0007639419404125,rep,nonsyn,False,nonada,nonada,nonada
3095CT,3095.0,CT,1,10,1,0.0007639419404125,rep,syn,False,nonada,nonada,nonada
3096CT,3096.0,CT,1,10,1,0.0007639419404125,rep,nonsyn,False,nonada,nonada,nonada
3098CA,3098.0,CA,1,3,1,0.0007639419404125,rep,syn,False,nonada,nonada,nonada
3098CT,3098.0,CT,1,3,1,0.0007639419404125,rep,syn,False,nonada,nonada,nonada
3098CT,3098.0,CT,1,7,2,0.001527883880825,rep,syn,False,nonada,nonada,nonada
3098CT,3098.0,CT,2,3,1,0.0007639419404125,rep,syn,False,nonada,nonada,nonada
3098CT,3098.0,CT,2,10,1,0.0007639419404125,rep,syn,False,nonada,nonada,nonada
3098CT,3098.0,CT,3,7,1,0.0007639419404125,rep,syn,False,nonada,nonada,nonada
3099GA,3099.0,GA,1,7,2,0.001527883880825,rep,nonsyn,False,nonada,nonada,nonada
3099GA,3099.0,GA,2,3,2,0.001527883880825,rep,nonsyn,False,nonada,nonada,nonada
309TC,309.0,TC,1,10,2,0.001527883880825,mat,syn,False,nonada,nonada,nonada
309TC,309.0,TC,2,10,1,0.0007639419404125,mat,syn,False,nonada,nonada,nonada
309TC,309.0,TC,3,7,1,0.0007639419404125,mat,syn,False,nonada,nonada,nonada
3100CT,3100.0,CT,3,10,1,0.0007639419404125,rep,nonsyn,False,nonada,nonada,nonada
3101TC,3101.0,TC,1,3,1,0.0007639419404125,rep,syn,False,nonada,nonada,nonada
3101TC,3101.0,TC,2,3,1,0.0007639419404125,rep,syn,False,nonada,nonada,nonada
3101TC,3101.0,TC,2,10,3,0.0022918258212375,rep,syn,False,nonada,nonada,nonada
3101TC,3101.0,TC,3,7,1,0.0007639419404125,rep,syn,False,nonada,nonada,nonada
3102GA,3102.0,GA,1,3,1,0.0007639419404125,rep,nonsyn,False,nonada,nonada,nonada
3102GA,3102.0,GA,1,10,1,0.0007639419404125,rep,nonsyn,False,nonada,nonada,nonada
3102GA,3102.0,GA,3,3,1,0.0007639419404125,rep,nonsyn,False,nonada,nonada,nonada
3103CT,3103.0,CT,1,10,1,0.0007639419404125,rep,nonsyn,False,nonada,nonada,nonada
3104CA,3104.0,CA,1,7,1,0.0007639419404125,rep,syn,False,nonada,nonada,nonada
3104CT,3104.0,CT,1,7,1,0.0007639419404125,rep,syn,False,nonada,nonada,nonada
3104CT,3104.0,CT,3,10,1,0.0007639419404125,rep,syn,False,nonada,nonada,nonada
3105GA,3105.0,GA,1,10,1,0.0007639419404125,rep,nonsyn,False,nonada,nonada,nonada
3105GA,3105.0,GA,2,3,1,0.0007639419404125,rep,nonsyn,False,nonada,nonada,nonada
3108TC,3108.0,TC,2,3,4,0.0030557677616501,rep,nonsyn,False,nonada,nonada,nonada
3108TC,3108.0,TC,3,10,1,0.0007639419404125,rep,nonsyn,False,nonada,nonada,nonada
3109AG,3109.0,AG,1,10,1,0.0007639419404125,rep,nonsyn,False,nonada,nonada,nonada
3110CT,3110.0,CT,2,3,1,0.0007639419404125,rep,syn,False,nonada,nonada,nonada
3110CT,3110.0,CT,3,10,2,0.001527883880825,rep,syn,False,nonada,nonada,nonada
3111TG,3111.0,TG,2,7,1,0.0007639419404125,rep,nonsyn,False,nonada,nonada,nonada
3112AG,3112.0,AG,1,3,1,0.0007639419404125,rep,nonsyn,False,nonada,nonada,nonada
3112AG,3112.0,AG,1,7,1,0.0007639419404125,rep,nonsyn,False,nonada,nonada,nonada
3113CT,3113.0,CT,1,3,1,0.0007639419404125,rep,syn,False,nonada,nonada,nonada
3113CT,3113.0,CT,2,7,2,0.001527883880825,rep,syn,False,nonada,nonada,nonada
3113CT,3113.0,CT,2,10,1,0.0007639419404125,rep,syn,False,nonada,nonada,nonada
3113CT,3113.0,CT,3,3,1,0.0007639419404125,rep,syn,False,nonada,nonada,nonada
3114GA,3114.0,GA,1,7,1,0.0007639419404125,rep,nonsyn,False,nonada,nonada,nonada
3114GA,3114.0,GA,1,10,1,0.0007639419404125,rep,nonsyn,False,nonada,nonada,nonada
3114GA,3114.0,GA,2,10,1,0.0007639419404125,rep,nonsyn,False,nonada,nonada,nonada
3114GA,3114.0,GA,3,10,1,0.0007639419404125,rep,nonsyn,False,nonada,nonada,nonada
3115TC,3115.0,TC,2,3,1,0.0007639419404125,rep,nonsyn,False,nonada,nonada,nonada
3115TC,3115.0,TC,2,7,1,0.0007639419404125,rep,nonsyn,False,nonada,nonada,nonada
3116AG,3116.0,AG,1,3,2,0.001527883880825,rep,syn,False,nonada,nonada,nonada
3116AG,3116.0,AG,1,10,1,0.0007639419404125,rep,syn,False,nonada,nonada,nonada
3118TC,3118.0,TC,1,3,1,0.0007639419404125,rep,nonsyn,False,nonada,nonada,nonada
3118TC,3118.0,TC,1,10,1,0.0007639419404125,rep,nonsyn,False,nonada,nonada,nonada
3118TC,3118.0,TC,2,3,1,0.0007639419404125,rep,nonsyn,False,nonada,nonada,nonada
3118TC,3118.0,TC,2,7,1,0.0007639419404125,rep,nonsyn,False,nonada,nonada,nonada
3118TC,3118.0,TC,3,7,1,0.0007639419404125,rep,nonsyn,False,nonada,nonada,nonada
3118TC,3118.0,TC,3,10,1,0.0007639419404125,rep,nonsyn,False,nonada,nonada,nonada
3118TG,3118.0,TG,2,10,1,0.0007639419404125,rep,nonsyn,False,nonada,nonada,nonada
3119CT,3119.0,CT,2,3,1,0.0007639419404125,rep,syn,False,nonada,nonada,nonada
3119CT,3119.0,CT,2,10,1,0.0007639419404125,rep,syn,False,nonada,nonada,nonada
3119CT,3119.0,CT,3,3,1,0.0007639419404125,rep,syn,False,nonada,nonada,nonada
3119CT,3119.0,CT,3,7,2,0.001527883880825,rep,syn,False,nonada,nonada,nonada
3119CT,3119.0,CT,3,10,1,0.0007639419404125,rep,syn,False,nonada,nonada,nonada
311CT,311.0,CT,1,7,1,0.0007639419404125,mat,nonsyn,False,nonada,nonada,nonada
311CT,311.0,CT,2,7,1,0.0007639419404125,mat,nonsyn,False,nonada,nonada,nonada
3120AG,3120.0,AG,1,10,1,0.0007639419404125,rep,nonsyn,False,nonada,nonada,nonada
3120AG,3120.0,AG,2,3,1,0.0007639419404125,rep,nonsyn,False,nonada,nonada,nonada
3121GA,3121.0,GA,1,3,1,0.0007639419404125,rep,nonsyn,False,nonada,nonada,nonada
3121GA,3121.0,GA,2,10,1,0.0007639419404125,rep,nonsyn,False,nonada,nonada,nonada
3121GC,3121.0,GC,2,10,1,0.0007639419404125,rep,nonsyn,False,nonada,nonada,nonada
3121GC,3121.0,GC,3,10,1,0.0007639419404125,rep,nonsyn,False,nonada,nonada,nonada
3122CA,3122.0,CA,3,7,1,0.0007639419404125,rep,nonsyn,False,nonada,nonada,nonada
3122CT,3122.0,CT,1,7,2,0.001527883880825,rep,syn,False,nonada,nonada,nonada
3122CT,3122.0,CT,2,3,1,0.0007639419404125,rep,syn,False,nonada,nonada,nonada
3122CT,3122.0,CT,3,3,1,0.0007639419404125,rep,syn,False,nonada,nonada,nonada
3123CT,3123.0,CT,3,3,1,0.0007639419404125,rep,nonsyn,False,nonada,nonada,nonada
3125GA,3125.0,GA,1,10,2,0.001527883880825,rep,syn,False,nonada,nonada,nonada
3125GA,3125.0,GA,2,7,1,0.0007639419404125,rep,syn,False,nonada,nonada,nonada
3125GA,3125.0,GA,3,7,1,0.0007639419404125,rep,syn,False,nonada,nonada,nonada
3125GA,3125.0,GA,3,10,3,0.0022918258212375,rep,syn,False,nonada,nonada,nonada
3125GC,3125.0,GC,2,3,1,0.0007639419404125,rep,syn,False,nonada,nonada,nonada
3126CA,3126.0,CA,3,10,2,0.001527883880825,rep,nonsyn,False,nonada,nonada,nonada
3126CT,3126.0,CT,1,10,2,0.001527883880825,rep,nonsyn,False,nonada,nonada,nonada
3126CT,3126.0,CT,2,3,1,0.0007639419404125,rep,nonsyn,False,nonada,nonada,nonada
3126CT,3126.0,CT,2,10,1,0.0007639419404125,rep,nonsyn,False,nonada,nonada,nonada
3126CT,3126.0,CT,3,3,1,0.0007639419404125,rep,nonsyn,False,nonada,nonada,nonada
3127CT,3127.0,CT,1,3,1,0.0007639419404125,rep,nonsyn,False,nonada,nonada,nonada
3127CT,3127.0,CT,2,7,1,0.0007639419404125,rep,nonsyn,False,nonada,nonada,nonada
3128TC,3128.0,TC,2,7,2,0.001527883880825,rep,syn,False,nonada,nonada,nonada
3129AG,3129.0,AG,1,3,1,0.0007639419404125,rep,nonsyn,False,nonada,nonada,nonada
312AG,312.0,AG,2,10,2,0.001527883880825,mat,syn,False,nonada,nonada,nonada
312AT,312.0,AT,2,3,1,0.0007639419404125,mat,syn,False,nonada,nonada,nonada
312AT,312.0,AT,3,3,1,0.0007639419404125,mat,syn,False,nonada,nonada,nonada
3130CA,3130.0,CA,1,3,1,0.0007639419404125,rep,nonsyn,False,nonada,nonada,nonada
3130CT,3130.0,CT,1,3,1,0.0007639419404125,rep,nonsyn,False,nonada,nonada,nonada
3130CT,3130.0,CT,1,10,1,0.0007639419404125,rep,nonsyn,False,nonada,nonada,nonada
3130CT,3130.0,CT,2,3,1,0.0007639419404125,rep,nonsyn,False,nonada,nonada,nonada
3130CT,3130.0,CT,2,7,1,0.0007639419404125,rep,nonsyn,False,nonada,nonada,nonada
3130CT,3130.0,CT,3,3,3,0.0022918258212375,rep,nonsyn,False,nonada,nonada,nonada
3130CT,3130.0,CT,3,7,2,0.001527883880825,rep,nonsyn,False,nonada,nonada,nonada
3130CT,3130.0,CT,3,10,1,0.0007639419404125,rep,nonsyn,False,nonada,nonada,nonada
3131GA,3131.0,GA,1,10,2,0.001527883880825,rep,syn,False,nonada,nonada,nonada
3131GA,3131.0,GA,2,3,1,0.0007639419404125,rep,syn,False,nonada,nonada,nonada
3131GA,3131.0,GA,2,7,2,0.001527883880825,rep,syn,False,nonada,nonada,nonada
3131GA,3131.0,GA,2,10,1,0.0007639419404125,rep,syn,False,nonada,nonada,nonada
3131GA,3131.0,GA,3,3,1,0.0007639419404125,rep,syn,False,nonada,nonada,nonada
3131GA,3131.0,GA,3,10,3,0.0022918258212375,rep,syn,False,nonada,nonada,nonada
3132GA,3132.0,GA,1,7,4,0.0030557677616501,rep,nonsyn,False,nonada,nonada,nonada
3132GA,3132.0,GA,2,3,1,0.0007639419404125,rep,nonsyn,False,nonada,nonada,nonada
3132GT,3132.0,GT,2,7,2,0.001527883880825,rep,nonsyn,False,nonada,nonada,nonada
3132GT,3132.0,GT,2,10,2,0.001527883880825,rep,nonsyn,False,nonada,nonada,nonada
3133CT,3133.0,CT,1,3,1,0.0007639419404125,rep,nonsyn,False,nonada,nonada,nonada
3133CT,3133.0,CT,2,3,3,0.0022918258212375,rep,nonsyn,False,nonada,nonada,nonada
3133CT,3133.0,CT,2,7,1,0.0007639419404125,rep,nonsyn,False,nonada,nonada,nonada
3133CT,3133.0,CT,3,3,1,0.0007639419404125,rep,nonsyn,False,nonada,nonada,nonada
3134AG,3134.0,AG,1,7,2,0.001527883880825,rep,syn,False,nonada,nonada,nonada
3134AG,3134.0,AG,1,10,1,0.0007639419404125,rep,syn,False,nonada,nonada,nonada
3134AG,3134.0,AG,3,7,2,0.001527883880825,rep,syn,False,nonada,nonada,nonada
3135GA,3135.0,GA,2,3,1,0.0007639419404125,rep,nonsyn,False,nonada,nonada,nonada
3135GA,3135.0,GA,2,10,1,0.0007639419404125,rep,nonsyn,False,nonada,nonada,nonada
3135GA,3135.0,GA,3,3,1,0.0007639419404125,rep,nonsyn,False,nonada,nonada,nonada
3135GA,3135.0,GA,3,7,1,0.0007639419404125,rep,nonsyn,False,nonada,nonada,nonada
3135GA,3135.0,GA,3,10,2,0.001527883880825,rep,nonsyn,False,nonada,nonada,nonada
3136TC,3136.0,TC,1,3,1,0.0007639419404125,rep,nonsyn,False,nonada,nonada,nonada
3136TC,3136.0,TC,2,3,2,0.001527883880825,rep,nonsyn,False,nonada,nonada,nonada
3136TC,3136.0,TC,2,10,1,0.0007639419404125,rep,nonsyn,False,nonada,nonada,nonada
3136TC,3136.0,TC,3,3,2,0.001527883880825,rep,nonsyn,False,nonada,nonada,nonada
3136TC,3136.0,TC,3,7,1,0.0007639419404125,rep,nonsyn,False,nonada,nonada,nonada
3136TC,3136.0,TC,3,10,1,0.0007639419404125,rep,nonsyn,False,nonada,nonada,nonada
3136TG,3136.0,TG,2,7,1,0.0007639419404125,rep,nonsyn,False,nonada,nonada,nonada
3137CT,3137.0,CT,1,3,1,0.0007639419404125,rep,syn,False,nonada,nonada,nonada
3137CT,3137.0,CT,2,10,3,0.0022918258212375,rep,syn,False,nonada,nonada,nonada
3137CT,3137.0,CT,3,7,2,0.001527883880825,rep,syn,False,nonada,nonada,nonada
3138TC,3138.0,TC,1,7,1,0.0007639419404125,rep,nonsyn,False,nonada,nonada,nonada
3138TC,3138.0,TC,2,3,2,0.001527883880825,rep,nonsyn,False,nonada,nonada,nonada
3138TC,3138.0,TC,2,7,1,0.0007639419404125,rep,nonsyn,False,nonada,nonada,nonada
3138TC,3138.0,TC,3,3,1,0.0007639419404125,rep,nonsyn,False,nonada,nonada,nonada
3138TG,3138.0,TG,1,10,1,0.0007639419404125,rep,nonsyn,False,nonada,nonada,nonada
3138TG,3138.0,TG,3,3,1,0.0007639419404125,rep,nonsyn,False,nonada,nonada,nonada
313CT,313.0,CT,3,7,1,0.0007639419404125,mat,nonsyn,False,nonada,nonada,nonada
313CT,313.0,CT,3,10,1,0.0007639419404125,mat,nonsyn,False,nonada,nonada,nonada
3140GA,3140.0,GA,1,10,1,0.0007639419404125,rep,syn,False,nonada,nonada,nonada
3140GA,3140.0,GA,2,7,1,0.0007639419404125,rep,syn,False,nonada,nonada,nonada
3140GA,3140.0,GA,3,7,2,0.001527883880825,rep,syn,False,nonada,nonada,nonada
3140GA,3140.0,GA,3,10,2,0.001527883880825,rep,syn,False,nonada,nonada,nonada
3141GA,3141.0,GA,1,7,1,0.0007639419404125,rep,nonsyn,False,nonada,nonada,nonada
3141GA,3141.0,GA,1,10,2,0.001527883880825,rep,nonsyn,False,nonada,nonada,nonada
3141GA,3141.0,GA,2,3,1,0.0007639419404125,rep,nonsyn,False,nonada,nonada,nonada
3141GA,3141.0,GA,3,3,1,0.0007639419404125,rep,nonsyn,False,nonada,nonada,nonada
3142TC,3142.0,TC,1,10,1,0.0007639419404125,rep,nonsyn,False,nonada,nonada,nonada
3143AG,3143.0,AG,1,3,1,0.0007639419404125,rep,syn,False,nonada,nonada,nonada
3143AG,3143.0,AG,1,10,1,0.0007639419404125,rep,syn,False,nonada,nonada,nonada
3143AG,3143.0,AG,2,3,1,0.0007639419404125,rep,syn,False,nonada,nonada,nonada
3143AG,3143.0,AG,2,7,2,0.001527883880825,rep,syn,False,nonada,nonada,nonada
3143AG,3143.0,AG,3,3,1,0.0007639419404125,rep,syn,False,nonada,nonada,nonada
3143AG,3143.0,AG,3,7,1,0.0007639419404125,rep,syn,False,nonada,nonada,nonada
3144TC,3144.0,TC,1,7,1,0.0007639419404125,rep,nonsyn,False,nonada,nonada,nonada
3144TC,3144.0,TC,2,7,1,0.0007639419404125,rep,nonsyn,False,nonada,nonada,nonada
3146CT,3146.0,CT,1,10,1,0.0007639419404125,rep,syn,False,nonada,nonada,nonada
3146CT,3146.0,CT,3,3,1,0.0007639419404125,rep,syn,False,nonada,nonada,nonada
3146CT,3146.0,CT,3,7,1,0.0007639419404125,rep,syn,False,nonada,nonada,nonada
3146CT,3146.0,CT,3,10,2,0.001527883880825,rep,syn,False,nonada,nonada,nonada
3147AG,3147.0,AG,2,3,1,0.0007639419404125,rep,nonsyn,False,nonada,nonada,nonada
3147AG,3147.0,AG,3,10,3,0.0022918258212375,rep,nonsyn,False,nonada,nonada,nonada
3147AT,3147.0,AT,3,7,1,0.0007639419404125,rep,nonsyn,False,nonada,nonada,nonada
3148CT,3148.0,CT,2,3,1,0.0007639419404125,rep,nonsyn,False,nonada,nonada,nonada
3148CT,3148.0,CT,3,7,1,0.0007639419404125,rep,nonsyn,False,nonada,nonada,nonada
3148CT,3148.0,CT,3,10,1,0.0007639419404125,rep,nonsyn,False,nonada,nonada,nonada
3149CA,3149.0,CA,1,3,1,0.0007639419404125,rep,syn,False,nonada,nonada,nonada
3149CT,3149.0,CT,1,3,2,0.001527883880825,rep,syn,False,nonada,nonada,nonada
3149CT,3149.0,CT,2,3,3,0.0022918258212375,rep,syn,False,nonada,nonada,nonada
3149CT,3149.0,CT,2,7,2,0.001527883880825,rep,syn,False,nonada,nonada,nonada
3149CT,3149.0,CT,2,10,1,0.0007639419404125,rep,syn,False,nonada,nonada,nonada
3149CT,3149.0,CT,3,3,1,0.0007639419404125,rep,syn,False,nonada,nonada,nonada
3149CT,3149.0,CT,3,10,2,0.001527883880825,rep,syn,False,nonada,nonada,nonada
314GA,314.0,GA,1,7,2,0.001527883880825,mat,nonsyn,False,nonada,nonada,nonada
314GA,314.0,GA,3,3,1,0.0007639419404125,mat,nonsyn,False,nonada,nonada,nonada
314GA,314.0,GA,3,7,1,0.0007639419404125,mat,nonsyn,False,nonada,nonada,nonada
314GC,314.0,GC,3,10,1,0.0007639419404125,mat,nonsyn,False,nonada,nonada,nonada
3150AG,3150.0,AG,1,7,1,0.0007639419404125,rep,nonsyn,False,nonada,nonada,nonada
3150AG,3150.0,AG,2,7,1,0.0007639419404125,rep,nonsyn,False,nonada,nonada,nonada
3150AG,3150.0,AG,2,10,1,0.0007639419404125,rep,nonsyn,False,nonada,nonada,nonada
3150AG,3150.0,AG,3,3,1,0.0007639419404125,rep,nonsyn,False,nonada,nonada,nonada
3151AG,3151.0,AG,1,3,1,0.0007639419404125,rep,nonsyn,False,nonada,nonada,nonada
3151AG,3151.0,AG,1,10,1,0.0007639419404125,rep,nonsyn,False,nonada,nonada,nonada
3152GA,3152.0,GA,1,3,1,0.0007639419404125,rep,syn,False,nonada,nonada,nonada
3152GA,3152.0,GA,1,7,1,0.0007639419404125,rep,syn,False,nonada,nonada,nonada
3152GA,3152.0,GA,2,3,1,0.0007639419404125,rep,syn,False,nonada,nonada,nonada
3152GA,3152.0,GA,2,10,1,0.0007639419404125,rep,syn,False,nonada,nonada,nonada
3153AG,3153.0,AG,1,7,1,0.0007639419404125,rep,nonsyn,False,nonada,nonada,nonada
3153AG,3153.0,AG,2,3,1,0.0007639419404125,rep,nonsyn,False,nonada,nonada,nonada
3153AG,3153.0,AG,3,7,1,0.0007639419404125,rep,nonsyn,False,nonada,nonada,nonada
3153AG,3153.0,AG,3,10,1,0.0007639419404125,rep,nonsyn,False,nonada,nonada,nonada
3154CT,3154.0,CT,2,7,1,0.0007639419404125,rep,nonsyn,False,nonada,nonada,nonada
3155TA,3155.0,TA,3,7,1,0.0007639419404125,rep,syn,False,nonada,nonada,nonada
3155TC,3155.0,TC,1,7,1,0.0007639419404125,rep,syn,False,nonada,nonada,nonada
3155TC,3155.0,TC,2,3,2,0.001527883880825,rep,syn,False,nonada,nonada,nonada
3155TC,3155.0,TC,2,7,1,0.0007639419404125,rep,syn,False,nonada,nonada,nonada
3155TC,3155.0,TC,2,10,3,0.0022918258212375,rep,syn,False,nonada,nonada,nonada
3155TC,3155.0,TC,3,3,2,0.001527883880825,rep,syn,False,nonada,nonada,nonada
3155TC,3155.0,TC,3,10,2,0.001527883880825,rep,syn,False,nonada,nonada,nonada
3155TG,3155.0,TG,2,10,1,0.0007639419404125,rep,syn,False,nonada,nonada,nonada
3156CA,3156.0,CA,2,3,1,0.0007639419404125,rep,nonsyn,False,nonada,nonada,nonada
3156CT,3156.0,CT,1,10,1,0.0007639419404125,rep,nonsyn,False,nonada,nonada,nonada
3156CT,3156.0,CT,2,3,1,0.0007639419404125,rep,nonsyn,False,nonada,nonada,nonada
3156CT,3156.0,CT,3,3,1,0.0007639419404125,rep,nonsyn,False,nonada,nonada,nonada
3156CT,3156.0,CT,3,7,1,0.0007639419404125,rep,nonsyn,False,nonada,nonada,nonada
3157CA,3157.0,CA,3,10,1,0.0007639419404125,rep,nonsyn,False,nonada,nonada,nonada
3157CT,3157.0,CT,1,3,1,0.0007639419404125,rep,nonsyn,False,nonada,nonada,nonada
3157CT,3157.0,CT,2,10,1,0.0007639419404125,rep,nonsyn,False,nonada,nonada,nonada
3157CT,3157.0,CT,3,3,1,0.0007639419404125,rep,nonsyn,False,nonada,nonada,nonada
3157CT,3157.0,CT,3,7,1,0.0007639419404125,rep,nonsyn,False,nonada,nonada,nonada
3157CT,3157.0,CT,3,10,1,0.0007639419404125,rep,nonsyn,False,nonada,nonada,nonada
3158GA,3158.0,GA,1,3,1,0.0007639419404125,rep,syn,False,nonada,nonada,nonada
3158GA,3158.0,GA,1,7,2,0.001527883880825,rep,syn,False,nonada,nonada,nonada
3158GA,3158.0,GA,1,10,3,0.0022918258212375,rep,syn,False,nonada,nonada,nonada
3158GA,3158.0,GA,3,3,1,0.0007639419404125,rep,syn,False,nonada,nonada,nonada
3158GA,3158.0,GA,3,7,3,0.0022918258212375,rep,syn,False,nonada,nonada,nonada
3158GA,3158.0,GA,3,10,1,0.0007639419404125,rep,syn,False,nonada,nonada,nonada
3158GC,3158.0,GC,3,3,1,0.0007639419404125,rep,syn,False,nonada,nonada,nonada
3158GT,3158.0,GT,3,7,1,0.0007639419404125,rep,syn,False,nonada,nonada,nonada
3159TC,3159.0,TC,1,3,2,0.001527883880825,rep,nonsyn,False,nonada,nonada,nonada
3159TC,3159.0,TC,1,7,1,0.0007639419404125,rep,nonsyn,False,nonada,nonada,nonada
3159TC,3159.0,TC,2,3,1,0.0007639419404125,rep,nonsyn,False,nonada,nonada,nonada
3159TC,3159.0,TC,2,7,2,0.001527883880825,rep,nonsyn,False,nonada,nonada,nonada
3159TC,3159.0,TC,3,3,2,0.001527883880825,rep,nonsyn,False,nonada,nonada,nonada
315GA,315.0,GA,1,10,2,0.001527883880825,mat,syn,False,nonada,nonada,nonada
315GA,315.0,GA,2,3,1,0.0007639419404125,mat,syn,False,nonada,nonada,nonada
315GA,315.0,GA,2,10,1,0.0007639419404125,mat,syn,False,nonada,nonada,nonada
315GA,315.0,GA,3,7,1,0.0007639419404125,mat,syn,False,nonada,nonada,nonada
315GA,315.0,GA,3,10,1,0.0007639419404125,mat,syn,False,nonada,nonada,nonada
3160AG,3160.0,AG,2,3,1,0.0007639419404125,rep,nonsyn,False,nonada,nonada,nonada
3160AG,3160.0,AG,2,10,2,0.001527883880825,rep,nonsyn,False,nonada,nonada,nonada
3160AG,3160.0,AG,3,7,2,0.001527883880825,rep,nonsyn,False,nonada,nonada,nonada
3160AT,3160.0,AT,1,3,1,0.0007639419404125,rep,nonsyn,False,nonada,nonada,nonada
3161CT,3161.0,CT,1,10,3,0.0022918258212375,rep,syn,False,nonada,nonada,nonada
3161CT,3161.0,CT,2,3,2,0.001527883880825,rep,syn,False,nonada,nonada,nonada
3161CT,3161.0,CT,2,7,3,0.0022918258212375,rep,syn,False,nonada,nonada,nonada
3161CT,3161.0,CT,2,10,2,0.001527883880825,rep,syn,False,nonada,nonada,nonada
3161CT,3161.0,CT,3,7,3,0.0022918258212375,rep,syn,False,nonada,nonada,nonada
3161CT,3161.0,CT,3,10,1,0.0007639419404125,rep,syn,False,nonada,nonada,nonada
3162GA,3162.0,GA,1,7,2,0.001527883880825,rep,nonsyn,False,nonada,nonada,nonada
3162GA,3162.0,GA,2,7,2,0.001527883880825,rep,nonsyn,False,nonada,nonada,nonada
3162GA,3162.0,GA,3,10,1,0.0007639419404125,rep,nonsyn,False,nonada,nonada,nonada
3163GA,3163.0,GA,1,7,1,0.0007639419404125,rep,nonsyn,False,nonada,nonada,nonada
3163GA,3163.0,GA,2,10,1,0.0007639419404125,rep,nonsyn,False,nonada,nonada,nonada
3163GA,3163.0,GA,3,3,1,0.0007639419404125,rep,nonsyn,False,nonada,nonada,nonada
3163GT,3163.0,GT,1,3,1,0.0007639419404125,rep,nonsyn,False,nonada,nonada,nonada
3163GT,3163.0,GT,3,10,1,0.0007639419404125,rep,nonsyn,False,nonada,nonada,nonada
3164GA,3164.0,GA,2,3,2,0.001527883880825,rep,syn,False,nonada,nonada,nonada
3164GA,3164.0,GA,2,7,1,0.0007639419404125,rep,syn,False,nonada,nonada,nonada
3164GA,3164.0,GA,3,10,1,0.0007639419404125,rep,syn,False,nonada,nonada,nonada
3164GC,3164.0,GC,1,10,1,0.0007639419404125,rep,syn,False,nonada,nonada,nonada
3164GT,3164.0,GT,3,3,1,0.0007639419404125,rep,syn,False,nonada,nonada,nonada
3165CT,3165.0,CT,1,3,2,0.001527883880825,rep,nonsyn,False,nonada,nonada,nonada
3165CT,3165.0,CT,2,3,1,0.0007639419404125,rep,nonsyn,False,nonada,nonada,nonada
3166GA,3166.0,GA,1,3,1,0.0007639419404125,rep,nonsyn,False,nonada,nonada,nonada
3166GA,3166.0,GA,3,7,1,0.0007639419404125,rep,nonsyn,False,nonada,nonada,nonada
3166GT,3166.0,GT,1,10,1,0.0007639419404125,rep,nonsyn,False,nonada,nonada,nonada
3167GA,3167.0,GA,2,3,2,0.001527883880825,rep,syn,False,nonada,nonada,nonada
3167GA,3167.0,GA,2,7,1,0.0007639419404125,rep,syn,False,nonada,nonada,nonada
3167GA,3167.0,GA,3,7,1,0.0007639419404125,rep,syn,False,nonada,nonada,nonada
3168CA,3168.0,CA,1,7,1,0.0007639419404125,rep,nonsyn,False,nonada,nonada,nonada
3168CA,3168.0,CA,3,7,1,0.0007639419404125,rep,nonsyn,False,nonada,nonada,nonada
3168CA,3168.0,CA,3,10,1,0.0007639419404125,rep,nonsyn,False,nonada,nonada,nonada
3168CG,3168.0,CG,1,10,1,0.0007639419404125,rep,nonsyn,False,nonada,nonada,nonada
3168CT,3168.0,CT,1,7,2,0.001527883880825,rep,syn,False,nonada,nonada,nonada
3168CT,3168.0,CT,2,3,2,0.001527883880825,rep,syn,False,nonada,nonada,nonada
3168CT,3168.0,CT,2,7,1,0.0007639419404125,rep,syn,False,nonada,nonada,nonada
3168CT,3168.0,CT,2,10,2,0.001527883880825,rep,syn,False,nonada,nonada,nonada
3168CT,3168.0,CT,3,3,1,0.0007639419404125,rep,syn,False,nonada,nonada,nonada
3169TC,3169.0,TC,1,3,1,0.0007639419404125,rep,nonsyn,False,nonada,nonada,nonada
3169TC,3169.0,TC,3,7,1,0.0007639419404125,rep,nonsyn,False,nonada,nonada,nonada
3169TG,3169.0,TG,1,3,1,0.0007639419404125,rep,nonsyn,False,nonada,nonada,nonada
316GA,316.0,GA,1,10,1,0.0007639419404125,mat,nonsyn,False,nonada,nonada,nonada
316GA,316.0,GA,2,7,1,0.0007639419404125,mat,nonsyn,False,nonada,nonada,nonada
316GA,316.0,GA,3,3,1,0.0007639419404125,mat,nonsyn,False,nonada,nonada,nonada
316GA,316.0,GA,3,7,1,0.0007639419404125,mat,nonsyn,False,nonada,nonada,nonada
316GT,316.0,GT,1,3,1,0.0007639419404125,mat,nonsyn,False,nonada,nonada,nonada
3170GA,3170.0,GA,1,7,2,0.001527883880825,rep,syn,False,nonada,nonada,nonada
3170GA,3170.0,GA,1,10,1,0.0007639419404125,rep,syn,False,nonada,nonada,nonada
3170GA,3170.0,GA,2,3,1,0.0007639419404125,rep,syn,False,nonada,nonada,nonada
3170GA,3170.0,GA,2,7,1,0.0007639419404125,rep,syn,False,nonada,nonada,nonada
3170GA,3170.0,GA,2,10,1,0.0007639419404125,rep,syn,False,nonada,nonada,nonada
3170GA,3170.0,GA,3,3,1,0.0007639419404125,rep,syn,False,nonada,nonada,nonada
3170GA,3170.0,GA,3,7,1,0.0007639419404125,rep,syn,False,nonada,nonada,nonada
3171CA,3171.0,CA,1,3,1,0.0007639419404125,rep,nonsyn,False,nonada,nonada,nonada
3171CT,3171.0,CT,1,10,2,0.001527883880825,rep,nonsyn,False,nonada,nonada,nonada
3172TC,3172.0,TC,1,3,1,0.0007639419404125,rep,nonsyn,False,nonada,nonada,nonada
3172TC,3172.0,TC,1,7,1,0.0007639419404125,rep,nonsyn,False,nonada,nonada,nonada
3172TC,3172.0,TC,2,7,1,0.0007639419404125,rep,nonsyn,False,nonada,nonada,nonada
3173CT,3173.0,CT,1,3,1,0.0007639419404125,rep,syn,False,nonada,nonada,nonada
3173CT,3173.0,CT,1,7,1,0.0007639419404125,rep,syn,False,nonada,nonada,nonada
3173CT,3173.0,CT,1,10,1,0.0007639419404125,rep,syn,False,nonada,nonada,nonada
3173CT,3173.0,CT,2,3,1,0.0007639419404125,rep,syn,False,nonada,nonada,nonada
3173CT,3173.0,CT,2,7,1,0.0007639419404125,rep,syn,False,nonada,nonada,nonada
3173CT,3173.0,CT,2,10,1,0.0007639419404125,rep,syn,False,nonada,nonada,nonada
3173CT,3173.0,CT,3,7,1,0.0007639419404125,rep,syn,False,nonada,nonada,nonada
3173CT,3173.0,CT,3,10,2,0.001527883880825,rep,syn,False,nonada,nonada,nonada
3174GA,3174.0,GA,2,3,1,0.0007639419404125,rep,nonsyn,False,nonada,nonada,nonada
3174GT,3174.0,GT,3,10,1,0.0007639419404125,rep,nonsyn,False,nonada,nonada,nonada
3175CT,3175.0,CT,2,3,1,0.0007639419404125,rep,nonsyn,False,nonada,nonada,nonada
3175CT,3175.0,CT,2,7,1,0.0007639419404125,rep,nonsyn,False,nonada,nonada,nonada
3175CT,3175.0,CT,3,10,1,0.0007639419404125,rep,nonsyn,False,nonada,nonada,nonada
3176GA,3176.0,GA,1,7,1,0.0007639419404125,rep,syn,False,nonada,nonada,nonada
3176GA,3176.0,GA,2,10,1,0.0007639419404125,rep,syn,False,nonada,nonada,nonada
3176GA,3176.0,GA,3,3,1,0.0007639419404125,rep,syn,False,nonada,nonada,nonada
3176GA,3176.0,GA,3,7,1,0.0007639419404125,rep,syn,False,nonada,nonada,nonada
3176GA,3176.0,GA,3,10,7,0.0053475935828877,rep,syn,False,nonada,nonada,nonada
3176GT,3176.0,GT,2,7,1,0.0007639419404125,rep,syn,False,nonada,nonada,nonada
3177GA,3177.0,GA,1,7,1,0.0007639419404125,rep,nonsyn,False,nonada,nonada,nonada
3177GA,3177.0,GA,2,7,1,0.0007639419404125,rep,nonsyn,False,nonada,nonada,nonada
3177GA,3177.0,GA,2,10,1,0.0007639419404125,rep,nonsyn,False,nonada,nonada,nonada
3178AG,3178.0,AG,1,10,1,0.0007639419404125,rep,nonsyn,False,nonada,nonada,nonada
3178AG,3178.0,AG,3,10,2,0.001527883880825,rep,nonsyn,False,nonada,nonada,nonada
3179TC,3179.0,TC,1,3,2,0.001527883880825,rep,syn,False,nonada,nonada,nonada
3179TC,3179.0,TC,1,7,1,0.0007639419404125,rep,syn,False,nonada,nonada,nonada
3179TC,3179.0,TC,2,3,1,0.0007639419404125,rep,syn,False,nonada,nonada,nonada
3179TC,3179.0,TC,2,7,1,0.0007639419404125,rep,syn,False,nonada,nonada,nonada
3179TC,3179.0,TC,2,10,1,0.0007639419404125,rep,syn,False,nonada,nonada,nonada
3179TC,3179.0,TC,3,7,3,0.0022918258212375,rep,syn,False,nonada,nonada,nonada
3179TC,3179.0,TC,3,10,1,0.0007639419404125,rep,syn,False,nonada,nonada,nonada
317GA,317.0,GA,1,3,1,0.0007639419404125,mat,nonsyn,False,nonada,nonada,nonada
317GA,317.0,GA,3,3,1,0.0007639419404125,mat,nonsyn,False,nonada,nonada,nonada
317GA,317.0,GA,3,7,1,0.0007639419404125,mat,nonsyn,False,nonada,nonada,nonada
317GT,317.0,GT,1,3,1,0.0007639419404125,mat,nonsyn,False,nonada,nonada,nonada
3180AG,3180.0,AG,1,10,1,0.0007639419404125,rep,nonsyn,False,nonada,nonada,nonada
3181CT,3181.0,CT,1,7,2,0.001527883880825,rep,nonsyn,False,nonada,nonada,nonada
3181CT,3181.0,CT,3,7,1,0.0007639419404125,rep,nonsyn,False,nonada,nonada,nonada
3182CT,3182.0,CT,2,7,1,0.0007639419404125,rep,syn,False,nonada,nonada,nonada
3182CT,3182.0,CT,3,7,1,0.0007639419404125,rep,syn,False,nonada,nonada,nonada
3182CT,3182.0,CT,3,10,1,0.0007639419404125,rep,syn,False,nonada,nonada,nonada
3184GA,3184.0,GA,2,7,1,0.0007639419404125,rep,nonsyn,False,nonada,nonada,nonada
3184GA,3184.0,GA,3,7,1,0.0007639419404125,rep,nonsyn,False,nonada,nonada,nonada
3184GA,3184.0,GA,3,10,1,0.0007639419404125,rep,nonsyn,False,nonada,nonada,nonada
3185TC,3185.0,TC,1,3,2,0.001527883880825,rep,syn,False,nonada,nonada,nonada
3185TC,3185.0,TC,1,7,2,0.001527883880825,rep,syn,False,nonada,nonada,nonada
3185TC,3185.0,TC,1,10,1,0.0007639419404125,rep,syn,False,nonada,nonada,nonada
3185TC,3185.0,TC,2,3,1,0.0007639419404125,rep,syn,False,nonada,nonada,nonada
3185TC,3185.0,TC,2,10,1,0.0007639419404125,rep,syn,False,nonada,nonada,nonada
3185TC,3185.0,TC,3,7,1,0.0007639419404125,rep,syn,False,nonada,nonada,nonada
3186AG,3186.0,AG,1,3,1,0.0007639419404125,rep,nonsyn,False,nonada,nonada,nonada
3186AG,3186.0,AG,2,3,1,0.0007639419404125,rep,nonsyn,False,nonada,nonada,nonada
3187CT,3187.0,CT,1,7,1,0.0007639419404125,rep,nonsyn,False,nonada,nonada,nonada
3187CT,3187.0,CT,1,10,1,0.0007639419404125,rep,nonsyn,False,nonada,nonada,nonada
3187CT,3187.0,CT,2,10,1,0.0007639419404125,rep,nonsyn,False,nonada,nonada,nonada
3187CT,3187.0,CT,3,3,1,0.0007639419404125,rep,nonsyn,False,nonada,nonada,nonada
3188CT,3188.0,CT,1,7,1,0.0007639419404125,rep,syn,False,nonada,nonada,nonada
3188CT,3188.0,CT,3,3,2,0.001527883880825,rep,syn,False,nonada,nonada,nonada
3189TC,3189.0,TC,2,10,1,0.0007639419404125,rep,nonsyn,False,nonada,nonada,nonada
318GA,318.0,GA,1,10,4,0.0030557677616501,mat,syn,False,nonada,nonada,nonada
318GA,318.0,GA,2,7,2,0.001527883880825,mat,syn,False,nonada,nonada,nonada
318GA,318.0,GA,3,3,1,0.0007639419404125,mat,syn,False,nonada,nonada,nonada
318GA,318.0,GA,3,7,1,0.0007639419404125,mat,syn,False,nonada,nonada,nonada
318GA,318.0,GA,3,10,2,0.001527883880825,mat,syn,False,nonada,nonada,nonada
3190CG,3190.0,CG,1,10,1,0.0007639419404125,rep,nonsyn,False,nonada,nonada,nonada
3190CT,3190.0,CT,3,7,1,0.0007639419404125,rep,nonsyn,False,nonada,nonada,nonada
3191GA,3191.0,GA,1,3,1,0.0007639419404125,rep,syn,False,nonada,nonada,nonada
3191GA,3191.0,GA,2,7,1,0.0007639419404125,rep,syn,False,nonada,nonada,nonada
3191GA,3191.0,GA,3,3,1,0.0007639419404125,rep,syn,False,nonada,nonada,nonada
3191GA,3191.0,GA,3,10,1,0.0007639419404125,rep,syn,False,nonada,nonada,nonada
3191GT,3191.0,GT,2,3,1,0.0007639419404125,rep,syn,False,nonada,nonada,nonada
3192GA,3192.0,GA,2,3,1,0.0007639419404125,rep,nonsyn,False,nonada,nonada,nonada
3192GA,3192.0,GA,3,10,1,0.0007639419404125,rep,nonsyn,False,nonada,nonada,nonada
3193GA,3193.0,GA,1,10,1,0.0007639419404125,rep,nonsyn,False,nonada,nonada,nonada
3193GC,3193.0,GC,3,3,1,0.0007639419404125,rep,nonsyn,False,nonada,nonada,nonada
3193GT,3193.0,GT,1,3,16,0.0122230710466004,rep,nonsyn,False,nonada,nonada,ada
3193GT,3193.0,GT,1,7,9,0.0068754774637127,rep,nonsyn,False,nonada,nonada,nonada
3193GT,3193.0,GT,1,10,9,0.0068754774637127,rep,nonsyn,False,nonada,nonada,nonada
3193GT,3193.0,GT,2,3,18,0.0137509549274255,rep,nonsyn,False,nonada,nonada,ada
3193GT,3193.0,GT,2,7,10,0.0076394194041252,rep,nonsyn,False,nonada,nonada,nonada
3193GT,3193.0,GT,2,10,13,0.0099312452253628,rep,nonsyn,False,nonada,nonada,nonada
3193GT,3193.0,GT,3,3,14,0.0106951871657754,rep,nonsyn,False,nonada,nonada,ada
3193GT,3193.0,GT,3,7,10,0.0076394194041252,rep,nonsyn,False,nonada,nonada,nonada
3193GT,3193.0,GT,3,10,6,0.0045836516424751,rep,nonsyn,False,nonada,nonada,nonada
3194TC,3194.0,TC,1,3,3,0.0022918258212375,rep,syn,False,nonada,nonada,nonada
3194TC,3194.0,TC,1,7,1,0.0007639419404125,rep,syn,False,nonada,nonada,nonada
3194TC,3194.0,TC,1,10,1,0.0007639419404125,rep,syn,False,nonada,nonada,nonada
3194TC,3194.0,TC,2,7,3,0.0022918258212375,rep,syn,False,nonada,nonada,nonada
3194TC,3194.0,TC,3,7,1,0.0007639419404125,rep,syn,False,nonada,nonada,nonada
3195TC,3195.0,TC,1,10,1,0.0007639419404125,rep,nonsyn,False,nonada,nonada,nonada
3195TC,3195.0,TC,2,7,1,0.0007639419404125,rep,nonsyn,False,nonada,nonada,nonada
3195TC,3195.0,TC,3,3,1,0.0007639419404125,rep,nonsyn,False,nonada,nonada,nonada
3195TC,3195.0,TC,3,7,1,0.0007639419404125,rep,nonsyn,False,nonada,nonada,nonada
3196TC,3196.0,TC,1,3,2,0.001527883880825,rep,nonsyn,False,nonada,nonada,nonada
3196TC,3196.0,TC,1,7,1,0.0007639419404125,rep,nonsyn,False,nonada,nonada,nonada
3196TC,3196.0,TC,1,10,1,0.0007639419404125,rep,nonsyn,False,nonada,nonada,nonada
3196TC,3196.0,TC,2,7,1,0.0007639419404125,rep,nonsyn,False,nonada,nonada,nonada
3196TC,3196.0,TC,2,10,2,0.001527883880825,rep,nonsyn,False,nonada,nonada,nonada
3196TG,3196.0,TG,3,3,1,0.0007639419404125,rep,nonsyn,False,nonada,nonada,nonada
3197CT,3197.0,CT,1,3,1,0.0007639419404125,rep,syn,False,nonada,nonada,nonada
3197CT,3197.0,CT,1,7,1,0.0007639419404125,rep,syn,False,nonada,nonada,nonada
3197CT,3197.0,CT,3,7,1,0.0007639419404125,rep,syn,False,nonada,nonada,nonada
3198CT,3198.0,CT,2,10,1,0.0007639419404125,rep,nonsyn,False,nonada,nonada,nonada
3198CT,3198.0,CT,3,7,1,0.0007639419404125,rep,nonsyn,False,nonada,nonada,nonada
3199GA,3199.0,GA,2,10,1,0.0007639419404125,rep,nonsyn,False,nonada,nonada,nonada
3199GA,3199.0,GA,3,7,1,0.0007639419404125,rep,nonsyn,False,nonada,nonada,nonada
319GA,319.0,GA,1,7,1,0.0007639419404125,mat,nonsyn,False,nonada,nonada,nonada
319GA,319.0,GA,3,10,1,0.0007639419404125,mat,nonsyn,False,nonada,nonada,nonada
3200TA,3200.0,TA,1,7,1,0.0007639419404125,rep,syn,False,nonada,nonada,nonada
3200TA,3200.0,TA,2,3,1,0.0007639419404125,rep,syn,False,nonada,nonada,nonada
3200TC,3200.0,TC,1,7,1,0.0007639419404125,rep,syn,False,nonada,nonada,nonada
3200TC,3200.0,TC,1,10,1,0.0007639419404125,rep,syn,False,nonada,nonada,nonada
3200TC,3200.0,TC,3,10,3,0.0022918258212375,rep,syn,False,nonada,nonada,nonada
3202TA,3202.0,TA,1,3,1,0.0007639419404125,rep,nonsyn,False,nonada,nonada,nonada
3202TC,3202.0,TC,1,7,1,0.0007639419404125,rep,nonsyn,False,nonada,nonada,nonada
3203TC,3203.0,TC,1,3,1,0.0007639419404125,rep,syn,False,nonada,nonada,nonada
3203TC,3203.0,TC,1,7,1,0.0007639419404125,rep,syn,False,nonada,nonada,nonada
3203TC,3203.0,TC,2,10,3,0.0022918258212375,rep,syn,False,nonada,nonada,nonada
3203TC,3203.0,TC,3,3,2,0.001527883880825,rep,syn,False,nonada,nonada,nonada
3204GA,3204.0,GA,1,10,1,0.0007639419404125,rep,nonsyn,False,nonada,nonada,nonada
3204GA,3204.0,GA,3,3,1,0.0007639419404125,rep,nonsyn,False,nonada,nonada,nonada
3204GA,3204.0,GA,3,7,1,0.0007639419404125,rep,nonsyn,False,nonada,nonada,nonada
3204GA,3204.0,GA,3,10,1,0.0007639419404125,rep,nonsyn,False,nonada,nonada,nonada
3204GT,3204.0,GT,3,7,1,0.0007639419404125,rep,nonsyn,False,nonada,nonada,nonada
3205CT,3205.0,CT,3,10,1,0.0007639419404125,rep,nonsyn,False,nonada,nonada,nonada
3206TC,3206.0,TC,1,7,1,0.0007639419404125,rep,syn,False,nonada,nonada,nonada
3206TC,3206.0,TC,2,7,2,0.001527883880825,rep,syn,False,nonada,nonada,nonada
3206TC,3206.0,TC,3,3,1,0.0007639419404125,rep,syn,False,nonada,nonada,nonada
3207CT,3207.0,CT,1,3,1,0.0007639419404125,rep,nonsyn,False,nonada,nonada,nonada
3207CT,3207.0,CT,3,10,1,0.0007639419404125,rep,nonsyn,False,nonada,nonada,nonada
3208GA,3208.0,GA,1,3,1,0.0007639419404125,rep,nonsyn,False,nonada,nonada,nonada
3209TC,3209.0,TC,1,3,2,0.001527883880825,rep,syn,False,nonada,nonada,nonada
3209TC,3209.0,TC,1,7,2,0.001527883880825,rep,syn,False,nonada,nonada,nonada
3209TC,3209.0,TC,1,10,1,0.0007639419404125,rep,syn,False,nonada,nonada,nonada
3209TC,3209.0,TC,2,10,1,0.0007639419404125,rep,syn,False,nonada,nonada,nonada
3209TC,3209.0,TC,3,3,2,0.001527883880825,rep,syn,False,nonada,nonada,nonada
3209TC,3209.0,TC,3,7,3,0.0022918258212375,rep,syn,False,nonada,nonada,nonada
3209TC,3209.0,TC,3,10,4,0.0030557677616501,rep,syn,False,nonada,nonada,nonada
320CT,320.0,CT,2,3,3,0.0022918258212375,mat,nonsyn,False,nonada,nonada,nonada
320CT,320.0,CT,2,7,1,0.0007639419404125,mat,nonsyn,False,nonada,nonada,nonada
320CT,320.0,CT,2,10,1,0.0007639419404125,mat,nonsyn,False,nonada,nonada,nonada
320CT,320.0,CT,3,10,1,0.0007639419404125,mat,nonsyn,False,nonada,nonada,nonada
3210AG,3210.0,AG,1,7,1,0.0007639419404125,rep,nonsyn,False,nonada,nonada,nonada
3210AG,3210.0,AG,2,3,2,0.001527883880825,rep,nonsyn,False,nonada,nonada,nonada
3210AG,3210.0,AG,3,7,1,0.0007639419404125,rep,nonsyn,False,nonada,nonada,nonada
3210AG,3210.0,AG,3,10,1,0.0007639419404125,rep,nonsyn,False,nonada,nonada,nonada
3211TC,3211.0,TC,1,7,1,0.0007639419404125,rep,nonsyn,False,nonada,nonada,nonada
3211TC,3211.0,TC,1,10,1,0.0007639419404125,rep,nonsyn,False,nonada,nonada,nonada
3212CT,3212.0,CT,1,3,1,0.0007639419404125,rep,syn,False,nonada,nonada,nonada
3212CT,3212.0,CT,1,10,2,0.001527883880825,rep,syn,False,nonada,nonada,nonada
3212CT,3212.0,CT,3,7,1,0.0007639419404125,rep,syn,False,nonada,nonada,nonada
3212CT,3212.0,CT,3,10,1,0.0007639419404125,rep,syn,False,nonada,nonada,nonada
3213GA,3213.0,GA,1,7,1,0.0007639419404125,rep,nonsyn,False,nonada,nonada,nonada
3213GA,3213.0,GA,2,3,2,0.001527883880825,rep,nonsyn,False,nonada,nonada,nonada
3213GA,3213.0,GA,2,7,1,0.0007639419404125,rep,nonsyn,False,nonada,nonada,nonada
3213GA,3213.0,GA,3,10,1,0.0007639419404125,rep,nonsyn,False,nonada,nonada,nonada
3214CT,3214.0,CT,3,3,1,0.0007639419404125,rep,nonsyn,False,nonada,nonada,nonada
3215TC,3215.0,TC,2,10,1,0.0007639419404125,rep,syn,False,nonada,nonada,nonada
3215TC,3215.0,TC,3,7,1,0.0007639419404125,rep,syn,False,nonada,nonada,nonada
3215TC,3215.0,TC,3,10,2,0.001527883880825,rep,syn,False,nonada,nonada,nonada
3215TG,3215.0,TG,3,10,1,0.0007639419404125,rep,syn,False,nonada,nonada,nonada
3216CA,3216.0,CA,2,3,1,0.0007639419404125,rep,syn,False,nonada,nonada,nonada
3216CG,3216.0,CG,1,7,1,0.0007639419404125,rep,nonsyn,False,nonada,nonada,nonada
3216CT,3216.0,CT,3,7,2,0.001527883880825,rep,nonsyn,True,nonada,nonada,nonada
3217GA,3217.0,GA,1,10,1,0.0007639419404125,rep,nonsyn,False,nonada,nonada,nonada
3217GA,3217.0,GA,3,7,1,0.0007639419404125,rep,nonsyn,False,nonada,nonada,nonada
3217GT,3217.0,GT,1,3,1,0.0007639419404125,rep,nonsyn,False,nonada,nonada,nonada
3218AG,3218.0,AG,1,3,1,0.0007639419404125,rep,syn,False,nonada,nonada,nonada
3218AG,3218.0,AG,1,7,1,0.0007639419404125,rep,syn,False,nonada,nonada,nonada
3218AG,3218.0,AG,2,3,1,0.0007639419404125,rep,syn,False,nonada,nonada,nonada
3218AG,3218.0,AG,2,7,1,0.0007639419404125,rep,syn,False,nonada,nonada,nonada
3218AG,3218.0,AG,3,10,4,0.0030557677616501,rep,syn,False,nonada,nonada,nonada
321GA,321.0,GA,1,7,1,0.0007639419404125,mat,syn,False,nonada,nonada,nonada
321GA,321.0,GA,2,7,2,0.001527883880825,mat,syn,False,nonada,nonada,nonada
321GA,321.0,GA,3,7,1,0.0007639419404125,mat,syn,False,nonada,nonada,nonada
321GA,321.0,GA,3,10,1,0.0007639419404125,mat,syn,False,nonada,nonada,nonada
3220AG,3220.0,AG,3,7,1,0.0007639419404125,rep,nonsyn,False,nonada,nonada,nonada
3220AT,3220.0,AT,2,3,1,0.0007639419404125,rep,nonsyn,False,nonada,nonada,nonada
3222CT,3222.0,CT,1,7,1,0.0007639419404125,rep,nonsyn,False,nonada,nonada,nonada
3223GA,3223.0,GA,1,3,2,0.001527883880825,rep,nonsyn,False,nonada,nonada,nonada
3223GA,3223.0,GA,1,7,1,0.0007639419404125,rep,nonsyn,False,nonada,nonada,nonada
3223GA,3223.0,GA,1,10,2,0.001527883880825,rep,nonsyn,False,nonada,nonada,nonada
3223GA,3223.0,GA,2,10,1,0.0007639419404125,rep,nonsyn,False,nonada,nonada,nonada
3224CT,3224.0,CT,1,3,2,0.001527883880825,rep,syn,False,nonada,nonada,nonada
3224CT,3224.0,CT,2,3,1,0.0007639419404125,rep,syn,False,nonada,nonada,nonada
3224CT,3224.0,CT,2,7,1,0.0007639419404125,rep,syn,False,nonada,nonada,nonada
3224CT,3224.0,CT,2,10,4,0.0030557677616501,rep,syn,False,nonada,nonada,nonada
3224CT,3224.0,CT,3,7,3,0.0022918258212375,rep,syn,False,nonada,nonada,nonada
3224CT,3224.0,CT,3,10,4,0.0030557677616501,rep,syn,False,nonada,nonada,nonada
3225AG,3225.0,AG,1,7,1,0.0007639419404125,rep,nonsyn,False,nonada,nonada,nonada
3225AG,3225.0,AG,1,10,1,0.0007639419404125,rep,nonsyn,False,nonada,nonada,nonada
3225AG,3225.0,AG,3,3,1,0.0007639419404125,rep,nonsyn,False,nonada,nonada,nonada
3225AT,3225.0,AT,3,10,1,0.0007639419404125,rep,nonsyn,True,nonada,nonada,nonada
3226AC,3226.0,AC,1,3,1,0.0007639419404125,rep,nonsyn,False,nonada,nonada,nonada
3226AC,3226.0,AC,2,3,1,0.0007639419404125,rep,nonsyn,False,nonada,nonada,nonada
3226AC,3226.0,AC,2,10,1,0.0007639419404125,rep,nonsyn,False,nonada,nonada,nonada
3226AG,3226.0,AG,1,10,2,0.001527883880825,rep,nonsyn,False,nonada,nonada,nonada
3226AG,3226.0,AG,2,10,1,0.0007639419404125,rep,nonsyn,False,nonada,nonada,nonada
3227GA,3227.0,GA,1,7,2,0.001527883880825,rep,syn,False,nonada,nonada,nonada
3227GT,3227.0,GT,2,10,1,0.0007639419404125,rep,nonsyn,False,nonada,nonada,nonada
3228TC,3228.0,TC,1,3,1,0.0007639419404125,rep,nonsyn,False,nonada,nonada,nonada
3228TC,3228.0,TC,2,10,1,0.0007639419404125,rep,nonsyn,False,nonada,nonada,nonada
3229TC,3229.0,TC,1,7,1,0.0007639419404125,rep,nonsyn,False,nonada,nonada,nonada
3229TG,3229.0,TG,2,3,1,0.0007639419404125,rep,nonsyn,False,nonada,nonada,nonada
322TC,322.0,TC,1,10,1,0.0007639419404125,mat,syn,False,nonada,nonada,nonada
322TC,322.0,TC,3,3,1,0.0007639419404125,mat,syn,False,nonada,nonada,nonada
322TC,322.0,TC,3,7,1,0.0007639419404125,mat,syn,False,nonada,nonada,nonada
322TG,322.0,TG,1,10,1,0.0007639419404125,mat,nonsyn,False,nonada,nonada,nonada
322TG,322.0,TG,2,10,1,0.0007639419404125,mat,nonsyn,False,nonada,nonada,nonada
3230CT,3230.0,CT,1,10,1,0.0007639419404125,rep,syn,False,nonada,nonada,nonada
3230CT,3230.0,CT,2,3,1,0.0007639419404125,rep,syn,False,nonada,nonada,nonada
3230CT,3230.0,CT,2,7,1,0.0007639419404125,rep,syn,False,nonada,nonada,nonada
3231TC,3231.0,TC,1,7,1,0.0007639419404125,rep,nonsyn,False,nonada,nonada,nonada
3231TG,3231.0,TG,2,3,1,0.0007639419404125,rep,nonsyn,False,nonada,nonada,nonada
3231TG,3231.0,TG,3,3,1,0.0007639419404125,rep,nonsyn,False,nonada,nonada,nonada
3232TC,3232.0,TC,1,7,1,0.0007639419404125,rep,nonsyn,False,nonada,nonada,nonada
3232TC,3232.0,TC,2,7,1,0.0007639419404125,rep,nonsyn,False,nonada,nonada,nonada
3232TC,3232.0,TC,3,10,1,0.0007639419404125,rep,nonsyn,False,nonada,nonada,nonada
3233CA,3233.0,CA,3,3,1,0.0007639419404125,rep,nonsyn,False,nonada,nonada,nonada
3233CT,3233.0,CT,1,7,3,0.0022918258212375,rep,syn,False,nonada,nonada,nonada
3233CT,3233.0,CT,1,10,1,0.0007639419404125,rep,syn,False,nonada,nonada,nonada
3233CT,3233.0,CT,2,7,2,0.001527883880825,rep,syn,False,nonada,nonada,nonada
3233CT,3233.0,CT,3,7,2,0.001527883880825,rep,syn,False,nonada,nonada,nonada
3233CT,3233.0,CT,3,10,4,0.0030557677616501,rep,syn,False,nonada,nonada,nonada
3234AG,3234.0,AG,1,3,1,0.0007639419404125,rep,nonsyn,False,nonada,nonada,nonada
3234AG,3234.0,AG,2,7,2,0.001527883880825,rep,nonsyn,False,nonada,nonada,nonada
3234AG,3234.0,AG,2,10,1,0.0007639419404125,rep,nonsyn,False,nonada,nonada,nonada
3235GA,3235.0,GA,1,7,1,0.0007639419404125,rep,nonsyn,False,nonada,nonada,nonada
3235GA,3235.0,GA,2,7,1,0.0007639419404125,rep,nonsyn,False,nonada,nonada,nonada
3235GA,3235.0,GA,2,10,1,0.0007639419404125,rep,nonsyn,False,nonada,nonada,nonada
3235GA,3235.0,GA,3,10,1,0.0007639419404125,rep,nonsyn,False,nonada,nonada,nonada
3236CT,3236.0,CT,1,10,1,0.0007639419404125,rep,syn,False,nonada,nonada,nonada
3236CT,3236.0,CT,2,3,2,0.001527883880825,rep,syn,False,nonada,nonada,nonada
3236CT,3236.0,CT,3,3,1,0.0007639419404125,rep,syn,False,nonada,nonada,nonada
3236CT,3236.0,CT,3,10,1,0.0007639419404125,rep,syn,False,nonada,nonada,nonada
3237GA,3237.0,GA,1,3,1,0.0007639419404125,rep,nonsyn,False,nonada,nonada,nonada
3237GA,3237.0,GA,1,7,3,0.0022918258212375,rep,nonsyn,False,nonada,nonada,nonada
3237GA,3237.0,GA,1,10,1,0.0007639419404125,rep,nonsyn,False,nonada,nonada,nonada
3237GA,3237.0,GA,2,3,8,0.0061115355233002,rep,nonsyn,False,nonada,nonada,nonada
3237GA,3237.0,GA,2,7,7,0.0053475935828877,rep,nonsyn,False,nonada,nonada,nonada
3237GA,3237.0,GA,2,10,1,0.0007639419404125,rep,nonsyn,False,nonada,nonada,nonada
3237GA,3237.0,GA,3,3,3,0.0022918258212375,rep,nonsyn,False,nonada,nonada,nonada
3237GA,3237.0,GA,3,7,6,0.0045836516424751,rep,nonsyn,False,nonada,nonada,nonada
3237GA,3237.0,GA,3,10,4,0.0030557677616501,rep,nonsyn,False,nonada,nonada,nonada
3238AC,3238.0,AC,2,3,1,0.0007639419404125,rep,nonsyn,False,nonada,nonada,nonada
3238AG,3238.0,AG,1,3,2,0.001527883880825,rep,nonsyn,False,nonada,nonada,nonada
3238AG,3238.0,AG,1,10,1,0.0007639419404125,rep,nonsyn,False,nonada,nonada,nonada
3238AG,3238.0,AG,2,3,2,0.001527883880825,rep,nonsyn,False,nonada,nonada,nonada
3238AG,3238.0,AG,3,10,1,0.0007639419404125,rep,nonsyn,False,nonada,nonada,nonada
3239AG,3239.0,AG,1,7,1,0.0007639419404125,rep,syn,False,nonada,nonada,nonada
3239AG,3239.0,AG,1,10,1,0.0007639419404125,rep,syn,False,nonada,nonada,nonada
3239AG,3239.0,AG,2,7,1,0.0007639419404125,rep,syn,False,nonada,nonada,nonada
3239AG,3239.0,AG,3,3,1,0.0007639419404125,rep,syn,False,nonada,nonada,nonada
3239AT,3239.0,AT,3,7,1,0.0007639419404125,rep,nonsyn,False,nonada,nonada,nonada
323TC,323.0,TC,2,7,1,0.0007639419404125,mat,nonsyn,False,nonada,nonada,nonada
3240AC,3240.0,AC,2,10,1,0.0007639419404125,rep,nonsyn,False,nonada,nonada,nonada
3241AG,3241.0,AG,2,7,1,0.0007639419404125,rep,nonsyn,False,nonada,nonada,nonada
3241AG,3241.0,AG,3,10,1,0.0007639419404125,rep,nonsyn,False,nonada,nonada,nonada
3242GA,3242.0,GA,1,10,1,0.0007639419404125,rep,syn,False,nonada,nonada,nonada
3242GT,3242.0,GT,1,7,1,0.0007639419404125,rep,nonsyn,False,nonada,nonada,nonada
3243CT,3243.0,CT,3,7,1,0.0007639419404125,rep,nonsyn,False,nonada,nonada,nonada
3243CT,3243.0,CT,3,10,1,0.0007639419404125,rep,nonsyn,False,nonada,nonada,nonada
3244AG,3244.0,AG,2,10,1,0.0007639419404125,rep,nonsyn,False,nonada,nonada,nonada
3245CT,3245.0,CT,1,3,1,0.0007639419404125,rep,syn,False,nonada,nonada,nonada
3245CT,3245.0,CT,1,7,1,0.0007639419404125,rep,syn,False,nonada,nonada,nonada
3245CT,3245.0,CT,2,10,3,0.0022918258212375,rep,syn,False,nonada,nonada,nonada
3245CT,3245.0,CT,3,10,2,0.001527883880825,rep,syn,False,nonada,nonada,nonada
3247AT,3247.0,AT,1,10,1,0.0007639419404125,rep,nonsyn,False,nonada,nonada,nonada
3248CT,3248.0,CT,1,10,1,0.0007639419404125,rep,syn,False,nonada,nonada,nonada
3248CT,3248.0,CT,2,10,1,0.0007639419404125,rep,syn,False,nonada,nonada,nonada
3248CT,3248.0,CT,3,7,1,0.0007639419404125,rep,syn,False,nonada,nonada,nonada
3248CT,3248.0,CT,3,10,1,0.0007639419404125,rep,syn,False,nonada,nonada,nonada
3249AG,3249.0,AG,3,3,1,0.0007639419404125,rep,nonsyn,False,nonada,nonada,nonada
324AG,324.0,AG,1,3,1,0.0007639419404125,mat,syn,False,nonada,nonada,nonada
324AG,324.0,AG,1,10,3,0.0022918258212375,mat,syn,False,nonada,nonada,nonada
324AG,324.0,AG,2,3,2,0.001527883880825,mat,syn,False,nonada,nonada,nonada
324AG,324.0,AG,2,10,1,0.0007639419404125,mat,syn,False,nonada,nonada,nonada
3250GA,3250.0,GA,2,10,1,0.0007639419404125,rep,nonsyn,False,nonada,nonada,nonada
3250GA,3250.0,GA,3,10,1,0.0007639419404125,rep,nonsyn,False,nonada,nonada,nonada
3251TC,3251.0,TC,3,10,1,0.0007639419404125,rep,syn,False,nonada,nonada,nonada
3251TG,3251.0,TG,3,3,1,0.0007639419404125,rep,nonsyn,False,nonada,nonada,nonada
3252GT,3252.0,GT,1,3,1,0.0007639419404125,rep,nonsyn,False,nonada,nonada,nonada
3253GA,3253.0,GA,1,3,1,0.0007639419404125,rep,nonsyn,False,nonada,nonada,nonada
3253GA,3253.0,GA,1,7,1,0.0007639419404125,rep,nonsyn,False,nonada,nonada,nonada
3253GA,3253.0,GA,1,10,1,0.0007639419404125,rep,nonsyn,False,nonada,nonada,nonada
3253GA,3253.0,GA,2,10,1,0.0007639419404125,rep,nonsyn,False,nonada,nonada,nonada
3254TC,3254.0,TC,2,3,2,0.001527883880825,rep,syn,False,nonada,nonada,nonada
3255CT,3255.0,CT,1,3,2,0.001527883880825,rep,nonsyn,False,nonada,nonada,nonada
3255CT,3255.0,CT,1,7,1,0.0007639419404125,rep,nonsyn,False,nonada,nonada,nonada
3255CT,3255.0,CT,1,10,2,0.001527883880825,rep,nonsyn,False,nonada,nonada,nonada
3255CT,3255.0,CT,2,3,1,0.0007639419404125,rep,nonsyn,False,nonada,nonada,nonada
3256GA,3256.0,GA,1,10,2,0.001527883880825,rep,nonsyn,False,nonada,nonada,nonada
3256GA,3256.0,GA,2,7,1,0.0007639419404125,rep,nonsyn,False,nonada,nonada,nonada
3256GA,3256.0,GA,3,3,1,0.0007639419404125,rep,nonsyn,False,nonada,nonada,nonada
3256GA,3256.0,GA,3,7,2,0.001527883880825,rep,nonsyn,False,nonada,nonada,nonada
3257CA,3257.0,CA,2,10,1,0.0007639419404125,rep,syn,False,nonada,nonada,nonada
3257CT,3257.0,CT,1,7,1,0.0007639419404125,rep,syn,False,nonada,nonada,nonada
3258TC,3258.0,TC,1,3,2,0.001527883880825,rep,nonsyn,False,nonada,nonada,nonada
3258TC,3258.0,TC,1,7,1,0.0007639419404125,rep,nonsyn,False,nonada,nonada,nonada
3258TC,3258.0,TC,2,3,1,0.0007639419404125,rep,nonsyn,False,nonada,nonada,nonada
3259AG,3259.0,AG,1,7,1,0.0007639419404125,rep,nonsyn,False,nonada,nonada,nonada
325AG,325.0,AG,1,10,1,0.0007639419404125,mat,nonsyn,False,nonada,nonada,nonada
325AG,325.0,AG,2,3,1,0.0007639419404125,mat,nonsyn,False,nonada,nonada,nonada
3260CT,3260.0,CT,2,3,2,0.001527883880825,rep,syn,False,nonada,nonada,nonada
3260CT,3260.0,CT,2,10,1,0.0007639419404125,rep,syn,False,nonada,nonada,nonada
3260CT,3260.0,CT,3,7,2,0.001527883880825,rep,syn,False,nonada,nonada,nonada
3260CT,3260.0,CT,3,10,2,0.001527883880825,rep,syn,False,nonada,nonada,nonada
3264GT,3264.0,GT,3,7,1,0.0007639419404125,rep,nonsyn,False,nonada,nonada,nonada
3265CT,3265.0,CT,3,7,1,0.0007639419404125,rep,nonsyn,False,nonada,nonada,nonada
3266GA,3266.0,GA,1,3,1,0.0007639419404125,rep,syn,False,nonada,nonada,nonada
3266GA,3266.0,GA,2,7,1,0.0007639419404125,rep,syn,False,nonada,nonada,nonada
3266GA,3266.0,GA,2,10,1,0.0007639419404125,rep,syn,False,nonada,nonada,nonada
3266GA,3266.0,GA,3,3,1,0.0007639419404125,rep,syn,False,nonada,nonada,nonada
3268GC,3268.0,GC,1,3,1,0.0007639419404125,rep,nonsyn,False,nonada,nonada,nonada
3268GT,3268.0,GT,3,7,1,0.0007639419404125,rep,nonsyn,False,nonada,nonada,nonada
3269GA,3269.0,GA,2,7,1,0.0007639419404125,rep,nonsyn,True,nonada,nonada,nonada
3269GT,3269.0,GT,1,3,1,0.0007639419404125,rep,nonsyn,False,nonada,nonada,nonada
3269GT,3269.0,GT,3,3,1,0.0007639419404125,rep,nonsyn,False,nonada,nonada,nonada
326GA,326.0,GA,1,7,1,0.0007639419404125,mat,nonsyn,False,nonada,nonada,nonada
326GA,326.0,GA,1,10,1,0.0007639419404125,mat,nonsyn,False,nonada,nonada,nonada
326GA,326.0,GA,2,3,1,0.0007639419404125,mat,nonsyn,False,nonada,nonada,nonada
326GT,326.0,GT,1,10,1,0.0007639419404125,mat,nonsyn,False,nonada,nonada,nonada
3270TC,3270.0,TC,1,7,1,0.0007639419404125,rep,nonsyn,False,nonada,nonada,nonada
3270TC,3270.0,TC,3,3,1,0.0007639419404125,rep,nonsyn,False,nonada,nonada,nonada
3271TC,3271.0,TC,3,10,1,0.0007639419404125,rep,nonsyn,False,nonada,nonada,nonada
3273CT,3273.0,CT,1,7,1,0.0007639419404125,rep,nonsyn,False,nonada,nonada,nonada
3275TA,3275.0,TA,3,7,1,0.0007639419404125,rep,nonsyn,False,nonada,nonada,nonada
3275TC,3275.0,TC,1,3,1,0.0007639419404125,rep,syn,False,nonada,nonada,nonada
3275TC,3275.0,TC,3,7,1,0.0007639419404125,rep,syn,False,nonada,nonada,nonada
3276AG,3276.0,AG,3,10,1,0.0007639419404125,rep,nonsyn,False,nonada,nonada,nonada
3277CT,3277.0,CT,1,7,1,0.0007639419404125,rep,nonsyn,False,nonada,nonada,nonada
3277CT,3277.0,CT,3,7,1,0.0007639419404125,rep,nonsyn,False,nonada,nonada,nonada
3278TG,3278.0,TG,1,7,1,0.0007639419404125,rep,syn,False,nonada,nonada,nonada
3278TG,3278.0,TG,3,3,1,0.0007639419404125,rep,syn,False,nonada,nonada,nonada
3279GA,3279.0,GA,1,7,1,0.0007639419404125,rep,nonsyn,False,nonada,nonada,nonada
3279GA,3279.0,GA,1,10,1,0.0007639419404125,rep,nonsyn,False,nonada,nonada,nonada
3279GA,3279.0,GA,2,3,1,0.0007639419404125,rep,nonsyn,False,nonada,nonada,nonada
3279GA,3279.0,GA,3,10,2,0.001527883880825,rep,nonsyn,False,nonada,nonada,nonada
327TC,327.0,TC,1,3,3,0.0022918258212375,mat,syn,False,nonada,nonada,nonada
327TC,327.0,TC,1,7,2,0.001527883880825,mat,syn,False,nonada,nonada,nonada
327TC,327.0,TC,1,10,1,0.0007639419404125,mat,syn,False,nonada,nonada,nonada
327TC,327.0,TC,2,7,1,0.0007639419404125,mat,syn,False,nonada,nonada,nonada
327TC,327.0,TC,2,10,1,0.0007639419404125,mat,syn,False,nonada,nonada,nonada
327TC,327.0,TC,3,3,1,0.0007639419404125,mat,syn,False,nonada,nonada,nonada
327TC,327.0,TC,3,7,1,0.0007639419404125,mat,syn,False,nonada,nonada,nonada
327TC,327.0,TC,3,10,1,0.0007639419404125,mat,syn,False,nonada,nonada,nonada
3280GT,3280.0,GT,1,10,1,0.0007639419404125,rep,nonsyn,False,nonada,nonada,nonada
3280GT,3280.0,GT,3,7,1,0.0007639419404125,rep,nonsyn,False,nonada,nonada,nonada
3281AG,3281.0,AG,2,10,1,0.0007639419404125,rep,syn,False,nonada,nonada,nonada
3282GA,3282.0,GA,1,7,1,0.0007639419404125,rep,nonsyn,False,nonada,nonada,nonada
3282GA,3282.0,GA,3,3,1,0.0007639419404125,rep,nonsyn,False,nonada,nonada,nonada
3283GA,3283.0,GA,1,3,1,0.0007639419404125,rep,nonsyn,False,nonada,nonada,nonada
3283GA,3283.0,GA,1,7,3,0.0022918258212375,rep,nonsyn,False,nonada,nonada,nonada
3283GA,3283.0,GA,3,10,1,0.0007639419404125,rep,nonsyn,False,nonada,nonada,nonada
3283GT,3283.0,GT,1,10,1,0.0007639419404125,rep,nonsyn,False,nonada,nonada,nonada
3284TC,3284.0,TC,1,3,1,0.0007639419404125,rep,syn,False,nonada,nonada,nonada
3284TC,3284.0,TC,1,7,2,0.001527883880825,rep,syn,False,nonada,nonada,nonada
3284TC,3284.0,TC,3,7,1,0.0007639419404125,rep,syn,False,nonada,nonada,nonada
3285GA,3285.0,GA,1,3,7,0.0053475935828877,rep,nonsyn,False,nonada,nonada,nonada
3285GA,3285.0,GA,1,7,2,0.001527883880825,rep,nonsyn,False,nonada,nonada,nonada
3285GA,3285.0,GA,1,10,5,0.0038197097020626,rep,nonsyn,False,nonada,nonada,nonada
3285GA,3285.0,GA,2,3,2,0.001527883880825,rep,nonsyn,False,nonada,nonada,nonada
3285GA,3285.0,GA,2,7,4,0.0030557677616501,rep,nonsyn,False,nonada,nonada,nonada
3285GA,3285.0,GA,2,10,4,0.0030557677616501,rep,nonsyn,False,nonada,nonada,nonada
3285GA,3285.0,GA,3,3,3,0.0022918258212375,rep,nonsyn,False,nonada,nonada,nonada
3285GA,3285.0,GA,3,7,2,0.001527883880825,rep,nonsyn,False,nonada,nonada,nonada
3285GA,3285.0,GA,3,10,1,0.0007639419404125,rep,nonsyn,False,nonada,nonada,nonada
3286AG,3286.0,AG,1,3,1,0.0007639419404125,rep,nonsyn,False,nonada,nonada,nonada
3286AG,3286.0,AG,1,7,1,0.0007639419404125,rep,nonsyn,False,nonada,nonada,nonada
3286AG,3286.0,AG,2,10,1,0.0007639419404125,rep,nonsyn,False,nonada,nonada,nonada
3286AT,3286.0,AT,2,7,1,0.0007639419404125,rep,nonsyn,False,nonada,nonada,nonada
3287AG,3287.0,AG,1,7,1,0.0007639419404125,rep,syn,False,nonada,nonada,nonada
3287AG,3287.0,AG,1,10,2,0.001527883880825,rep,syn,False,nonada,nonada,nonada
3287AG,3287.0,AG,2,7,1,0.0007639419404125,rep,syn,False,nonada,nonada,nonada
3287AG,3287.0,AG,2,10,1,0.0007639419404125,rep,syn,False,nonada,nonada,nonada
3287AG,3287.0,AG,3,10,1,0.0007639419404125,rep,syn,False,nonada,nonada,nonada
3289TC,3289.0,TC,1,10,1,0.0007639419404125,rep,nonsyn,False,nonada,nonada,nonada
3289TC,3289.0,TC,3,7,2,0.001527883880825,rep,nonsyn,False,nonada,nonada,nonada
328GA,328.0,GA,1,3,1,0.0007639419404125,mat,nonsyn,False,nonada,nonada,nonada
328GA,328.0,GA,2,3,2,0.001527883880825,mat,nonsyn,False,nonada,nonada,nonada
328GA,328.0,GA,3,7,1,0.0007639419404125,mat,nonsyn,False,nonada,nonada,nonada
3290CT,3290.0,CT,1,7,2,0.001527883880825,rep,syn,False,nonada,nonada,nonada
3290CT,3290.0,CT,1,10,1,0.0007639419404125,rep,syn,False,nonada,nonada,nonada
3290CT,3290.0,CT,2,3,1,0.0007639419404125,rep,syn,False,nonada,nonada,nonada
3292CA,3292.0,CA,1,10,1,0.0007639419404125,rep,nonsyn,False,nonada,nonada,nonada
3292CT,3292.0,CT,1,10,1,0.0007639419404125,rep,nonsyn,False,nonada,nonada,nonada
3292CT,3292.0,CT,2,3,1,0.0007639419404125,rep,nonsyn,False,nonada,nonada,nonada
3293CT,3293.0,CT,1,3,1,0.0007639419404125,rep,syn,False,nonada,nonada,nonada
3293CT,3293.0,CT,2,7,1,0.0007639419404125,rep,syn,False,nonada,nonada,nonada
3294GA,3294.0,GA,1,7,1,0.0007639419404125,rep,nonsyn,False,nonada,nonada,nonada
3294GA,3294.0,GA,2,3,1,0.0007639419404125,rep,nonsyn,False,nonada,nonada,nonada
3296CT,3296.0,CT,1,3,1,0.0007639419404125,rep,syn,False,nonada,nonada,nonada
3296CT,3296.0,CT,2,10,1,0.0007639419404125,rep,syn,False,nonada,nonada,nonada
3296CT,3296.0,CT,3,7,1,0.0007639419404125,rep,syn,False,nonada,nonada,nonada
3296CT,3296.0,CT,3,10,1,0.0007639419404125,rep,syn,False,nonada,nonada,nonada
3297AG,3297.0,AG,1,7,1,0.0007639419404125,rep,nonsyn,False,nonada,nonada,nonada
3298GA,3298.0,GA,1,10,1,0.0007639419404125,rep,nonsyn,False,nonada,nonada,nonada
329TC,329.0,TC,2,7,2,0.001527883880825,mat,nonsyn,False,nonada,nonada,nonada
329TC,329.0,TC,3,3,1,0.0007639419404125,mat,nonsyn,False,nonada,nonada,nonada
329TC,329.0,TC,3,10,1,0.0007639419404125,mat,nonsyn,False,nonada,nonada,nonada
329TG,329.0,TG,1,7,1,0.0007639419404125,mat,nonsyn,False,nonada,nonada,nonada
3301TC,3301.0,TC,1,3,1,0.0007639419404125,rep,nonsyn,False,nonada,nonada,nonada
3301TC,3301.0,TC,1,10,1,0.0007639419404125,rep,nonsyn,False,nonada,nonada,nonada
3301TC,3301.0,TC,2,10,1,0.0007639419404125,rep,nonsyn,False,nonada,nonada,nonada
3302GA,3302.0,GA,1,3,2,0.001527883880825,rep,nonsyn,False,nonada,nonada,nonada
3302GA,3302.0,GA,2,7,1,0.0007639419404125,rep,nonsyn,False,nonada,nonada,nonada
3303AG,3303.0,AG,1,10,2,0.001527883880825,rep,nonsyn,False,nonada,nonada,nonada
3303AG,3303.0,AG,2,3,1,0.0007639419404125,rep,nonsyn,False,nonada,nonada,nonada
3306TG,3306.0,TG,2,3,1,0.0007639419404125,rep,nonsyn,False,nonada,nonada,nonada
3307CT,3307.0,CT,1,3,1,0.0007639419404125,rep,nonsyn,False,nonada,nonada,nonada
3307CT,3307.0,CT,1,7,1,0.0007639419404125,rep,nonsyn,False,nonada,nonada,nonada
3308CT,3308.0,CT,1,3,1,0.0007639419404125,rep,syn,False,nonada,nonada,nonada
3309GA,3309.0,GA,1,7,1,0.0007639419404125,rep,nonsyn,False,nonada,nonada,nonada
3309GA,3309.0,GA,2,7,1,0.0007639419404125,rep,nonsyn,False,nonada,nonada,nonada
3309GA,3309.0,GA,3,3,1,0.0007639419404125,rep,nonsyn,False,nonada,nonada,nonada
3310CT,3310.0,CT,1,7,1,0.0007639419404125,rep,nonsyn,False,nonada,nonada,nonada
3310CT,3310.0,CT,2,10,1,0.0007639419404125,rep,nonsyn,False,nonada,nonada,nonada
3310CT,3310.0,CT,3,3,1,0.0007639419404125,rep,nonsyn,False,nonada,nonada,nonada
3311CT,3311.0,CT,1,3,1,0.0007639419404125,rep,syn,False,nonada,nonada,nonada
3311CT,3311.0,CT,1,10,1,0.0007639419404125,rep,syn,False,nonada,nonada,nonada
3311CT,3311.0,CT,2,7,1,0.0007639419404125,rep,syn,False,nonada,nonada,nonada
3311CT,3311.0,CT,2,10,1,0.0007639419404125,rep,syn,False,nonada,nonada,nonada
3311CT,3311.0,CT,3,3,2,0.001527883880825,rep,syn,False,nonada,nonada,nonada
3311CT,3311.0,CT,3,7,2,0.001527883880825,rep,syn,False,nonada,nonada,nonada
3311CT,3311.0,CT,3,10,1,0.0007639419404125,rep,syn,False,nonada,nonada,nonada
3312GA,3312.0,GA,1,7,1,0.0007639419404125,rep,nonsyn,False,nonada,nonada,nonada
3312GA,3312.0,GA,1,10,1,0.0007639419404125,rep,nonsyn,False,nonada,nonada,nonada
3312GA,3312.0,GA,2,10,1,0.0007639419404125,rep,nonsyn,False,nonada,nonada,nonada
3312GA,3312.0,GA,3,10,1,0.0007639419404125,rep,nonsyn,False,nonada,nonada,nonada
3313GA,3313.0,GA,3,3,1,0.0007639419404125,rep,nonsyn,False,nonada,nonada,nonada
3313GA,3313.0,GA,3,7,1,0.0007639419404125,rep,nonsyn,False,nonada,nonada,nonada
3314CT,3314.0,CT,2,3,1,0.0007639419404125,rep,syn,False,nonada,nonada,nonada
3314CT,3314.0,CT,2,7,1,0.0007639419404125,rep,syn,False,nonada,nonada,nonada
3314CT,3314.0,CT,2,10,1,0.0007639419404125,rep,syn,False,nonada,nonada,nonada
3314CT,3314.0,CT,3,7,2,0.001527883880825,rep,syn,False,nonada,nonada,nonada
3314CT,3314.0,CT,3,10,3,0.0022918258212375,rep,syn,False,nonada,nonada,nonada
3315GA,3315.0,GA,1,3,1,0.0007639419404125,rep,nonsyn,False,nonada,nonada,nonada
3315GA,3315.0,GA,3,7,1,0.0007639419404125,rep,nonsyn,False,nonada,nonada,nonada
3315GA,3315.0,GA,3,10,1,0.0007639419404125,rep,nonsyn,False,nonada,nonada,nonada
3316TC,3316.0,TC,1,7,3,0.0022918258212375,rep,nonsyn,False,nonada,nonada,nonada
3316TC,3316.0,TC,1,10,1,0.0007639419404125,rep,nonsyn,False,nonada,nonada,nonada
3316TC,3316.0,TC,3,3,1,0.0007639419404125,rep,nonsyn,False,nonada,nonada,nonada
3316TC,3316.0,TC,3,10,1,0.0007639419404125,rep,nonsyn,False,nonada,nonada,nonada
3316TG,3316.0,TG,1,10,1,0.0007639419404125,rep,nonsyn,False,nonada,nonada,nonada
3316TG,3316.0,TG,2,7,1,0.0007639419404125,rep,nonsyn,False,nonada,nonada,nonada
3316TG,3316.0,TG,2,10,1,0.0007639419404125,rep,nonsyn,False,nonada,nonada,nonada
3316TG,3316.0,TG,3,10,1,0.0007639419404125,rep,nonsyn,False,nonada,nonada,nonada
3317GA,3317.0,GA,1,3,1,0.0007639419404125,rep,syn,False,nonada,nonada,nonada
3317GC,3317.0,GC,1,7,1,0.0007639419404125,rep,syn,False,nonada,nonada,nonada
3317GT,3317.0,GT,2,3,1,0.0007639419404125,rep,syn,False,nonada,nonada,nonada
3318CT,3318.0,CT,2,7,1,0.0007639419404125,rep,nonsyn,False,nonada,nonada,nonada
3318CT,3318.0,CT,3,10,1,0.0007639419404125,rep,nonsyn,False,nonada,nonada,nonada
3319GA,3319.0,GA,1,7,1,0.0007639419404125,rep,nonsyn,False,nonada,nonada,nonada
3319GA,3319.0,GA,2,7,1,0.0007639419404125,rep,nonsyn,False,nonada,nonada,nonada
3319GA,3319.0,GA,3,3,1,0.0007639419404125,rep,nonsyn,False,nonada,nonada,nonada
3319GA,3319.0,GA,3,7,1,0.0007639419404125,rep,nonsyn,False,nonada,nonada,nonada
3319GA,3319.0,GA,3,10,1,0.0007639419404125,rep,nonsyn,False,nonada,nonada,nonada
331AG,331.0,AG,1,10,1,0.0007639419404125,mat,nonsyn,False,nonada,nonada,nonada
331AG,331.0,AG,2,10,2,0.001527883880825,mat,nonsyn,False,nonada,nonada,nonada
3320CA,3320.0,CA,2,3,1,0.0007639419404125,rep,syn,False,nonada,nonada,nonada
3320CA,3320.0,CA,3,10,1,0.0007639419404125,rep,syn,False,nonada,nonada,nonada
3320CT,3320.0,CT,1,3,1,0.0007639419404125,rep,syn,False,nonada,nonada,nonada
3320CT,3320.0,CT,1,7,1,0.0007639419404125,rep,syn,False,nonada,nonada,nonada
3320CT,3320.0,CT,1,10,1,0.0007639419404125,rep,syn,False,nonada,nonada,nonada
3320CT,3320.0,CT,2,3,2,0.001527883880825,rep,syn,False,nonada,nonada,nonada
3320CT,3320.0,CT,2,7,1,0.0007639419404125,rep,syn,False,nonada,nonada,nonada
3320CT,3320.0,CT,2,10,1,0.0007639419404125,rep,syn,False,nonada,nonada,nonada
3320CT,3320.0,CT,3,3,1,0.0007639419404125,rep,syn,False,nonada,nonada,nonada
3320CT,3320.0,CT,3,7,2,0.001527883880825,rep,syn,False,nonada,nonada,nonada
3320CT,3320.0,CT,3,10,3,0.0022918258212375,rep,syn,False,nonada,nonada,nonada
3321GA,3321.0,GA,1,3,2,0.001527883880825,rep,nonsyn,False,nonada,nonada,nonada
3321GA,3321.0,GA,1,7,2,0.001527883880825,rep,nonsyn,False,nonada,nonada,nonada
3321GA,3321.0,GA,1,10,4,0.0030557677616501,rep,nonsyn,False,nonada,nonada,nonada
3321GA,3321.0,GA,2,7,1,0.0007639419404125,rep,nonsyn,False,nonada,nonada,nonada
3321GA,3321.0,GA,3,7,1,0.0007639419404125,rep,nonsyn,False,nonada,nonada,nonada
3321GA,3321.0,GA,3,10,1,0.0007639419404125,rep,nonsyn,False,nonada,nonada,nonada
3322TC,3322.0,TC,2,3,1,0.0007639419404125,rep,nonsyn,False,nonada,nonada,nonada
3322TC,3322.0,TC,2,7,1,0.0007639419404125,rep,nonsyn,False,nonada,nonada,nonada
3322TC,3322.0,TC,3,7,1,0.0007639419404125,rep,nonsyn,False,nonada,nonada,nonada
3322TC,3322.0,TC,3,10,1,0.0007639419404125,rep,nonsyn,False,nonada,nonada,nonada
3322TG,3322.0,TG,1,10,1,0.0007639419404125,rep,nonsyn,False,nonada,nonada,nonada
3323TC,3323.0,TC,1,3,1,0.0007639419404125,rep,syn,False,nonada,nonada,nonada
3323TC,3323.0,TC,1,7,1,0.0007639419404125,rep,syn,False,nonada,nonada,nonada
3323TC,3323.0,TC,2,7,2,0.001527883880825,rep,syn,False,nonada,nonada,nonada
3323TC,3323.0,TC,3,3,1,0.0007639419404125,rep,syn,False,nonada,nonada,nonada
3324AG,3324.0,AG,1,3,1,0.0007639419404125,rep,nonsyn,False,nonada,nonada,nonada
3324AG,3324.0,AG,1,10,1,0.0007639419404125,rep,nonsyn,False,nonada,nonada,nonada
3324AG,3324.0,AG,2,3,2,0.001527883880825,rep,nonsyn,False,nonada,nonada,nonada
3324AG,3324.0,AG,2,10,1,0.0007639419404125,rep,nonsyn,False,nonada,nonada,nonada
3324AG,3324.0,AG,3,3,1,0.0007639419404125,rep,nonsyn,False,nonada,nonada,nonada
3325TC,3325.0,TC,1,10,3,0.0022918258212375,rep,nonsyn,False,nonada,nonada,nonada
3325TC,3325.0,TC,2,7,1,0.0007639419404125,rep,nonsyn,False,nonada,nonada,nonada
3325TC,3325.0,TC,3,7,1,0.0007639419404125,rep,nonsyn,False,nonada,nonada,nonada
3326AG,3326.0,AG,1,7,1,0.0007639419404125,rep,nonsyn,False,nonada,nonada,nonada
3326AG,3326.0,AG,2,7,2,0.001527883880825,rep,nonsyn,False,nonada,nonada,nonada
3326AG,3326.0,AG,2,10,1,0.0007639419404125,rep,nonsyn,False,nonada,nonada,nonada
3326AG,3326.0,AG,3,10,2,0.001527883880825,rep,nonsyn,False,nonada,nonada,nonada
3327CT,3327.0,CT,1,7,1,0.0007639419404125,rep,nonsyn,False,nonada,nonada,nonada
3327CT,3327.0,CT,1,10,1,0.0007639419404125,rep,nonsyn,False,nonada,nonada,nonada
3327CT,3327.0,CT,3,3,1,0.0007639419404125,rep,nonsyn,False,nonada,nonada,nonada
3327CT,3327.0,CT,3,7,1,0.0007639419404125,rep,nonsyn,False,nonada,nonada,nonada
3328GC,3328.0,GC,3,7,1,0.0007639419404125,rep,nonsyn,False,nonada,nonada,nonada
3329CT,3329.0,CT,1,3,1,0.0007639419404125,rep,syn,False,nonada,nonada,nonada
3329CT,3329.0,CT,1,7,1,0.0007639419404125,rep,syn,False,nonada,nonada,nonada
3329CT,3329.0,CT,1,10,1,0.0007639419404125,rep,syn,False,nonada,nonada,nonada
332CT,332.0,CT,1,3,1,0.0007639419404125,mat,nonsyn,False,nonada,nonada,nonada
332CT,332.0,CT,1,7,2,0.001527883880825,mat,nonsyn,False,nonada,nonada,nonada
332CT,332.0,CT,2,7,1,0.0007639419404125,mat,nonsyn,False,nonada,nonada,nonada
332CT,332.0,CT,2,10,1,0.0007639419404125,mat,nonsyn,False,nonada,nonada,nonada
332CT,332.0,CT,3,10,1,0.0007639419404125,mat,nonsyn,False,nonada,nonada,nonada
3330AG,3330.0,AG,1,3,1,0.0007639419404125,rep,nonsyn,False,nonada,nonada,nonada
3330AG,3330.0,AG,2,3,1,0.0007639419404125,rep,nonsyn,False,nonada,nonada,nonada
3331CT,3331.0,CT,1,3,1,0.0007639419404125,rep,nonsyn,False,nonada,nonada,nonada
3331CT,3331.0,CT,1,7,1,0.0007639419404125,rep,nonsyn,False,nonada,nonada,nonada
3331CT,3331.0,CT,1,10,1,0.0007639419404125,rep,nonsyn,False,nonada,nonada,nonada
3331CT,3331.0,CT,3,7,1,0.0007639419404125,rep,nonsyn,False,nonada,nonada,nonada
3331CT,3331.0,CT,3,10,1,0.0007639419404125,rep,nonsyn,False,nonada,nonada,nonada
3332TC,3332.0,TC,1,7,1,0.0007639419404125,rep,syn,False,nonada,nonada,nonada
3332TC,3332.0,TC,2,3,1,0.0007639419404125,rep,syn,False,nonada,nonada,nonada
3333TC,3333.0,TC,2,7,1,0.0007639419404125,rep,nonsyn,False,nonada,nonada,nonada
3333TG,3333.0,TG,1,3,1,0.0007639419404125,rep,nonsyn,False,nonada,nonada,nonada
3335GA,3335.0,GA,1,10,1,0.0007639419404125,rep,syn,False,nonada,nonada,nonada
3335GA,3335.0,GA,3,3,1,0.0007639419404125,rep,syn,False,nonada,nonada,nonada
3335GT,3335.0,GT,1,3,1,0.0007639419404125,rep,syn,False,nonada,nonada,nonada
3336GA,3336.0,GA,1,3,1,0.0007639419404125,rep,nonsyn,False,nonada,nonada,nonada
3336GA,3336.0,GA,3,10,1,0.0007639419404125,rep,nonsyn,False,nonada,nonada,nonada
3336GT,3336.0,GT,2,10,1,0.0007639419404125,rep,nonsyn,True,nonada,nonada,nonada
3337AG,3337.0,AG,1,10,1,0.0007639419404125,rep,nonsyn,False,nonada,nonada,nonada
3337AT,3337.0,AT,3,7,1,0.0007639419404125,rep,nonsyn,False,nonada,nonada,nonada
3338GA,3338.0,GA,1,3,1,0.0007639419404125,rep,syn,False,nonada,nonada,nonada
3338GA,3338.0,GA,2,10,1,0.0007639419404125,rep,syn,False,nonada,nonada,nonada
3339TC,3339.0,TC,1,3,1,0.0007639419404125,rep,nonsyn,False,nonada,nonada,nonada
3339TC,3339.0,TC,2,10,1,0.0007639419404125,rep,nonsyn,False,nonada,nonada,nonada
333AG,333.0,AG,1,3,1,0.0007639419404125,mat,syn,False,nonada,nonada,nonada
333AG,333.0,AG,1,10,1,0.0007639419404125,mat,syn,False,nonada,nonada,nonada
333AG,333.0,AG,2,3,1,0.0007639419404125,mat,syn,False,nonada,nonada,nonada
333AG,333.0,AG,2,7,1,0.0007639419404125,mat,syn,False,nonada,nonada,nonada
333AG,333.0,AG,2,10,1,0.0007639419404125,mat,syn,False,nonada,nonada,nonada
333AG,333.0,AG,3,3,1,0.0007639419404125,mat,syn,False,nonada,nonada,nonada
333AG,333.0,AG,3,7,1,0.0007639419404125,mat,syn,False,nonada,nonada,nonada
3340GT,3340.0,GT,3,7,1,0.0007639419404125,rep,nonsyn,False,nonada,nonada,nonada
3341GA,3341.0,GA,1,10,1,0.0007639419404125,rep,nonsyn,True,nonada,nonada,nonada
3341GA,3341.0,GA,2,3,1,0.0007639419404125,rep,nonsyn,True,nonada,nonada,nonada
3341GA,3341.0,GA,3,7,1,0.0007639419404125,rep,nonsyn,True,nonada,nonada,nonada
3341GA,3341.0,GA,3,10,1,0.0007639419404125,rep,nonsyn,True,nonada,nonada,nonada
3342CT,3342.0,CT,2,3,1,0.0007639419404125,rep,syn,False,nonada,nonada,nonada
3343TG,3343.0,TG,2,3,1,0.0007639419404125,rep,nonsyn,False,nonada,nonada,nonada
3344AC,3344.0,AC,1,3,1,0.0007639419404125,rep,syn,False,nonada,nonada,nonada
3344AG,3344.0,AG,1,7,1,0.0007639419404125,rep,syn,False,nonada,nonada,nonada
3344AG,3344.0,AG,1,10,1,0.0007639419404125,rep,syn,False,nonada,nonada,nonada
3345AG,3345.0,AG,1,7,1,0.0007639419404125,rep,nonsyn,False,nonada,nonada,nonada
3346CA,3346.0,CA,1,7,1,0.0007639419404125,rep,nonsyn,False,nonada,nonada,nonada
3346CT,3346.0,CT,2,3,1,0.0007639419404125,rep,nonsyn,False,nonada,nonada,nonada
3347GA,3347.0,GA,1,7,1,0.0007639419404125,rep,syn,False,nonada,nonada,nonada
3347GA,3347.0,GA,2,3,2,0.001527883880825,rep,syn,False,nonada,nonada,nonada
3347GA,3347.0,GA,3,3,1,0.0007639419404125,rep,syn,False,nonada,nonada,nonada
3348CT,3348.0,CT,2,7,1,0.0007639419404125,rep,nonsyn,False,nonada,nonada,nonada
3348CT,3348.0,CT,3,10,1,0.0007639419404125,rep,nonsyn,False,nonada,nonada,nonada
3349CT,3349.0,CT,1,7,1,0.0007639419404125,rep,nonsyn,False,nonada,nonada,nonada
3349CT,3349.0,CT,3,3,1,0.0007639419404125,rep,nonsyn,False,nonada,nonada,nonada
3349CT,3349.0,CT,3,10,1,0.0007639419404125,rep,nonsyn,False,nonada,nonada,nonada
334TC,334.0,TC,1,3,1,0.0007639419404125,mat,nonsyn,False,nonada,nonada,nonada
334TC,334.0,TC,2,7,1,0.0007639419404125,mat,nonsyn,False,nonada,nonada,nonada
334TC,334.0,TC,2,10,1,0.0007639419404125,mat,nonsyn,False,nonada,nonada,nonada
334TC,334.0,TC,3,3,1,0.0007639419404125,mat,nonsyn,False,nonada,nonada,nonada
334TG,334.0,TG,1,10,1,0.0007639419404125,mat,nonsyn,False,nonada,nonada,nonada
3350GA,3350.0,GA,2,7,1,0.0007639419404125,rep,syn,False,nonada,nonada,nonada
3350GA,3350.0,GA,2,10,1,0.0007639419404125,rep,syn,False,nonada,nonada,nonada
3350GC,3350.0,GC,2,10,1,0.0007639419404125,rep,syn,False,nonada,nonada,nonada
3351GT,3351.0,GT,1,7,2,0.001527883880825,rep,nonsyn,False,nonada,nonada,nonada
3351GT,3351.0,GT,2,10,1,0.0007639419404125,rep,nonsyn,False,nonada,nonada,nonada
3351GT,3351.0,GT,3,7,1,0.0007639419404125,rep,nonsyn,False,nonada,nonada,nonada
3352TC,3352.0,TC,1,10,1,0.0007639419404125,rep,nonsyn,False,nonada,nonada,nonada
3353TC,3353.0,TC,2,3,2,0.001527883880825,rep,syn,False,nonada,nonada,nonada
3354CT,3354.0,CT,1,10,1,0.0007639419404125,rep,nonsyn,False,nonada,nonada,nonada
3354CT,3354.0,CT,3,7,1,0.0007639419404125,rep,nonsyn,False,nonada,nonada,nonada
3355CT,3355.0,CT,1,7,1,0.0007639419404125,rep,nonsyn,False,nonada,nonada,nonada
3355CT,3355.0,CT,3,3,1,0.0007639419404125,rep,nonsyn,False,nonada,nonada,nonada
3355CT,3355.0,CT,3,7,1,0.0007639419404125,rep,nonsyn,False,nonada,nonada,nonada
3356CA,3356.0,CA,1,10,1,0.0007639419404125,rep,syn,False,nonada,nonada,nonada
3356CT,3356.0,CT,1,7,5,0.0038197097020626,rep,syn,False,nonada,nonada,nonada
3356CT,3356.0,CT,2,3,1,0.0007639419404125,rep,syn,False,nonada,nonada,nonada
3356CT,3356.0,CT,3,3,1,0.0007639419404125,rep,syn,False,nonada,nonada,nonada
3356CT,3356.0,CT,3,7,1,0.0007639419404125,rep,syn,False,nonada,nonada,nonada
3357AT,3357.0,AT,1,7,1,0.0007639419404125,rep,nonsyn,False,nonada,nonada,nonada
3358CT,3358.0,CT,1,10,1,0.0007639419404125,rep,nonsyn,False,nonada,nonada,nonada
3358CT,3358.0,CT,2,7,1,0.0007639419404125,rep,nonsyn,False,nonada,nonada,nonada
3358CT,3358.0,CT,2,10,1,0.0007639419404125,rep,nonsyn,False,nonada,nonada,nonada
3358CT,3358.0,CT,3,10,1,0.0007639419404125,rep,nonsyn,False,nonada,nonada,nonada
3359AG,3359.0,AG,2,3,1,0.0007639419404125,rep,syn,False,nonada,nonada,nonada
3359AG,3359.0,AG,2,7,1,0.0007639419404125,rep,syn,False,nonada,nonada,nonada
3359AG,3359.0,AG,3,7,1,0.0007639419404125,rep,syn,False,nonada,nonada,nonada
3359AT,3359.0,AT,1,7,1,0.0007639419404125,rep,syn,False,nonada,nonada,nonada
335CT,335.0,CT,1,10,1,0.0007639419404125,mat,nonsyn,False,nonada,nonada,nonada
335CT,335.0,CT,2,3,1,0.0007639419404125,mat,nonsyn,False,nonada,nonada,nonada
335CT,335.0,CT,2,7,1,0.0007639419404125,mat,nonsyn,False,nonada,nonada,nonada
3360TC,3360.0,TC,3,3,1,0.0007639419404125,rep,nonsyn,False,nonada,nonada,nonada
3360TG,3360.0,TG,2,10,1,0.0007639419404125,rep,nonsyn,False,nonada,nonada,nonada
3362CA,3362.0,CA,3,3,1,0.0007639419404125,rep,nonsyn,False,nonada,nonada,nonada
3362CT,3362.0,CT,1,10,1,0.0007639419404125,rep,syn,False,nonada,nonada,nonada
3362CT,3362.0,CT,3,3,1,0.0007639419404125,rep,syn,False,nonada,nonada,nonada
3363CT,3363.0,CT,1,3,1,0.0007639419404125,rep,nonsyn,False,nonada,nonada,nonada
3364CT,3364.0,CT,1,3,1,0.0007639419404125,rep,nonsyn,False,nonada,nonada,nonada
3365TC,3365.0,TC,1,3,1,0.0007639419404125,rep,syn,False,nonada,nonada,nonada
3365TC,3365.0,TC,1,7,1,0.0007639419404125,rep,syn,False,nonada,nonada,nonada
3365TC,3365.0,TC,2,10,1,0.0007639419404125,rep,syn,False,nonada,nonada,nonada
3365TC,3365.0,TC,3,7,1,0.0007639419404125,rep,syn,False,nonada,nonada,nonada
3366CA,3366.0,CA,1,10,1,0.0007639419404125,rep,nonsyn,False,nonada,nonada,nonada
3366CT,3366.0,CT,1,7,1,0.0007639419404125,rep,nonsyn,True,nonada,nonada,nonada
3367AG,3367.0,AG,1,7,1,0.0007639419404125,rep,nonsyn,False,nonada,nonada,nonada
3367AG,3367.0,AG,2,7,1,0.0007639419404125,rep,nonsyn,False,nonada,nonada,nonada
3367AG,3367.0,AG,2,10,1,0.0007639419404125,rep,nonsyn,False,nonada,nonada,nonada
3367AG,3367.0,AG,3,3,1,0.0007639419404125,rep,nonsyn,False,nonada,nonada,nonada
3367AG,3367.0,AG,3,10,1,0.0007639419404125,rep,nonsyn,False,nonada,nonada,nonada
3368GA,3368.0,GA,1,3,1,0.0007639419404125,rep,syn,False,nonada,nonada,nonada
3368GA,3368.0,GA,1,10,1,0.0007639419404125,rep,syn,False,nonada,nonada,nonada
3369GA,3369.0,GA,2,10,1,0.0007639419404125,rep,nonsyn,False,nonada,nonada,nonada
3369GA,3369.0,GA,3,3,1,0.0007639419404125,rep,nonsyn,False,nonada,nonada,nonada
336GA,336.0,GA,1,3,1,0.0007639419404125,mat,syn,False,nonada,nonada,nonada
336GA,336.0,GA,1,7,1,0.0007639419404125,mat,syn,False,nonada,nonada,nonada
336GA,336.0,GA,2,10,1,0.0007639419404125,mat,syn,False,nonada,nonada,nonada
336GA,336.0,GA,3,3,1,0.0007639419404125,mat,syn,False,nonada,nonada,nonada
336GA,336.0,GA,3,7,1,0.0007639419404125,mat,syn,False,nonada,nonada,nonada
336GT,336.0,GT,1,3,1,0.0007639419404125,mat,syn,False,nonada,nonada,nonada
336GT,336.0,GT,3,10,1,0.0007639419404125,mat,syn,False,nonada,nonada,nonada
3370AG,3370.0,AG,2,3,1,0.0007639419404125,rep,nonsyn,False,nonada,nonada,nonada
3370AG,3370.0,AG,3,3,1,0.0007639419404125,rep,nonsyn,False,nonada,nonada,nonada
3371GA,3371.0,GA,1,10,1,0.0007639419404125,rep,syn,False,nonada,nonada,nonada
3371GA,3371.0,GA,3,10,1,0.0007639419404125,rep,syn,False,nonada,nonada,nonada
3372TC,3372.0,TC,1,3,1,0.0007639419404125,rep,nonsyn,False,nonada,nonada,nonada
3372TC,3372.0,TC,2,7,1,0.0007639419404125,rep,nonsyn,False,nonada,nonada,nonada
3372TC,3372.0,TC,3,3,1,0.0007639419404125,rep,nonsyn,False,nonada,nonada,nonada
3372TC,3372.0,TC,3,10,2,0.001527883880825,rep,nonsyn,False,nonada,nonada,nonada
3372TG,3372.0,TG,2,3,1,0.0007639419404125,rep,nonsyn,False,nonada,nonada,nonada
3373GA,3373.0,GA,1,10,1,0.0007639419404125,rep,nonsyn,False,nonada,nonada,nonada
3373GA,3373.0,GA,2,7,1,0.0007639419404125,rep,nonsyn,False,nonada,nonada,nonada
3373GA,3373.0,GA,3,3,1,0.0007639419404125,rep,nonsyn,False,nonada,nonada,nonada
3374TC,3374.0,TC,1,7,1,0.0007639419404125,rep,syn,False,nonada,nonada,nonada
3374TC,3374.0,TC,2,10,1,0.0007639419404125,rep,syn,False,nonada,nonada,nonada
3374TC,3374.0,TC,3,7,1,0.0007639419404125,rep,syn,False,nonada,nonada,nonada
3374TG,3374.0,TG,1,7,1,0.0007639419404125,rep,nonsyn,False,nonada,nonada,nonada
3375GA,3375.0,GA,1,10,1,0.0007639419404125,rep,nonsyn,False,nonada,nonada,nonada
3375GA,3375.0,GA,3,3,2,0.001527883880825,rep,nonsyn,False,nonada,nonada,nonada
3376GA,3376.0,GA,1,3,1,0.0007639419404125,rep,nonsyn,False,nonada,nonada,nonada
3376GA,3376.0,GA,2,3,3,0.0022918258212375,rep,nonsyn,False,nonada,nonada,nonada
3376GA,3376.0,GA,2,7,1,0.0007639419404125,rep,nonsyn,False,nonada,nonada,nonada
3376GA,3376.0,GA,3,10,2,0.001527883880825,rep,nonsyn,False,nonada,nonada,nonada
3376GT,3376.0,GT,3,3,1,0.0007639419404125,rep,nonsyn,False,nonada,nonada,nonada
3377GA,3377.0,GA,1,10,3,0.0022918258212375,rep,syn,False,nonada,nonada,nonada
3377GA,3377.0,GA,2,3,1,0.0007639419404125,rep,syn,False,nonada,nonada,nonada
3377GA,3377.0,GA,2,10,3,0.0022918258212375,rep,syn,False,nonada,nonada,nonada
3377GA,3377.0,GA,3,3,1,0.0007639419404125,rep,syn,False,nonada,nonada,nonada
3377GA,3377.0,GA,3,7,1,0.0007639419404125,rep,syn,False,nonada,nonada,nonada
3377GA,3377.0,GA,3,10,3,0.0022918258212375,rep,syn,False,nonada,nonada,nonada
3377GC,3377.0,GC,2,7,1,0.0007639419404125,rep,syn,False,nonada,nonada,nonada
3377GC,3377.0,GC,2,10,1,0.0007639419404125,rep,syn,False,nonada,nonada,nonada
3377GC,3377.0,GC,3,3,1,0.0007639419404125,rep,syn,False,nonada,nonada,nonada
3377GC,3377.0,GC,3,7,1,0.0007639419404125,rep,syn,False,nonada,nonada,nonada
3378CT,3378.0,CT,1,7,1,0.0007639419404125,rep,nonsyn,False,nonada,nonada,nonada
3379CA,3379.0,CA,2,3,1,0.0007639419404125,rep,nonsyn,False,nonada,nonada,nonada
3379CT,3379.0,CT,1,10,1,0.0007639419404125,rep,nonsyn,False,nonada,nonada,nonada
3379CT,3379.0,CT,3,7,1,0.0007639419404125,rep,nonsyn,False,nonada,nonada,nonada
3379CT,3379.0,CT,3,10,2,0.001527883880825,rep,nonsyn,False,nonada,nonada,nonada
337AG,337.0,AG,2,7,1,0.0007639419404125,mat,nonsyn,False,nonada,nonada,nonada
3380AG,3380.0,AG,1,3,1,0.0007639419404125,rep,syn,False,nonada,nonada,nonada
3380AG,3380.0,AG,3,7,1,0.0007639419404125,rep,syn,False,nonada,nonada,nonada
3381GA,3381.0,GA,3,10,1,0.0007639419404125,rep,nonsyn,False,nonada,nonada,nonada
3382CT,3382.0,CT,1,10,3,0.0022918258212375,rep,nonsyn,False,nonada,nonada,nonada
3382CT,3382.0,CT,2,7,1,0.0007639419404125,rep,nonsyn,False,nonada,nonada,nonada
3382CT,3382.0,CT,2,10,1,0.0007639419404125,rep,nonsyn,False,nonada,nonada,nonada
3383GA,3383.0,GA,1,3,1,0.0007639419404125,rep,syn,False,nonada,nonada,nonada
3383GA,3383.0,GA,1,10,1,0.0007639419404125,rep,syn,False,nonada,nonada,nonada
3383GA,3383.0,GA,2,10,1,0.0007639419404125,rep,syn,False,nonada,nonada,nonada
3383GA,3383.0,GA,3,7,1,0.0007639419404125,rep,syn,False,nonada,nonada,nonada
3384AG,3384.0,AG,3,3,1,0.0007639419404125,rep,nonsyn,False,nonada,nonada,nonada
3385GA,3385.0,GA,1,10,1,0.0007639419404125,rep,nonsyn,False,nonada,nonada,nonada
3385GA,3385.0,GA,2,3,1,0.0007639419404125,rep,nonsyn,False,nonada,nonada,nonada
3385GA,3385.0,GA,2,7,1,0.0007639419404125,rep,nonsyn,False,nonada,nonada,nonada
3385GA,3385.0,GA,3,7,1,0.0007639419404125,rep,nonsyn,False,nonada,nonada,nonada
3387TC,3387.0,TC,1,3,1,0.0007639419404125,rep,nonsyn,False,nonada,nonada,nonada
3387TC,3387.0,TC,1,7,1,0.0007639419404125,rep,nonsyn,False,nonada,nonada,nonada
3387TC,3387.0,TC,2,3,1,0.0007639419404125,rep,nonsyn,False,nonada,nonada,nonada
3387TC,3387.0,TC,2,10,1,0.0007639419404125,rep,nonsyn,False,nonada,nonada,nonada
3387TC,3387.0,TC,3,10,1,0.0007639419404125,rep,nonsyn,False,nonada,nonada,nonada
3389TC,3389.0,TC,1,3,1,0.0007639419404125,rep,syn,False,nonada,nonada,nonada
3389TC,3389.0,TC,2,10,1,0.0007639419404125,rep,syn,False,nonada,nonada,nonada
3389TC,3389.0,TC,3,10,1,0.0007639419404125,rep,syn,False,nonada,nonada,nonada
338TC,338.0,TC,3,10,1,0.0007639419404125,mat,nonsyn,False,nonada,nonada,nonada
3390CT,3390.0,CT,1,3,1,0.0007639419404125,rep,nonsyn,False,nonada,nonada,nonada
3391CT,3391.0,CT,2,3,1,0.0007639419404125,rep,nonsyn,False,nonada,nonada,nonada
3392TC,3392.0,TC,1,7,1,0.0007639419404125,rep,syn,False,nonada,nonada,nonada
3392TC,3392.0,TC,2,7,2,0.001527883880825,rep,syn,False,nonada,nonada,nonada
3392TC,3392.0,TC,2,10,1,0.0007639419404125,rep,syn,False,nonada,nonada,nonada
3392TC,3392.0,TC,3,3,1,0.0007639419404125,rep,syn,False,nonada,nonada,nonada
3393CT,3393.0,CT,1,3,2,0.001527883880825,rep,nonsyn,False,nonada,nonada,nonada
3393CT,3393.0,CT,2,7,1,0.0007639419404125,rep,nonsyn,False,nonada,nonada,nonada
3393CT,3393.0,CT,2,10,1,0.0007639419404125,rep,nonsyn,False,nonada,nonada,nonada
3393CT,3393.0,CT,3,3,3,0.0022918258212375,rep,nonsyn,False,nonada,nonada,nonada
3393CT,3393.0,CT,3,7,2,0.001527883880825,rep,nonsyn,False,nonada,nonada,nonada
3393CT,3393.0,CT,3,10,1,0.0007639419404125,rep,nonsyn,False,nonada,nonada,nonada
3394GA,3394.0,GA,3,7,1,0.0007639419404125,rep,nonsyn,False,nonada,nonada,nonada
3395GA,3395.0,GA,2,7,1,0.0007639419404125,rep,syn,False,nonada,nonada,nonada
3395GA,3395.0,GA,2,10,1,0.0007639419404125,rep,syn,False,nonada,nonada,nonada
3395GA,3395.0,GA,3,3,1,0.0007639419404125,rep,syn,False,nonada,nonada,nonada
3395GA,3395.0,GA,3,7,1,0.0007639419404125,rep,syn,False,nonada,nonada,nonada
3395GA,3395.0,GA,3,10,1,0.0007639419404125,rep,syn,False,nonada,nonada,nonada
3396TC,3396.0,TC,3,7,1,0.0007639419404125,rep,nonsyn,True,nonada,nonada,nonada
3396TG,3396.0,TG,3,7,1,0.0007639419404125,rep,nonsyn,True,nonada,nonada,nonada
3397AG,3397.0,AG,1,7,1,0.0007639419404125,rep,nonsyn,True,nonada,nonada,nonada
3398GA,3398.0,GA,1,10,1,0.0007639419404125,rep,syn,False,nonada,nonada,nonada
3398GA,3398.0,GA,2,7,4,0.0030557677616501,rep,syn,False,nonada,nonada,nonada
3398GA,3398.0,GA,3,10,2,0.001527883880825,rep,syn,False,nonada,nonada,nonada
3398GT,3398.0,GT,2,10,1,0.0007639419404125,rep,nonsyn,True,nonada,nonada,nonada
339AG,339.0,AG,1,3,1,0.0007639419404125,mat,nonsyn,False,nonada,nonada,nonada
339AG,339.0,AG,3,7,1,0.0007639419404125,mat,nonsyn,False,nonada,nonada,nonada
340GA,340.0,GA,1,10,1,0.0007639419404125,mat,nonsyn,False,nonada,nonada,nonada
340GA,340.0,GA,3,3,1,0.0007639419404125,mat,nonsyn,False,nonada,nonada,nonada
340GA,340.0,GA,3,7,1,0.0007639419404125,mat,nonsyn,False,nonada,nonada,nonada
340GA,340.0,GA,3,10,1,0.0007639419404125,mat,nonsyn,False,nonada,nonada,nonada
340GT,340.0,GT,2,7,1,0.0007639419404125,mat,nonsyn,False,nonada,nonada,nonada
341AC,341.0,AC,3,3,1,0.0007639419404125,mat,nonsyn,False,nonada,nonada,nonada
341AG,341.0,AG,3,7,1,0.0007639419404125,mat,nonsyn,False,nonada,nonada,nonada
341AG,341.0,AG,3,10,1,0.0007639419404125,mat,nonsyn,False,nonada,nonada,nonada
343CT,343.0,CT,1,3,1,0.0007639419404125,mat,nonsyn,True,nonada,nonada,nonada
343CT,343.0,CT,2,7,1,0.0007639419404125,mat,nonsyn,True,nonada,nonada,nonada
345AG,345.0,AG,2,3,1,0.0007639419404125,mat,syn,False,nonada,nonada,nonada
346GA,346.0,GA,1,3,1,0.0007639419404125,mat,nonsyn,False,nonada,nonada,nonada
346GA,346.0,GA,1,7,1,0.0007639419404125,mat,nonsyn,False,nonada,nonada,nonada
346GA,346.0,GA,2,3,1,0.0007639419404125,mat,nonsyn,False,nonada,nonada,nonada
346GA,346.0,GA,2,7,1,0.0007639419404125,mat,nonsyn,False,nonada,nonada,nonada
346GA,346.0,GA,3,10,1,0.0007639419404125,mat,nonsyn,False,nonada,nonada,nonada
347GA,347.0,GA,2,3,1,0.0007639419404125,mat,nonsyn,False,nonada,nonada,nonada
347GA,347.0,GA,3,3,1,0.0007639419404125,mat,nonsyn,False,nonada,nonada,nonada
347GT,347.0,GT,1,7,1,0.0007639419404125,mat,nonsyn,False,nonada,nonada,nonada
348TC,348.0,TC,1,7,2,0.001527883880825,mat,syn,False,nonada,nonada,nonada
348TC,348.0,TC,1,10,1,0.0007639419404125,mat,syn,False,nonada,nonada,nonada
348TC,348.0,TC,2,3,2,0.001527883880825,mat,syn,False,nonada,nonada,nonada
348TC,348.0,TC,2,10,3,0.0022918258212375,mat,syn,False,nonada,nonada,nonada
348TG,348.0,TG,1,3,1,0.0007639419404125,mat,syn,False,nonada,nonada,nonada
348TG,348.0,TG,2,10,1,0.0007639419404125,mat,syn,False,nonada,nonada,nonada
349GA,349.0,GA,3,3,1,0.0007639419404125,mat,nonsyn,False,nonada,nonada,nonada
350CT,350.0,CT,2,7,1,0.0007639419404125,mat,nonsyn,False,nonada,nonada,nonada
350CT,350.0,CT,3,7,1,0.0007639419404125,mat,nonsyn,False,nonada,nonada,nonada
351CA,351.0,CA,2,7,1,0.0007639419404125,mat,syn,False,nonada,nonada,nonada
351CA,351.0,CA,2,10,1,0.0007639419404125,mat,syn,False,nonada,nonada,nonada
351CT,351.0,CT,1,10,1,0.0007639419404125,mat,syn,False,nonada,nonada,nonada
352TC,352.0,TC,2,3,1,0.0007639419404125,mat,nonsyn,False,nonada,nonada,nonada
352TC,352.0,TC,2,10,3,0.0022918258212375,mat,nonsyn,False,nonada,nonada,nonada
352TC,352.0,TC,3,3,1,0.0007639419404125,mat,nonsyn,False,nonada,nonada,nonada
354CT,354.0,CT,1,7,2,0.001527883880825,mat,syn,False,nonada,nonada,nonada
354CT,354.0,CT,1,10,1,0.0007639419404125,mat,syn,False,nonada,nonada,nonada
354CT,354.0,CT,2,3,1,0.0007639419404125,mat,syn,False,nonada,nonada,nonada
354CT,354.0,CT,2,7,1,0.0007639419404125,mat,syn,False,nonada,nonada,nonada
354CT,354.0,CT,2,10,1,0.0007639419404125,mat,syn,False,nonada,nonada,nonada
354CT,354.0,CT,3,10,2,0.001527883880825,mat,syn,False,nonada,nonada,nonada
355AG,355.0,AG,1,3,1,0.0007639419404125,mat,nonsyn,False,nonada,nonada,nonada
355AG,355.0,AG,1,10,1,0.0007639419404125,mat,nonsyn,False,nonada,nonada,nonada
355AG,355.0,AG,2,10,1,0.0007639419404125,mat,nonsyn,False,nonada,nonada,nonada
355AT,355.0,AT,3,3,1,0.0007639419404125,mat,nonsyn,True,nonada,nonada,nonada
356AC,356.0,AC,2,3,1,0.0007639419404125,mat,nonsyn,False,nonada,nonada,nonada
356AG,356.0,AG,1,10,1,0.0007639419404125,mat,nonsyn,False,nonada,nonada,nonada
356AG,356.0,AG,2,10,1,0.0007639419404125,mat,nonsyn,False,nonada,nonada,nonada
357GA,357.0,GA,1,3,1,0.0007639419404125,mat,syn,False,nonada,nonada,nonada
357GA,357.0,GA,3,3,2,0.001527883880825,mat,syn,False,nonada,nonada,nonada
357GT,357.0,GT,2,3,1,0.0007639419404125,mat,nonsyn,False,nonada,nonada,nonada
358CG,358.0,CG,2,3,1,0.0007639419404125,mat,nonsyn,False,nonada,nonada,nonada
358CG,358.0,CG,2,10,1,0.0007639419404125,mat,nonsyn,False,nonada,nonada,nonada
359GA,359.0,GA,1,3,1,0.0007639419404125,mat,nonsyn,False,nonada,nonada,nonada
359GA,359.0,GA,2,7,1,0.0007639419404125,mat,nonsyn,False,nonada,nonada,nonada
359GA,359.0,GA,3,7,2,0.001527883880825,mat,nonsyn,False,nonada,nonada,nonada
359GA,359.0,GA,3,10,1,0.0007639419404125,mat,nonsyn,False,nonada,nonada,nonada
359GC,359.0,GC,1,10,1,0.0007639419404125,mat,nonsyn,False,nonada,nonada,nonada
360AG,360.0,AG,3,3,1,0.0007639419404125,mat,syn,False,nonada,nonada,nonada
360AG,360.0,AG,3,10,1,0.0007639419404125,mat,syn,False,nonada,nonada,nonada
361AG,361.0,AG,3,3,1,0.0007639419404125,mat,nonsyn,False,nonada,nonada,nonada
362GA,362.0,GA,1,10,1,0.0007639419404125,mat,nonsyn,False,nonada,nonada,nonada
362GA,362.0,GA,3,7,1,0.0007639419404125,mat,nonsyn,False,nonada,nonada,nonada
362GT,362.0,GT,2,10,1,0.0007639419404125,mat,nonsyn,False,nonada,nonada,nonada
363TC,363.0,TC,1,7,2,0.001527883880825,mat,syn,False,nonada,nonada,nonada
363TC,363.0,TC,1,10,2,0.001527883880825,mat,syn,False,nonada,nonada,nonada
363TC,363.0,TC,2,3,1,0.0007639419404125,mat,syn,False,nonada,nonada,nonada
363TC,363.0,TC,2,10,1,0.0007639419404125,mat,syn,False,nonada,nonada,nonada
363TC,363.0,TC,3,3,1,0.0007639419404125,mat,syn,False,nonada,nonada,nonada
363TC,363.0,TC,3,7,2,0.001527883880825,mat,syn,False,nonada,nonada,nonada
363TC,363.0,TC,3,10,1,0.0007639419404125,mat,syn,False,nonada,nonada,nonada
363TG,363.0,TG,1,3,1,0.0007639419404125,mat,nonsyn,False,nonada,nonada,nonada
364GA,364.0,GA,1,7,1,0.0007639419404125,mat,nonsyn,False,nonada,nonada,nonada
364GA,364.0,GA,2,3,1,0.0007639419404125,mat,nonsyn,False,nonada,nonada,nonada
364GA,364.0,GA,2,10,1,0.0007639419404125,mat,nonsyn,False,nonada,nonada,nonada
364GA,364.0,GA,3,7,1,0.0007639419404125,mat,nonsyn,False,nonada,nonada,nonada
365GA,365.0,GA,1,3,2,0.001527883880825,mat,nonsyn,False,nonada,nonada,nonada
365GA,365.0,GA,3,10,1,0.0007639419404125,mat,nonsyn,False,nonada,nonada,nonada
365GC,365.0,GC,3,10,1,0.0007639419404125,mat,nonsyn,False,nonada,nonada,nonada
365GT,365.0,GT,1,3,1,0.0007639419404125,mat,nonsyn,False,nonada,nonada,nonada
365GT,365.0,GT,1,7,1,0.0007639419404125,mat,nonsyn,False,nonada,nonada,nonada
366GA,366.0,GA,1,10,2,0.001527883880825,mat,syn,False,nonada,nonada,nonada
366GA,366.0,GA,2,10,1,0.0007639419404125,mat,syn,False,nonada,nonada,nonada
366GA,366.0,GA,3,7,1,0.0007639419404125,mat,syn,False,nonada,nonada,nonada
366GT,366.0,GT,1,3,1,0.0007639419404125,mat,syn,False,nonada,nonada,nonada
366GT,366.0,GT,2,3,1,0.0007639419404125,mat,syn,False,nonada,nonada,nonada
367TC,367.0,TC,1,7,1,0.0007639419404125,mat,nonsyn,False,nonada,nonada,nonada
367TC,367.0,TC,3,10,1,0.0007639419404125,mat,nonsyn,False,nonada,nonada,nonada
367TG,367.0,TG,2,10,3,0.0022918258212375,mat,nonsyn,False,nonada,nonada,nonada
367TG,367.0,TG,3,7,1,0.0007639419404125,mat,nonsyn,False,nonada,nonada,nonada
368CT,368.0,CT,1,7,1,0.0007639419404125,mat,nonsyn,False,nonada,nonada,nonada
368CT,368.0,CT,1,10,1,0.0007639419404125,mat,nonsyn,False,nonada,nonada,nonada
368CT,368.0,CT,2,3,1,0.0007639419404125,mat,nonsyn,False,nonada,nonada,nonada
368CT,368.0,CT,2,7,1,0.0007639419404125,mat,nonsyn,False,nonada,nonada,nonada
368CT,368.0,CT,3,7,1,0.0007639419404125,mat,nonsyn,False,nonada,nonada,nonada
369AG,369.0,AG,1,3,1,0.0007639419404125,mat,syn,False,nonada,nonada,nonada
369AG,369.0,AG,1,7,1,0.0007639419404125,mat,syn,False,nonada,nonada,nonada
369AG,369.0,AG,1,10,1,0.0007639419404125,mat,syn,False,nonada,nonada,nonada
369AG,369.0,AG,3,3,1,0.0007639419404125,mat,syn,False,nonada,nonada,nonada
369AG,369.0,AG,3,10,1,0.0007639419404125,mat,syn,False,nonada,nonada,nonada
370TC,370.0,TC,1,3,2,0.001527883880825,mat,nonsyn,False,nonada,nonada,nonada
371CT,371.0,CT,1,3,1,0.0007639419404125,mat,nonsyn,False,nonada,nonada,nonada
371CT,371.0,CT,1,10,1,0.0007639419404125,mat,nonsyn,False,nonada,nonada,nonada
371CT,371.0,CT,2,10,1,0.0007639419404125,mat,nonsyn,False,nonada,nonada,nonada
372GA,372.0,GA,1,3,1,0.0007639419404125,mat,syn,False,nonada,nonada,nonada
372GA,372.0,GA,1,7,1,0.0007639419404125,mat,syn,False,nonada,nonada,nonada
372GA,372.0,GA,1,10,1,0.0007639419404125,mat,syn,False,nonada,nonada,nonada
372GA,372.0,GA,2,3,1,0.0007639419404125,mat,syn,False,nonada,nonada,nonada
372GA,372.0,GA,2,7,1,0.0007639419404125,mat,syn,False,nonada,nonada,nonada
372GA,372.0,GA,2,10,3,0.0022918258212375,mat,syn,False,nonada,nonada,nonada
372GA,372.0,GA,3,7,1,0.0007639419404125,mat,syn,False,nonada,nonada,nonada
372GT,372.0,GT,3,3,1,0.0007639419404125,mat,syn,False,nonada,nonada,nonada
373TC,373.0,TC,2,3,1,0.0007639419404125,mat,nonsyn,False,nonada,nonada,nonada
373TC,373.0,TC,2,7,1,0.0007639419404125,mat,nonsyn,False,nonada,nonada,nonada
373TG,373.0,TG,2,10,1,0.0007639419404125,mat,nonsyn,False,nonada,nonada,nonada
374GA,374.0,GA,1,3,1,0.0007639419404125,mat,nonsyn,True,nonada,nonada,nonada
374GA,374.0,GA,3,3,1,0.0007639419404125,mat,nonsyn,True,nonada,nonada,nonada
374GA,374.0,GA,3,7,1,0.0007639419404125,mat,nonsyn,True,nonada,nonada,nonada
375GA,375.0,GA,1,7,1,0.0007639419404125,mat,nonsyn,True,nonada,nonada,nonada
375GA,375.0,GA,2,7,2,0.001527883880825,mat,nonsyn,True,nonada,nonada,nonada
375GA,375.0,GA,3,10,1,0.0007639419404125,mat,nonsyn,True,nonada,nonada,nonada
377GA,377.0,GA,2,7,1,0.0007639419404125,mat,nonsyn,False,nonada,nonada,nonada
377GT,377.0,GT,2,10,1,0.0007639419404125,mat,nonsyn,False,nonada,nonada,nonada
378TC,378.0,TC,3,10,1,0.0007639419404125,mat,syn,False,nonada,nonada,nonada
378TG,378.0,TG,1,7,1,0.0007639419404125,mat,syn,False,nonada,nonada,nonada
378TG,378.0,TG,1,10,2,0.001527883880825,mat,syn,False,nonada,nonada,nonada
378TG,378.0,TG,2,7,1,0.0007639419404125,mat,syn,False,nonada,nonada,nonada
378TG,378.0,TG,2,10,1,0.0007639419404125,mat,syn,False,nonada,nonada,nonada
378TG,378.0,TG,3,10,3,0.0022918258212375,mat,syn,False,nonada,nonada,nonada
379CT,379.0,CT,1,7,1,0.0007639419404125,mat,nonsyn,False,nonada,nonada,nonada
380GA,380.0,GA,1,7,1,0.0007639419404125,mat,nonsyn,False,nonada,nonada,nonada
380GA,380.0,GA,1,10,1,0.0007639419404125,mat,nonsyn,False,nonada,nonada,nonada
380GA,380.0,GA,2,3,1,0.0007639419404125,mat,nonsyn,False,nonada,nonada,nonada
380GA,380.0,GA,2,10,1,0.0007639419404125,mat,nonsyn,False,nonada,nonada,nonada
380GA,380.0,GA,3,3,1,0.0007639419404125,mat,nonsyn,False,nonada,nonada,nonada
381CA,381.0,CA,3,10,1,0.0007639419404125,mat,syn,False,nonada,nonada,nonada
381CT,381.0,CT,1,3,1,0.0007639419404125,mat,syn,False,nonada,nonada,nonada
381CT,381.0,CT,1,7,1,0.0007639419404125,mat,syn,False,nonada,nonada,nonada
381CT,381.0,CT,1,10,1,0.0007639419404125,mat,syn,False,nonada,nonada,nonada
382CT,382.0,CT,3,10,1,0.0007639419404125,mat,nonsyn,False,nonada,nonada,nonada
383CA,383.0,CA,3,7,1,0.0007639419404125,mat,nonsyn,False,nonada,nonada,nonada
383CT,383.0,CT,1,10,2,0.001527883880825,mat,nonsyn,False,nonada,nonada,nonada
383CT,383.0,CT,3,3,1,0.0007639419404125,mat,nonsyn,False,nonada,nonada,nonada
383CT,383.0,CT,3,7,1,0.0007639419404125,mat,nonsyn,False,nonada,nonada,nonada
383CT,383.0,CT,3,10,1,0.0007639419404125,mat,nonsyn,False,nonada,nonada,nonada
384GA,384.0,GA,1,3,1,0.0007639419404125,mat,syn,False,nonada,nonada,nonada
384GA,384.0,GA,2,7,2,0.001527883880825,mat,syn,False,nonada,nonada,nonada
384GA,384.0,GA,2,10,1,0.0007639419404125,mat,syn,False,nonada,nonada,nonada
384GA,384.0,GA,3,7,1,0.0007639419404125,mat,syn,False,nonada,nonada,nonada
384GA,384.0,GA,3,10,1,0.0007639419404125,mat,syn,False,nonada,nonada,nonada
385TA,385.0,TA,3,7,1,0.0007639419404125,mat,nonsyn,False,nonada,nonada,nonada
385TC,385.0,TC,2,3,1,0.0007639419404125,mat,nonsyn,False,nonada,nonada,nonada
385TC,385.0,TC,3,3,1,0.0007639419404125,mat,nonsyn,False,nonada,nonada,nonada
386AG,386.0,AG,1,7,1,0.0007639419404125,mat,nonsyn,False,nonada,nonada,nonada
386AG,386.0,AG,2,7,2,0.001527883880825,mat,nonsyn,False,nonada,nonada,nonada
386AT,386.0,AT,3,10,2,0.001527883880825,mat,nonsyn,False,nonada,nonada,nonada
387CT,387.0,CT,1,3,1,0.0007639419404125,mat,syn,False,nonada,nonada,nonada
387CT,387.0,CT,1,7,1,0.0007639419404125,mat,syn,False,nonada,nonada,nonada
387CT,387.0,CT,2,3,1,0.0007639419404125,mat,syn,False,nonada,nonada,nonada
387CT,387.0,CT,2,7,1,0.0007639419404125,mat,syn,False,nonada,nonada,nonada
387CT,387.0,CT,2,10,3,0.0022918258212375,mat,syn,False,nonada,nonada,nonada
387CT,387.0,CT,3,3,1,0.0007639419404125,mat,syn,False,nonada,nonada,nonada
388GA,388.0,GA,1,3,1,0.0007639419404125,mat,nonsyn,False,nonada,nonada,nonada
388GA,388.0,GA,3,7,2,0.001527883880825,mat,nonsyn,False,nonada,nonada,nonada
388GA,388.0,GA,3,10,1,0.0007639419404125,mat,nonsyn,False,nonada,nonada,nonada
389AG,389.0,AG,1,7,1,0.0007639419404125,mat,nonsyn,False,nonada,nonada,nonada
389AG,389.0,AG,3,7,1,0.0007639419404125,mat,nonsyn,False,nonada,nonada,nonada
389AT,389.0,AT,1,3,1,0.0007639419404125,mat,nonsyn,False,nonada,nonada,nonada
390GA,390.0,GA,1,3,1,0.0007639419404125,mat,syn,False,nonada,nonada,nonada
390GA,390.0,GA,2,7,1,0.0007639419404125,mat,syn,False,nonada,nonada,nonada
390GA,390.0,GA,2,10,2,0.001527883880825,mat,syn,False,nonada,nonada,nonada
390GA,390.0,GA,3,3,1,0.0007639419404125,mat,syn,False,nonada,nonada,nonada
391GA,391.0,GA,3,3,2,0.001527883880825,mat,nonsyn,False,nonada,nonada,nonada
391GA,391.0,GA,3,7,1,0.0007639419404125,mat,nonsyn,False,nonada,nonada,nonada
392AG,392.0,AG,3,10,2,0.001527883880825,mat,nonsyn,False,nonada,nonada,nonada
393GA,393.0,GA,1,10,1,0.0007639419404125,mat,syn,False,nonada,nonada,nonada
393GA,393.0,GA,2,3,3,0.0022918258212375,mat,syn,False,nonada,nonada,nonada
393GA,393.0,GA,2,10,1,0.0007639419404125,mat,syn,False,nonada,nonada,nonada
393GA,393.0,GA,3,3,2,0.001527883880825,mat,syn,False,nonada,nonada,nonada
393GA,393.0,GA,3,7,2,0.001527883880825,mat,syn,False,nonada,nonada,nonada
393GA,393.0,GA,3,10,2,0.001527883880825,mat,syn,False,nonada,nonada,nonada
394AG,394.0,AG,1,3,1,0.0007639419404125,mat,nonsyn,False,nonada,nonada,nonada
394AG,394.0,AG,2,3,2,0.001527883880825,mat,nonsyn,False,nonada,nonada,nonada
394AG,394.0,AG,2,7,1,0.0007639419404125,mat,nonsyn,False,nonada,nonada,nonada
396AC,396.0,AC,3,10,1,0.0007639419404125,mat,nonsyn,False,nonada,nonada,nonada
396AG,396.0,AG,1,3,1,0.0007639419404125,mat,syn,False,nonada,nonada,nonada
396AG,396.0,AG,2,3,1,0.0007639419404125,mat,syn,False,nonada,nonada,nonada
396AG,396.0,AG,3,3,2,0.001527883880825,mat,syn,False,nonada,nonada,nonada
396AG,396.0,AG,3,10,1,0.0007639419404125,mat,syn,False,nonada,nonada,nonada
397GA,397.0,GA,1,7,1,0.0007639419404125,mat,nonsyn,False,nonada,nonada,nonada
397GA,397.0,GA,1,10,4,0.0030557677616501,mat,nonsyn,False,nonada,nonada,nonada
397GA,397.0,GA,2,3,2,0.001527883880825,mat,nonsyn,False,nonada,nonada,nonada
397GT,397.0,GT,3,3,1,0.0007639419404125,mat,nonsyn,False,nonada,nonada,nonada
398CT,398.0,CT,1,3,1,0.0007639419404125,mat,nonsyn,False,nonada,nonada,nonada
398CT,398.0,CT,2,7,1,0.0007639419404125,mat,nonsyn,False,nonada,nonada,nonada
399CG,399.0,CG,2,10,1,0.0007639419404125,mat,syn,False,nonada,nonada,nonada
399CT,399.0,CT,1,3,3,0.0022918258212375,mat,syn,False,nonada,nonada,nonada
399CT,399.0,CT,1,7,1,0.0007639419404125,mat,syn,False,nonada,nonada,nonada
400GA,400.0,GA,3,3,1,0.0007639419404125,mat,nonsyn,False,nonada,nonada,nonada
400GC,400.0,GC,2,10,1,0.0007639419404125,mat,nonsyn,False,nonada,nonada,nonada
401GA,401.0,GA,3,3,1,0.0007639419404125,mat,nonsyn,False,nonada,nonada,nonada
401GA,401.0,GA,3,10,1,0.0007639419404125,mat,nonsyn,False,nonada,nonada,nonada
401GT,401.0,GT,1,3,2,0.001527883880825,mat,nonsyn,False,nonada,nonada,nonada
401GT,401.0,GT,1,7,2,0.001527883880825,mat,nonsyn,False,nonada,nonada,nonada
401GT,401.0,GT,1,10,1,0.0007639419404125,mat,nonsyn,False,nonada,nonada,nonada
401GT,401.0,GT,2,7,1,0.0007639419404125,mat,nonsyn,False,nonada,nonada,nonada
401GT,401.0,GT,2,10,4,0.0030557677616501,mat,nonsyn,False,nonada,nonada,nonada
401GT,401.0,GT,3,3,6,0.0045836516424751,mat,nonsyn,False,nonada,nonada,nonada
401GT,401.0,GT,3,7,4,0.0030557677616501,mat,nonsyn,False,nonada,nonada,nonada
402TC,402.0,TC,1,7,1,0.0007639419404125,mat,syn,False,nonada,nonada,nonada
402TC,402.0,TC,1,10,2,0.001527883880825,mat,syn,False,nonada,nonada,nonada
402TC,402.0,TC,2,7,1,0.0007639419404125,mat,syn,False,nonada,nonada,nonada
402TC,402.0,TC,3,3,1,0.0007639419404125,mat,syn,False,nonada,nonada,nonada
402TG,402.0,TG,3,7,1,0.0007639419404125,mat,syn,False,nonada,nonada,nonada
403TC,403.0,TC,1,7,1,0.0007639419404125,mat,nonsyn,False,nonada,nonada,nonada
403TC,403.0,TC,2,10,1,0.0007639419404125,mat,nonsyn,False,nonada,nonada,nonada
404TC,404.0,TC,3,10,1,0.0007639419404125,mat,nonsyn,False,nonada,nonada,nonada
405CA,405.0,CA,3,7,1,0.0007639419404125,mat,nonsyn,False,nonada,nonada,nonada
405CT,405.0,CT,1,3,1,0.0007639419404125,mat,syn,False,nonada,nonada,nonada
405CT,405.0,CT,2,10,2,0.001527883880825,mat,syn,False,nonada,nonada,nonada
405CT,405.0,CT,3,7,1,0.0007639419404125,mat,syn,False,nonada,nonada,nonada
407GA,407.0,GA,1,10,1,0.0007639419404125,mat,nonsyn,False,nonada,nonada,nonada
407GA,407.0,GA,3,10,1,0.0007639419404125,mat,nonsyn,False,nonada,nonada,nonada
408CT,408.0,CT,1,3,3,0.0022918258212375,mat,syn,False,nonada,nonada,nonada
408CT,408.0,CT,1,7,2,0.001527883880825,mat,syn,False,nonada,nonada,nonada
408CT,408.0,CT,1,10,1,0.0007639419404125,mat,syn,False,nonada,nonada,nonada
408CT,408.0,CT,2,3,1,0.0007639419404125,mat,syn,False,nonada,nonada,nonada
408CT,408.0,CT,2,7,2,0.001527883880825,mat,syn,False,nonada,nonada,nonada
408CT,408.0,CT,2,10,2,0.001527883880825,mat,syn,False,nonada,nonada,nonada
408CT,408.0,CT,3,3,1,0.0007639419404125,mat,syn,False,nonada,nonada,nonada
408CT,408.0,CT,3,7,1,0.0007639419404125,mat,syn,False,nonada,nonada,nonada
408CT,408.0,CT,3,10,1,0.0007639419404125,mat,syn,False,nonada,nonada,nonada
409TC,409.0,TC,1,7,1,0.0007639419404125,mat,nonsyn,False,nonada,nonada,nonada
409TC,409.0,TC,1,10,1,0.0007639419404125,mat,nonsyn,False,nonada,nonada,nonada
409TC,409.0,TC,2,7,1,0.0007639419404125,mat,nonsyn,False,nonada,nonada,nonada
409TC,409.0,TC,3,10,1,0.0007639419404125,mat,nonsyn,False,nonada,nonada,nonada
410TC,410.0,TC,3,10,1,0.0007639419404125,mat,nonsyn,False,nonada,nonada,nonada
412TA,412.0,TA,2,7,1,0.0007639419404125,mat,nonsyn,False,nonada,nonada,nonada
412TC,412.0,TC,3,3,1,0.0007639419404125,mat,nonsyn,False,nonada,nonada,nonada
412TC,412.0,TC,3,10,1,0.0007639419404125,mat,nonsyn,False,nonada,nonada,nonada
413CA,413.0,CA,2,10,1,0.0007639419404125,mat,nonsyn,False,nonada,nonada,nonada
413CG,413.0,CG,1,3,1,0.0007639419404125,mat,nonsyn,False,nonada,nonada,nonada
413CT,413.0,CT,1,3,1,0.0007639419404125,mat,nonsyn,False,nonada,nonada,nonada
413CT,413.0,CT,1,7,6,0.0045836516424751,mat,nonsyn,False,nonada,nonada,nonada
413CT,413.0,CT,1,10,1,0.0007639419404125,mat,nonsyn,False,nonada,nonada,nonada
413CT,413.0,CT,2,3,1,0.0007639419404125,mat,nonsyn,False,nonada,nonada,nonada
413CT,413.0,CT,2,7,2,0.001527883880825,mat,nonsyn,False,nonada,nonada,nonada
413CT,413.0,CT,2,10,2,0.001527883880825,mat,nonsyn,False,nonada,nonada,nonada
413CT,413.0,CT,3,3,2,0.001527883880825,mat,nonsyn,False,nonada,nonada,nonada
413CT,413.0,CT,3,7,3,0.0022918258212375,mat,nonsyn,False,nonada,nonada,nonada
413CT,413.0,CT,3,10,3,0.0022918258212375,mat,nonsyn,False,nonada,nonada,nonada
414CA,414.0,CA,1,10,1,0.0007639419404125,mat,syn,False,nonada,nonada,nonada
414CT,414.0,CT,1,3,1,0.0007639419404125,mat,syn,False,nonada,nonada,nonada
414CT,414.0,CT,1,10,3,0.0022918258212375,mat,syn,False,nonada,nonada,nonada
414CT,414.0,CT,2,3,2,0.001527883880825,mat,syn,False,nonada,nonada,nonada
414CT,414.0,CT,2,7,1,0.0007639419404125,mat,syn,False,nonada,nonada,nonada
414CT,414.0,CT,2,10,2,0.001527883880825,mat,syn,False,nonada,nonada,nonada
414CT,414.0,CT,3,3,1,0.0007639419404125,mat,syn,False,nonada,nonada,nonada
414CT,414.0,CT,3,7,2,0.001527883880825,mat,syn,False,nonada,nonada,nonada
414CT,414.0,CT,3,10,5,0.0038197097020626,mat,syn,False,nonada,nonada,nonada
416TC,416.0,TC,1,7,3,0.0022918258212375,mat,nonsyn,False,nonada,nonada,nonada
416TC,416.0,TC,3,3,1,0.0007639419404125,mat,nonsyn,False,nonada,nonada,nonada
416TC,416.0,TC,3,7,1,0.0007639419404125,mat,nonsyn,False,nonada,nonada,nonada
417CT,417.0,CT,1,3,1,0.0007639419404125,mat,syn,False,nonada,nonada,nonada
417CT,417.0,CT,1,10,3,0.0022918258212375,mat,syn,False,nonada,nonada,nonada
417CT,417.0,CT,2,3,2,0.001527883880825,mat,syn,False,nonada,nonada,nonada
418GA,418.0,GA,3,3,1,0.0007639419404125,mat,nonsyn,False,nonada,nonada,nonada
418GC,418.0,GC,3,3,1,0.0007639419404125,mat,nonsyn,False,nonada,nonada,nonada
418GT,418.0,GT,1,7,1,0.0007639419404125,mat,nonsyn,False,nonada,nonada,nonada
418GT,418.0,GT,1,10,1,0.0007639419404125,mat,nonsyn,False,nonada,nonada,nonada
420CT,420.0,CT,1,7,1,0.0007639419404125,mat,syn,False,nonada,nonada,nonada
420CT,420.0,CT,2,7,1,0.0007639419404125,mat,syn,False,nonada,nonada,nonada
420CT,420.0,CT,3,3,1,0.0007639419404125,mat,syn,False,nonada,nonada,nonada
420CT,420.0,CT,3,7,1,0.0007639419404125,mat,syn,False,nonada,nonada,nonada
420CT,420.0,CT,3,10,1,0.0007639419404125,mat,syn,False,nonada,nonada,nonada
421GA,421.0,GA,1,3,1,0.0007639419404125,mat,nonsyn,False,nonada,nonada,nonada
421GA,421.0,GA,2,3,1,0.0007639419404125,mat,nonsyn,False,nonada,nonada,nonada
421GA,421.0,GA,2,7,1,0.0007639419404125,mat,nonsyn,False,nonada,nonada,nonada
421GA,421.0,GA,2,10,1,0.0007639419404125,mat,nonsyn,False,nonada,nonada,nonada
421GA,421.0,GA,3,7,2,0.001527883880825,mat,nonsyn,False,nonada,nonada,nonada
424CT,424.0,CT,1,3,1,0.0007639419404125,mat,nonsyn,False,nonada,nonada,nonada
424CT,424.0,CT,2,10,1,0.0007639419404125,mat,nonsyn,False,nonada,nonada,nonada
424CT,424.0,CT,3,3,1,0.0007639419404125,mat,nonsyn,False,nonada,nonada,nonada
425GA,425.0,GA,1,3,1,0.0007639419404125,mat,nonsyn,False,nonada,nonada,nonada
425GA,425.0,GA,2,3,1,0.0007639419404125,mat,nonsyn,False,nonada,nonada,nonada
425GA,425.0,GA,2,7,1,0.0007639419404125,mat,nonsyn,False,nonada,nonada,nonada
425GA,425.0,GA,2,10,1,0.0007639419404125,mat,nonsyn,False,nonada,nonada,nonada
425GA,425.0,GA,3,7,1,0.0007639419404125,mat,nonsyn,False,nonada,nonada,nonada
425GA,425.0,GA,3,10,1,0.0007639419404125,mat,nonsyn,False,nonada,nonada,nonada
426CT,426.0,CT,1,7,2,0.001527883880825,mat,syn,False,nonada,nonada,nonada
426CT,426.0,CT,1,10,2,0.001527883880825,mat,syn,False,nonada,nonada,nonada
426CT,426.0,CT,2,7,1,0.0007639419404125,mat,syn,False,nonada,nonada,nonada
427TC,427.0,TC,2,3,1,0.0007639419404125,mat,nonsyn,False,nonada,nonada,nonada
427TG,427.0,TG,2,7,1,0.0007639419404125,mat,nonsyn,False,nonada,nonada,nonada
428CT,428.0,CT,1,7,1,0.0007639419404125,mat,nonsyn,False,nonada,nonada,nonada
428CT,428.0,CT,1,10,1,0.0007639419404125,mat,nonsyn,False,nonada,nonada,nonada
428CT,428.0,CT,2,3,1,0.0007639419404125,mat,nonsyn,False,nonada,nonada,nonada
429CT,429.0,CT,2,10,1,0.0007639419404125,mat,syn,False,nonada,nonada,nonada
429CT,429.0,CT,3,3,2,0.001527883880825,mat,syn,False,nonada,nonada,nonada
430TA,430.0,TA,2,7,1,0.0007639419404125,mat,nonsyn,False,nonada,nonada,nonada
430TC,430.0,TC,2,3,1,0.0007639419404125,mat,nonsyn,False,nonada,nonada,nonada
430TC,430.0,TC,3,7,1,0.0007639419404125,mat,nonsyn,False,nonada,nonada,nonada
430TG,430.0,TG,3,7,1,0.0007639419404125,mat,nonsyn,False,nonada,nonada,nonada
431GA,431.0,GA,1,10,1,0.0007639419404125,mat,nonsyn,False,nonada,nonada,nonada
431GA,431.0,GA,2,3,1,0.0007639419404125,mat,nonsyn,False,nonada,nonada,nonada
431GA,431.0,GA,2,7,1,0.0007639419404125,mat,nonsyn,False,nonada,nonada,nonada
431GA,431.0,GA,3,7,1,0.0007639419404125,mat,nonsyn,False,nonada,nonada,nonada
432CA,432.0,CA,3,10,1,0.0007639419404125,mat,nonsyn,True,nonada,nonada,nonada
432CT,432.0,CT,2,7,1,0.0007639419404125,mat,syn,False,nonada,nonada,nonada
432CT,432.0,CT,3,10,1,0.0007639419404125,mat,syn,False,nonada,nonada,nonada
433TC,433.0,TC,1,7,1,0.0007639419404125,mat,nonsyn,False,nonada,nonada,nonada
433TC,433.0,TC,1,10,1,0.0007639419404125,mat,nonsyn,False,nonada,nonada,nonada
433TC,433.0,TC,2,7,1,0.0007639419404125,mat,nonsyn,False,nonada,nonada,nonada
433TG,433.0,TG,3,3,1,0.0007639419404125,mat,nonsyn,False,nonada,nonada,nonada
434AG,434.0,AG,1,3,1,0.0007639419404125,mat,nonsyn,False,nonada,nonada,nonada
434AG,434.0,AG,2,7,1,0.0007639419404125,mat,nonsyn,False,nonada,nonada,nonada
434AG,434.0,AG,3,7,1,0.0007639419404125,mat,nonsyn,False,nonada,nonada,nonada
434AG,434.0,AG,3,10,2,0.001527883880825,mat,nonsyn,False,nonada,nonada,nonada
435CT,435.0,CT,1,3,1,0.0007639419404125,mat,syn,False,nonada,nonada,nonada
435CT,435.0,CT,3,10,2,0.001527883880825,mat,syn,False,nonada,nonada,nonada
436AG,436.0,AG,1,7,1,0.0007639419404125,mat,nonsyn,False,nonada,nonada,nonada
436AG,436.0,AG,2,10,1,0.0007639419404125,mat,nonsyn,False,nonada,nonada,nonada
436AG,436.0,AG,3,10,1,0.0007639419404125,mat,nonsyn,False,nonada,nonada,nonada
437GA,437.0,GA,1,3,1,0.0007639419404125,mat,nonsyn,False,nonada,nonada,nonada
437GA,437.0,GA,1,10,1,0.0007639419404125,mat,nonsyn,False,nonada,nonada,nonada
437GA,437.0,GA,3,7,1,0.0007639419404125,mat,nonsyn,False,nonada,nonada,nonada
437GA,437.0,GA,3,10,2,0.001527883880825,mat,nonsyn,False,nonada,nonada,nonada
438CT,438.0,CT,1,3,1,0.0007639419404125,mat,syn,False,nonada,nonada,nonada
438CT,438.0,CT,1,10,3,0.0022918258212375,mat,syn,False,nonada,nonada,nonada
438CT,438.0,CT,2,10,1,0.0007639419404125,mat,syn,False,nonada,nonada,nonada
438CT,438.0,CT,3,7,1,0.0007639419404125,mat,syn,False,nonada,nonada,nonada
438CT,438.0,CT,3,10,1,0.0007639419404125,mat,syn,False,nonada,nonada,nonada
439CG,439.0,CG,1,7,1,0.0007639419404125,mat,nonsyn,False,nonada,nonada,nonada
439CT,439.0,CT,1,7,4,0.0030557677616501,mat,nonsyn,False,nonada,nonada,nonada
439CT,439.0,CT,1,10,1,0.0007639419404125,mat,nonsyn,False,nonada,nonada,nonada
439CT,439.0,CT,2,3,1,0.0007639419404125,mat,nonsyn,False,nonada,nonada,nonada
439CT,439.0,CT,2,7,6,0.0045836516424751,mat,nonsyn,False,nonada,nonada,nonada
439CT,439.0,CT,2,10,2,0.001527883880825,mat,nonsyn,False,nonada,nonada,nonada
439CT,439.0,CT,3,3,1,0.0007639419404125,mat,nonsyn,False,nonada,nonada,nonada
439CT,439.0,CT,3,7,2,0.001527883880825,mat,nonsyn,False,nonada,nonada,nonada
440TC,440.0,TC,1,7,1,0.0007639419404125,mat,nonsyn,False,nonada,nonada,nonada
440TC,440.0,TC,2,10,1,0.0007639419404125,mat,nonsyn,False,nonada,nonada,nonada
440TC,440.0,TC,3,10,1,0.0007639419404125,mat,nonsyn,False,nonada,nonada,nonada
441CA,441.0,CA,1,7,1,0.0007639419404125,mat,syn,False,nonada,nonada,nonada
441CT,441.0,CT,1,3,1,0.0007639419404125,mat,syn,False,nonada,nonada,nonada
441CT,441.0,CT,1,7,1,0.0007639419404125,mat,syn,False,nonada,nonada,nonada
441CT,441.0,CT,2,3,1,0.0007639419404125,mat,syn,False,nonada,nonada,nonada
441CT,441.0,CT,2,10,3,0.0022918258212375,mat,syn,False,nonada,nonada,nonada
441CT,441.0,CT,3,3,4,0.0030557677616501,mat,syn,False,nonada,nonada,nonada
441CT,441.0,CT,3,7,1,0.0007639419404125,mat,syn,False,nonada,nonada,nonada
442TC,442.0,TC,3,3,1,0.0007639419404125,mat,nonsyn,False,nonada,nonada,nonada
443TC,443.0,TC,1,7,1,0.0007639419404125,mat,nonsyn,False,nonada,nonada,nonada
443TC,443.0,TC,1,10,1,0.0007639419404125,mat,nonsyn,False,nonada,nonada,nonada
443TC,443.0,TC,2,3,1,0.0007639419404125,mat,nonsyn,False,nonada,nonada,nonada
443TC,443.0,TC,2,10,2,0.001527883880825,mat,nonsyn,False,nonada,nonada,nonada
443TC,443.0,TC,3,3,1,0.0007639419404125,mat,nonsyn,False,nonada,nonada,nonada
443TC,443.0,TC,3,10,1,0.0007639419404125,mat,nonsyn,False,nonada,nonada,nonada
444CT,444.0,CT,1,3,1,0.0007639419404125,mat,syn,False,nonada,nonada,nonada
444CT,444.0,CT,2,3,1,0.0007639419404125,mat,syn,False,nonada,nonada,nonada
444CT,444.0,CT,2,10,2,0.001527883880825,mat,syn,False,nonada,nonada,nonada
445CT,445.0,CT,1,3,1,0.0007639419404125,mat,nonsyn,False,nonada,nonada,nonada
446CA,446.0,CA,3,7,1,0.0007639419404125,mat,nonsyn,False,nonada,nonada,nonada
446CT,446.0,CT,1,7,1,0.0007639419404125,mat,nonsyn,False,nonada,nonada,nonada
447TC,447.0,TC,1,3,1,0.0007639419404125,mat,syn,False,nonada,nonada,nonada
447TC,447.0,TC,1,10,2,0.001527883880825,mat,syn,False,nonada,nonada,nonada
447TC,447.0,TC,3,3,2,0.001527883880825,mat,syn,False,nonada,nonada,nonada
447TC,447.0,TC,3,7,1,0.0007639419404125,mat,syn,False,nonada,nonada,nonada
447TC,447.0,TC,3,10,3,0.0022918258212375,mat,syn,False,nonada,nonada,nonada
448GA,448.0,GA,3,7,1,0.0007639419404125,mat,nonsyn,False,nonada,nonada,nonada
448GT,448.0,GT,3,10,1,0.0007639419404125,mat,nonsyn,False,nonada,nonada,nonada
449TC,449.0,TC,1,3,1,0.0007639419404125,mat,nonsyn,False,nonada,nonada,nonada
449TC,449.0,TC,2,3,1,0.0007639419404125,mat,nonsyn,False,nonada,nonada,nonada
449TC,449.0,TC,2,7,1,0.0007639419404125,mat,nonsyn,False,nonada,nonada,nonada
449TC,449.0,TC,2,10,1,0.0007639419404125,mat,nonsyn,False,nonada,nonada,nonada
450AC,450.0,AC,3,10,1,0.0007639419404125,mat,syn,False,nonada,nonada,nonada
450AG,450.0,AG,2,3,2,0.001527883880825,mat,syn,False,nonada,nonada,nonada
450AG,450.0,AG,3,3,1,0.0007639419404125,mat,syn,False,nonada,nonada,nonada
450AG,450.0,AG,3,10,3,0.0022918258212375,mat,syn,False,nonada,nonada,nonada
451AG,451.0,AG,3,7,1,0.0007639419404125,mat,nonsyn,False,nonada,nonada,nonada
452GA,452.0,GA,1,7,1,0.0007639419404125,mat,nonsyn,False,nonada,nonada,nonada
453CT,453.0,CT,2,3,1,0.0007639419404125,mat,syn,False,nonada,nonada,nonada
453CT,453.0,CT,2,7,1,0.0007639419404125,mat,syn,False,nonada,nonada,nonada
453CT,453.0,CT,2,10,3,0.0022918258212375,mat,syn,False,nonada,nonada,nonada
453CT,453.0,CT,3,3,2,0.001527883880825,mat,syn,False,nonada,nonada,nonada
453CT,453.0,CT,3,7,2,0.001527883880825,mat,syn,False,nonada,nonada,nonada
453CT,453.0,CT,3,10,2,0.001527883880825,mat,syn,False,nonada,nonada,nonada
454CA,454.0,CA,1,10,2,0.001527883880825,mat,nonsyn,False,nonada,nonada,nonada
454CA,454.0,CA,3,3,3,0.0022918258212375,mat,nonsyn,False,nonada,nonada,nonada
454CA,454.0,CA,3,7,1,0.0007639419404125,mat,nonsyn,False,nonada,nonada,nonada
454CT,454.0,CT,3,7,1,0.0007639419404125,mat,nonsyn,True,nonada,nonada,nonada
455AC,455.0,AC,1,10,1,0.0007639419404125,mat,nonsyn,False,nonada,nonada,nonada
455AC,455.0,AC,2,10,1,0.0007639419404125,mat,nonsyn,False,nonada,nonada,nonada
455AC,455.0,AC,3,7,1,0.0007639419404125,mat,nonsyn,False,nonada,nonada,nonada
455AG,455.0,AG,2,3,1,0.0007639419404125,mat,nonsyn,False,nonada,nonada,nonada
455AG,455.0,AG,3,7,1,0.0007639419404125,mat,nonsyn,False,nonada,nonada,nonada
456AG,456.0,AG,1,3,1,0.0007639419404125,mat,syn,False,nonada,nonada,nonada
456AG,456.0,AG,1,10,2,0.001527883880825,mat,syn,False,nonada,nonada,nonada
456AG,456.0,AG,2,7,1,0.0007639419404125,mat,syn,False,nonada,nonada,nonada
456AG,456.0,AG,2,10,1,0.0007639419404125,mat,syn,False,nonada,nonada,nonada
457AG,457.0,AG,1,3,1,0.0007639419404125,mat,nonsyn,False,nonada,nonada,nonada
458AC,458.0,AC,3,3,1,0.0007639419404125,mat,nonsyn,False,nonada,nonada,nonada
458AG,458.0,AG,2,7,1,0.0007639419404125,mat,nonsyn,False,nonada,nonada,nonada
459CT,459.0,CT,1,7,1,0.0007639419404125,mat,syn,False,nonada,nonada,nonada
459CT,459.0,CT,1,10,1,0.0007639419404125,mat,syn,False,nonada,nonada,nonada
459CT,459.0,CT,2,7,3,0.0022918258212375,mat,syn,False,nonada,nonada,nonada
459CT,459.0,CT,2,10,1,0.0007639419404125,mat,syn,False,nonada,nonada,nonada
459CT,459.0,CT,3,10,1,0.0007639419404125,mat,syn,False,nonada,nonada,nonada
460TC,460.0,TC,1,3,1,0.0007639419404125,mat,syn,False,nonada,nonada,nonada
460TC,460.0,TC,2,10,1,0.0007639419404125,mat,syn,False,nonada,nonada,nonada
460TC,460.0,TC,3,7,1,0.0007639419404125,mat,syn,False,nonada,nonada,nonada
460TC,460.0,TC,3,10,1,0.0007639419404125,mat,syn,False,nonada,nonada,nonada
462GA,462.0,GA,1,3,1,0.0007639419404125,mat,syn,False,nonada,nonada,nonada
462GA,462.0,GA,2,10,3,0.0022918258212375,mat,syn,False,nonada,nonada,nonada
462GA,462.0,GA,3,3,2,0.001527883880825,mat,syn,False,nonada,nonada,nonada
462GA,462.0,GA,3,7,2,0.001527883880825,mat,syn,False,nonada,nonada,nonada
463AG,463.0,AG,2,7,1,0.0007639419404125,mat,nonsyn,False,nonada,nonada,nonada
463AG,463.0,AG,3,7,1,0.0007639419404125,mat,nonsyn,False,nonada,nonada,nonada
463AT,463.0,AT,3,7,1,0.0007639419404125,mat,nonsyn,False,nonada,nonada,nonada
464CG,464.0,CG,2,10,1,0.0007639419404125,mat,nonsyn,False,nonada,nonada,nonada
464CT,464.0,CT,1,10,1,0.0007639419404125,mat,nonsyn,False,nonada,nonada,nonada
464CT,464.0,CT,2,10,1,0.0007639419404125,mat,nonsyn,False,nonada,nonada,nonada
465TC,465.0,TC,1,3,1,0.0007639419404125,mat,syn,False,nonada,nonada,nonada
465TC,465.0,TC,1,7,1,0.0007639419404125,mat,syn,False,nonada,nonada,nonada
465TC,465.0,TC,1,10,1,0.0007639419404125,mat,syn,False,nonada,nonada,nonada
465TC,465.0,TC,2,10,1,0.0007639419404125,mat,syn,False,nonada,nonada,nonada
466TA,466.0,TA,1,7,1,0.0007639419404125,mat,nonsyn,False,nonada,nonada,nonada
466TC,466.0,TC,3,7,1,0.0007639419404125,mat,nonsyn,False,nonada,nonada,nonada
467AG,467.0,AG,2,7,1,0.0007639419404125,mat,nonsyn,False,nonada,nonada,nonada
467AT,467.0,AT,2,10,1,0.0007639419404125,mat,nonsyn,False,nonada,nonada,nonada
467AT,467.0,AT,3,10,1,0.0007639419404125,mat,nonsyn,False,nonada,nonada,nonada
468CT,468.0,CT,1,3,1,0.0007639419404125,mat,syn,False,nonada,nonada,nonada
468CT,468.0,CT,1,7,1,0.0007639419404125,mat,syn,False,nonada,nonada,nonada
468CT,468.0,CT,1,10,1,0.0007639419404125,mat,syn,False,nonada,nonada,nonada
468CT,468.0,CT,2,3,1,0.0007639419404125,mat,syn,False,nonada,nonada,nonada
468CT,468.0,CT,3,7,1,0.0007639419404125,mat,syn,False,nonada,nonada,nonada
470TC,470.0,TC,3,3,1,0.0007639419404125,mat,nonsyn,False,nonada,nonada,nonada
471CT,471.0,CT,1,3,1,0.0007639419404125,mat,syn,False,nonada,nonada,nonada
471CT,471.0,CT,2,7,2,0.001527883880825,mat,syn,False,nonada,nonada,nonada
471CT,471.0,CT,2,10,1,0.0007639419404125,mat,syn,False,nonada,nonada,nonada
472GA,472.0,GA,3,7,1,0.0007639419404125,mat,nonsyn,False,nonada,nonada,nonada
472GA,472.0,GA,3,10,1,0.0007639419404125,mat,nonsyn,False,nonada,nonada,nonada
473AT,473.0,AT,3,7,1,0.0007639419404125,mat,nonsyn,False,nonada,nonada,nonada
474AC,474.0,AC,3,7,1,0.0007639419404125,mat,nonsyn,False,nonada,nonada,nonada
474AG,474.0,AG,1,7,1,0.0007639419404125,mat,syn,False,nonada,nonada,nonada
474AG,474.0,AG,2,3,2,0.001527883880825,mat,syn,False,nonada,nonada,nonada
474AG,474.0,AG,3,10,1,0.0007639419404125,mat,syn,False,nonada,nonada,nonada
474AT,474.0,AT,1,7,1,0.0007639419404125,mat,nonsyn,False,nonada,nonada,nonada
475GA,475.0,GA,3,7,1,0.0007639419404125,mat,nonsyn,False,nonada,nonada,nonada
476TC,476.0,TC,1,3,1,0.0007639419404125,mat,nonsyn,False,nonada,nonada,nonada
476TC,476.0,TC,2,7,1,0.0007639419404125,mat,nonsyn,False,nonada,nonada,nonada
476TC,476.0,TC,3,10,1,0.0007639419404125,mat,nonsyn,False,nonada,nonada,nonada
477GA,477.0,GA,3,7,1,0.0007639419404125,mat,syn,False,nonada,nonada,nonada
477GC,477.0,GC,1,7,1,0.0007639419404125,mat,syn,False,nonada,nonada,nonada
478CT,478.0,CT,1,10,1,0.0007639419404125,mat,nonsyn,False,nonada,nonada,nonada
478CT,478.0,CT,2,3,1,0.0007639419404125,mat,nonsyn,False,nonada,nonada,nonada
479CA,479.0,CA,3,3,1,0.0007639419404125,mat,nonsyn,False,nonada,nonada,nonada
479CT,479.0,CT,3,10,1,0.0007639419404125,mat,nonsyn,False,nonada,nonada,nonada
480GA,480.0,GA,1,3,1,0.0007639419404125,mat,syn,False,nonada,nonada,nonada
480GA,480.0,GA,1,7,1,0.0007639419404125,mat,syn,False,nonada,nonada,nonada
480GA,480.0,GA,1,10,1,0.0007639419404125,mat,syn,False,nonada,nonada,nonada
480GA,480.0,GA,2,3,1,0.0007639419404125,mat,syn,False,nonada,nonada,nonada
480GA,480.0,GA,2,7,1,0.0007639419404125,mat,syn,False,nonada,nonada,nonada
480GA,480.0,GA,2,10,1,0.0007639419404125,mat,syn,False,nonada,nonada,nonada
480GA,480.0,GA,3,3,2,0.001527883880825,mat,syn,False,nonada,nonada,nonada
480GA,480.0,GA,3,10,1,0.0007639419404125,mat,syn,False,nonada,nonada,nonada
480GT,480.0,GT,2,3,1,0.0007639419404125,mat,syn,False,nonada,nonada,nonada
481CT,481.0,CT,3,10,1,0.0007639419404125,mat,nonsyn,True,nonada,nonada,nonada
482AG,482.0,AG,1,3,1,0.0007639419404125,mat,nonsyn,False,nonada,nonada,nonada
482AG,482.0,AG,2,10,1,0.0007639419404125,mat,nonsyn,False,nonada,nonada,nonada
483GA,483.0,GA,2,7,1,0.0007639419404125,mat,syn,False,nonada,nonada,nonada
483GA,483.0,GA,2,10,1,0.0007639419404125,mat,syn,False,nonada,nonada,nonada
483GA,483.0,GA,3,3,2,0.001527883880825,mat,syn,False,nonada,nonada,nonada
483GA,483.0,GA,3,10,2,0.001527883880825,mat,syn,False,nonada,nonada,nonada
483GC,483.0,GC,1,3,1,0.0007639419404125,mat,nonsyn,False,nonada,nonada,nonada
484AG,484.0,AG,1,7,2,0.001527883880825,mat,nonsyn,False,nonada,nonada,nonada
484AG,484.0,AG,2,10,1,0.0007639419404125,mat,nonsyn,False,nonada,nonada,nonada
484AG,484.0,AG,3,10,1,0.0007639419404125,mat,nonsyn,False,nonada,nonada,nonada
485AG,485.0,AG,1,10,1,0.0007639419404125,mat,nonsyn,False,nonada,nonada,nonada
485AG,485.0,AG,2,7,1,0.0007639419404125,mat,nonsyn,False,nonada,nonada,nonada
485AT,485.0,AT,3,3,1,0.0007639419404125,mat,nonsyn,False,nonada,nonada,nonada
486CT,486.0,CT,1,7,1,0.0007639419404125,mat,syn,False,nonada,nonada,nonada
486CT,486.0,CT,1,10,1,0.0007639419404125,mat,syn,False,nonada,nonada,nonada
486CT,486.0,CT,2,3,1,0.0007639419404125,mat,syn,False,nonada,nonada,nonada
486CT,486.0,CT,2,10,1,0.0007639419404125,mat,syn,False,nonada,nonada,nonada
486CT,486.0,CT,3,7,1,0.0007639419404125,mat,syn,False,nonada,nonada,nonada
486CT,486.0,CT,3,10,1,0.0007639419404125,mat,syn,False,nonada,nonada,nonada
487GA,487.0,GA,2,10,1,0.0007639419404125,mat,nonsyn,False,nonada,nonada,nonada
487GA,487.0,GA,3,3,1,0.0007639419404125,mat,nonsyn,False,nonada,nonada,nonada
487GA,487.0,GA,3,7,1,0.0007639419404125,mat,nonsyn,False,nonada,nonada,nonada
488TC,488.0,TC,1,7,3,0.0022918258212375,mat,nonsyn,False,nonada,nonada,nonada
488TC,488.0,TC,1,10,1,0.0007639419404125,mat,nonsyn,False,nonada,nonada,nonada
488TC,488.0,TC,2,3,1,0.0007639419404125,mat,nonsyn,False,nonada,nonada,nonada
488TC,488.0,TC,2,7,2,0.001527883880825,mat,nonsyn,False,nonada,nonada,nonada
489TC,489.0,TC,1,10,1,0.0007639419404125,mat,syn,False,nonada,nonada,nonada
489TC,489.0,TC,2,3,1,0.0007639419404125,mat,syn,False,nonada,nonada,nonada
489TC,489.0,TC,3,10,1,0.0007639419404125,mat,syn,False,nonada,nonada,nonada
490GA,490.0,GA,1,3,1,0.0007639419404125,mat,nonsyn,False,nonada,nonada,nonada
490GA,490.0,GA,1,10,1,0.0007639419404125,mat,nonsyn,False,nonada,nonada,nonada
490GA,490.0,GA,3,3,1,0.0007639419404125,mat,nonsyn,False,nonada,nonada,nonada
490GA,490.0,GA,3,10,1,0.0007639419404125,mat,nonsyn,False,nonada,nonada,nonada
491CT,491.0,CT,1,3,1,0.0007639419404125,mat,nonsyn,False,nonada,nonada,nonada
491CT,491.0,CT,1,10,1,0.0007639419404125,mat,nonsyn,False,nonada,nonada,nonada
491CT,491.0,CT,2,7,2,0.001527883880825,mat,nonsyn,False,nonada,nonada,nonada
491CT,491.0,CT,2,10,1,0.0007639419404125,mat,nonsyn,False,nonada,nonada,nonada
491CT,491.0,CT,3,7,2,0.001527883880825,mat,nonsyn,False,nonada,nonada,nonada
492GA,492.0,GA,1,3,1,0.0007639419404125,mat,syn,False,nonada,nonada,nonada
492GA,492.0,GA,1,7,1,0.0007639419404125,mat,syn,False,nonada,nonada,nonada
492GA,492.0,GA,1,10,1,0.0007639419404125,mat,syn,False,nonada,nonada,nonada
492GA,492.0,GA,2,7,1,0.0007639419404125,mat,syn,False,nonada,nonada,nonada
494AG,494.0,AG,1,10,1,0.0007639419404125,mat,nonsyn,False,nonada,nonada,nonada
494AG,494.0,AG,2,10,1,0.0007639419404125,mat,nonsyn,False,nonada,nonada,nonada
495CT,495.0,CT,1,3,3,0.0022918258212375,mat,syn,False,nonada,nonada,nonada
495CT,495.0,CT,1,7,1,0.0007639419404125,mat,syn,False,nonada,nonada,nonada
495CT,495.0,CT,2,3,2,0.001527883880825,mat,syn,False,nonada,nonada,nonada
495CT,495.0,CT,2,7,1,0.0007639419404125,mat,syn,False,nonada,nonada,nonada
495CT,495.0,CT,2,10,3,0.0022918258212375,mat,syn,False,nonada,nonada,nonada
495CT,495.0,CT,3,7,1,0.0007639419404125,mat,syn,False,nonada,nonada,nonada
495CT,495.0,CT,3,10,2,0.001527883880825,mat,syn,False,nonada,nonada,nonada
496CT,496.0,CT,2,10,2,0.001527883880825,mat,nonsyn,False,nonada,nonada,nonada
496CT,496.0,CT,3,3,1,0.0007639419404125,mat,nonsyn,False,nonada,nonada,nonada
497GA,497.0,GA,1,3,1,0.0007639419404125,mat,nonsyn,False,nonada,nonada,nonada
497GA,497.0,GA,2,3,1,0.0007639419404125,mat,nonsyn,False,nonada,nonada,nonada
497GA,497.0,GA,2,7,1,0.0007639419404125,mat,nonsyn,False,nonada,nonada,nonada
497GA,497.0,GA,3,7,1,0.0007639419404125,mat,nonsyn,False,nonada,nonada,nonada
498GA,498.0,GA,1,3,2,0.001527883880825,mat,syn,False,nonada,nonada,nonada
498GA,498.0,GA,3,7,1,0.0007639419404125,mat,syn,False,nonada,nonada,nonada
498GA,498.0,GA,3,10,2,0.001527883880825,mat,syn,False,nonada,nonada,nonada
499GA,499.0,GA,1,3,1,0.0007639419404125,mat,nonsyn,False,nonada,nonada,nonada
499GA,499.0,GA,2,3,1,0.0007639419404125,mat,nonsyn,False,nonada,nonada,nonada
499GA,499.0,GA,3,7,1,0.0007639419404125,mat,nonsyn,False,nonada,nonada,nonada
500CA,500.0,CA,1,10,1,0.0007639419404125,mat,nonsyn,False,nonada,nonada,nonada
501GA,501.0,GA,1,3,1,0.0007639419404125,mat,syn,False,nonada,nonada,nonada
501GA,501.0,GA,1,7,1,0.0007639419404125,mat,syn,False,nonada,nonada,nonada
501GA,501.0,GA,1,10,2,0.001527883880825,mat,syn,False,nonada,nonada,nonada
501GA,501.0,GA,2,3,2,0.001527883880825,mat,syn,False,nonada,nonada,nonada
501GA,501.0,GA,3,3,1,0.0007639419404125,mat,syn,False,nonada,nonada,nonada
501GT,501.0,GT,1,7,1,0.0007639419404125,mat,syn,False,nonada,nonada,nonada
501GT,501.0,GT,1,10,1,0.0007639419404125,mat,syn,False,nonada,nonada,nonada
501GT,501.0,GT,2,3,1,0.0007639419404125,mat,syn,False,nonada,nonada,nonada
501GT,501.0,GT,3,10,1,0.0007639419404125,mat,syn,False,nonada,nonada,nonada
502TA,502.0,TA,3,3,1,0.0007639419404125,mat,nonsyn,False,nonada,nonada,nonada
502TC,502.0,TC,1,10,1,0.0007639419404125,mat,nonsyn,False,nonada,nonada,nonada
502TC,502.0,TC,2,7,1,0.0007639419404125,mat,nonsyn,False,nonada,nonada,nonada
502TG,502.0,TG,3,7,1,0.0007639419404125,mat,nonsyn,False,nonada,nonada,nonada
503CT,503.0,CT,2,10,2,0.001527883880825,mat,nonsyn,False,nonada,nonada,nonada
504GA,504.0,GA,1,3,2,0.001527883880825,mat,syn,False,nonada,nonada,nonada
504GA,504.0,GA,1,7,1,0.0007639419404125,mat,syn,False,nonada,nonada,nonada
504GA,504.0,GA,3,3,2,0.001527883880825,mat,syn,False,nonada,nonada,nonada
504GA,504.0,GA,3,7,1,0.0007639419404125,mat,syn,False,nonada,nonada,nonada
504GT,504.0,GT,1,7,1,0.0007639419404125,mat,syn,False,nonada,nonada,nonada
505AG,505.0,AG,1,10,1,0.0007639419404125,mat,nonsyn,False,nonada,nonada,nonada
505AG,505.0,AG,3,10,1,0.0007639419404125,mat,nonsyn,False,nonada,nonada,nonada
506CT,506.0,CT,3,3,1,0.0007639419404125,mat,nonsyn,False,nonada,nonada,nonada
506CT,506.0,CT,3,7,1,0.0007639419404125,mat,nonsyn,False,nonada,nonada,nonada
507CT,507.0,CT,1,3,1,0.0007639419404125,mat,syn,False,nonada,nonada,nonada
507CT,507.0,CT,1,7,1,0.0007639419404125,mat,syn,False,nonada,nonada,nonada
507CT,507.0,CT,1,10,1,0.0007639419404125,mat,syn,False,nonada,nonada,nonada
507CT,507.0,CT,2,7,1,0.0007639419404125,mat,syn,False,nonada,nonada,nonada
507CT,507.0,CT,2,10,1,0.0007639419404125,mat,syn,False,nonada,nonada,nonada
507CT,507.0,CT,3,10,2,0.001527883880825,mat,syn,False,nonada,nonada,nonada
508GA,508.0,GA,1,7,1,0.0007639419404125,mat,nonsyn,False,nonada,nonada,nonada
508GA,508.0,GA,3,7,2,0.001527883880825,mat,nonsyn,False,nonada,nonada,nonada
509AG,509.0,AG,1,3,1,0.0007639419404125,mat,nonsyn,False,nonada,nonada,nonada
509AG,509.0,AG,1,7,2,0.001527883880825,mat,nonsyn,False,nonada,nonada,nonada
510AG,510.0,AG,1,3,2,0.001527883880825,mat,syn,False,nonada,nonada,nonada
510AG,510.0,AG,2,7,2,0.001527883880825,mat,syn,False,nonada,nonada,nonada
510AG,510.0,AG,3,7,2,0.001527883880825,mat,syn,False,nonada,nonada,nonada
510AG,510.0,AG,3,10,1,0.0007639419404125,mat,syn,False,nonada,nonada,nonada
511GA,511.0,GA,1,7,1,0.0007639419404125,mat,nonsyn,False,nonada,nonada,nonada
511GA,511.0,GA,2,3,1,0.0007639419404125,mat,nonsyn,False,nonada,nonada,nonada
511GA,511.0,GA,3,10,1,0.0007639419404125,mat,nonsyn,False,nonada,nonada,nonada
512TC,512.0,TC,1,7,1,0.0007639419404125,mat,nonsyn,False,nonada,nonada,nonada
512TC,512.0,TC,1,10,1,0.0007639419404125,mat,nonsyn,False,nonada,nonada,nonada
512TC,512.0,TC,2,7,1,0.0007639419404125,mat,nonsyn,False,nonada,nonada,nonada
512TC,512.0,TC,3,10,1,0.0007639419404125,mat,nonsyn,False,nonada,nonada,nonada
513CA,513.0,CA,1,10,1,0.0007639419404125,mat,syn,False,nonada,nonada,nonada
513CA,513.0,CA,2,7,1,0.0007639419404125,mat,syn,False,nonada,nonada,nonada
513CT,513.0,CT,1,3,1,0.0007639419404125,mat,syn,False,nonada,nonada,nonada
513CT,513.0,CT,2,10,2,0.001527883880825,mat,syn,False,nonada,nonada,nonada
513CT,513.0,CT,3,10,1,0.0007639419404125,mat,syn,False,nonada,nonada,nonada
514CA,514.0,CA,2,7,1,0.0007639419404125,mat,nonsyn,False,nonada,nonada,nonada
514CT,514.0,CT,1,3,1,0.0007639419404125,mat,syn,False,nonada,nonada,nonada
514CT,514.0,CT,3,7,1,0.0007639419404125,mat,syn,False,nonada,nonada,nonada
515TC,515.0,TC,2,3,1,0.0007639419404125,mat,nonsyn,False,nonada,nonada,nonada
515TC,515.0,TC,3,3,2,0.001527883880825,mat,nonsyn,False,nonada,nonada,nonada
515TC,515.0,TC,3,10,1,0.0007639419404125,mat,nonsyn,False,nonada,nonada,nonada
515TG,515.0,TG,3,7,1,0.0007639419404125,mat,nonsyn,False,nonada,nonada,nonada
516GA,516.0,GA,1,3,2,0.001527883880825,mat,syn,False,nonada,nonada,nonada
516GA,516.0,GA,1,7,1,0.0007639419404125,mat,syn,False,nonada,nonada,nonada
516GA,516.0,GA,1,10,2,0.001527883880825,mat,syn,False,nonada,nonada,nonada
516GA,516.0,GA,3,3,1,0.0007639419404125,mat,syn,False,nonada,nonada,nonada
516GA,516.0,GA,3,10,1,0.0007639419404125,mat,syn,False,nonada,nonada,nonada
517CG,517.0,CG,3,3,1,0.0007639419404125,mat,nonsyn,False,nonada,nonada,nonada
518AG,518.0,AG,1,3,2,0.001527883880825,mat,nonsyn,False,nonada,nonada,nonada
518AG,518.0,AG,1,7,1,0.0007639419404125,mat,nonsyn,False,nonada,nonada,nonada
518AG,518.0,AG,2,3,1,0.0007639419404125,mat,nonsyn,False,nonada,nonada,nonada
519AG,519.0,AG,1,7,2,0.001527883880825,mat,syn,False,nonada,nonada,nonada
519AG,519.0,AG,1,10,1,0.0007639419404125,mat,syn,False,nonada,nonada,nonada
519AG,519.0,AG,2,10,1,0.0007639419404125,mat,syn,False,nonada,nonada,nonada
520AG,520.0,AG,2,7,1,0.0007639419404125,mat,nonsyn,False,nonada,nonada,nonada
521AG,521.0,AG,1,7,1,0.0007639419404125,mat,nonsyn,False,nonada,nonada,nonada
521AG,521.0,AG,1,10,1,0.0007639419404125,mat,nonsyn,False,nonada,nonada,nonada
521AG,521.0,AG,2,3,1,0.0007639419404125,mat,nonsyn,False,nonada,nonada,nonada
521AG,521.0,AG,2,7,1,0.0007639419404125,mat,nonsyn,False,nonada,nonada,nonada
521AG,521.0,AG,3,3,4,0.0030557677616501,mat,nonsyn,False,nonada,nonada,nonada
521AG,521.0,AG,3,10,1,0.0007639419404125,mat,nonsyn,False,nonada,nonada,nonada
522GT,522.0,GT,1,7,1,0.0007639419404125,mat,nonsyn,False,nonada,nonada,nonada
523GA,523.0,GA,1,3,1,0.0007639419404125,mat,nonsyn,False,nonada,nonada,nonada
523GA,523.0,GA,2,3,1,0.0007639419404125,mat,nonsyn,False,nonada,nonada,nonada
523GA,523.0,GA,2,7,3,0.0022918258212375,mat,nonsyn,False,nonada,nonada,nonada
523GA,523.0,GA,2,10,1,0.0007639419404125,mat,nonsyn,False,nonada,nonada,nonada
523GA,523.0,GA,3,7,2,0.001527883880825,mat,nonsyn,False,nonada,nonada,nonada
524TA,524.0,TA,2,10,1,0.0007639419404125,mat,nonsyn,False,nonada,nonada,nonada
524TC,524.0,TC,1,10,1,0.0007639419404125,mat,nonsyn,False,nonada,nonada,nonada
524TC,524.0,TC,2,7,2,0.001527883880825,mat,nonsyn,False,nonada,nonada,nonada
524TC,524.0,TC,2,10,2,0.001527883880825,mat,nonsyn,False,nonada,nonada,nonada
524TC,524.0,TC,3,3,1,0.0007639419404125,mat,nonsyn,False,nonada,nonada,nonada
525CG,525.0,CG,1,7,1,0.0007639419404125,mat,syn,False,nonada,nonada,nonada
525CT,525.0,CT,1,7,2,0.001527883880825,mat,syn,False,nonada,nonada,nonada
525CT,525.0,CT,1,10,1,0.0007639419404125,mat,syn,False,nonada,nonada,nonada
525CT,525.0,CT,2,3,1,0.0007639419404125,mat,syn,False,nonada,nonada,nonada
525CT,525.0,CT,2,7,1,0.0007639419404125,mat,syn,False,nonada,nonada,nonada
525CT,525.0,CT,2,10,1,0.0007639419404125,mat,syn,False,nonada,nonada,nonada
525CT,525.0,CT,3,7,1,0.0007639419404125,mat,syn,False,nonada,nonada,nonada
525CT,525.0,CT,3,10,3,0.0022918258212375,mat,syn,False,nonada,nonada,nonada
526AG,526.0,AG,1,10,1,0.0007639419404125,mat,nonsyn,False,nonada,nonada,nonada
526AG,526.0,AG,2,7,1,0.0007639419404125,mat,nonsyn,False,nonada,nonada,nonada
527CT,527.0,CT,1,3,1,0.0007639419404125,mat,nonsyn,False,nonada,nonada,nonada
527CT,527.0,CT,2,3,1,0.0007639419404125,mat,nonsyn,False,nonada,nonada,nonada
527CT,527.0,CT,3,3,1,0.0007639419404125,mat,nonsyn,False,nonada,nonada,nonada
528CT,528.0,CT,1,10,1,0.0007639419404125,mat,syn,False,nonada,nonada,nonada
528CT,528.0,CT,2,3,2,0.001527883880825,mat,syn,False,nonada,nonada,nonada
528CT,528.0,CT,2,7,1,0.0007639419404125,mat,syn,False,nonada,nonada,nonada
528CT,528.0,CT,2,10,2,0.001527883880825,mat,syn,False,nonada,nonada,nonada
528CT,528.0,CT,3,7,2,0.001527883880825,mat,syn,False,nonada,nonada,nonada
530AG,530.0,AG,1,3,1,0.0007639419404125,mat,nonsyn,False,nonada,nonada,nonada
530AG,530.0,AG,1,10,1,0.0007639419404125,mat,nonsyn,False,nonada,nonada,nonada
530AG,530.0,AG,2,7,1,0.0007639419404125,mat,nonsyn,False,nonada,nonada,nonada
530AG,530.0,AG,3,10,1,0.0007639419404125,mat,nonsyn,False,nonada,nonada,nonada
531GA,531.0,GA,1,3,1,0.0007639419404125,mat,syn,False,nonada,nonada,nonada
531GA,531.0,GA,1,7,2,0.001527883880825,mat,syn,False,nonada,nonada,nonada
531GA,531.0,GA,2,7,1,0.0007639419404125,mat,syn,False,nonada,nonada,nonada
531GA,531.0,GA,3,10,4,0.0030557677616501,mat,syn,False,nonada,nonada,nonada
532GA,532.0,GA,1,3,1,0.0007639419404125,mat,nonsyn,False,nonada,nonada,nonada
532GA,532.0,GA,1,7,1,0.0007639419404125,mat,nonsyn,False,nonada,nonada,nonada
532GA,532.0,GA,1,10,2,0.001527883880825,mat,nonsyn,False,nonada,nonada,nonada
532GA,532.0,GA,3,3,1,0.0007639419404125,mat,nonsyn,False,nonada,nonada,nonada
533GA,533.0,GA,2,7,1,0.0007639419404125,mat,nonsyn,False,nonada,nonada,nonada
533GT,533.0,GT,1,3,1,0.0007639419404125,mat,nonsyn,False,nonada,nonada,nonada
534TC,534.0,TC,1,3,2,0.001527883880825,mat,syn,False,nonada,nonada,nonada
534TC,534.0,TC,1,7,1,0.0007639419404125,mat,syn,False,nonada,nonada,nonada
534TC,534.0,TC,1,10,1,0.0007639419404125,mat,syn,False,nonada,nonada,nonada
534TG,534.0,TG,2,7,1,0.0007639419404125,mat,syn,False,nonada,nonada,nonada
535AG,535.0,AG,1,3,3,0.0022918258212375,mat,nonsyn,False,nonada,nonada,nonada
535AG,535.0,AG,1,7,1,0.0007639419404125,mat,nonsyn,False,nonada,nonada,nonada
535AG,535.0,AG,2,7,2,0.001527883880825,mat,nonsyn,False,nonada,nonada,nonada
535AG,535.0,AG,2,10,3,0.0022918258212375,mat,nonsyn,False,nonada,nonada,nonada
535AG,535.0,AG,3,3,2,0.001527883880825,mat,nonsyn,False,nonada,nonada,nonada
535AG,535.0,AG,3,7,3,0.0022918258212375,mat,nonsyn,False,nonada,nonada,nonada
535AG,535.0,AG,3,10,1,0.0007639419404125,mat,nonsyn,False,nonada,nonada,nonada
536AT,536.0,AT,2,7,1,0.0007639419404125,mat,nonsyn,False,nonada,nonada,nonada
537TA,537.0,TA,2,10,1,0.0007639419404125,mat,nonsyn,False,nonada,nonada,nonada
537TC,537.0,TC,1,3,1,0.0007639419404125,mat,syn,False,nonada,nonada,nonada
537TC,537.0,TC,1,10,1,0.0007639419404125,mat,syn,False,nonada,nonada,nonada
537TC,537.0,TC,3,3,1,0.0007639419404125,mat,syn,False,nonada,nonada,nonada
537TC,537.0,TC,3,7,1,0.0007639419404125,mat,syn,False,nonada,nonada,nonada
537TC,537.0,TC,3,10,1,0.0007639419404125,mat,syn,False,nonada,nonada,nonada
538TC,538.0,TC,1,10,1,0.0007639419404125,mat,nonsyn,False,nonada,nonada,nonada
538TC,538.0,TC,2,10,1,0.0007639419404125,mat,nonsyn,False,nonada,nonada,nonada
538TC,538.0,TC,3,10,1,0.0007639419404125,mat,nonsyn,False,nonada,nonada,nonada
539TC,539.0,TC,2,7,1,0.0007639419404125,mat,nonsyn,False,nonada,nonada,nonada
539TC,539.0,TC,3,7,1,0.0007639419404125,mat,nonsyn,False,nonada,nonada,nonada
540TC,540.0,TC,2,7,1,0.0007639419404125,mat,syn,False,nonada,nonada,nonada
540TC,540.0,TC,2,10,2,0.001527883880825,mat,syn,False,nonada,nonada,nonada
540TC,540.0,TC,3,3,1,0.0007639419404125,mat,syn,False,nonada,nonada,nonada
540TC,540.0,TC,3,10,2,0.001527883880825,mat,syn,False,nonada,nonada,nonada
541AG,541.0,AG,2,3,1,0.0007639419404125,mat,nonsyn,False,nonada,nonada,nonada
541AG,541.0,AG,2,7,2,0.001527883880825,mat,nonsyn,False,nonada,nonada,nonada
541AG,541.0,AG,3,3,1,0.0007639419404125,mat,nonsyn,False,nonada,nonada,nonada
541AT,541.0,AT,1,7,1,0.0007639419404125,mat,nonsyn,False,nonada,nonada,nonada
541AT,541.0,AT,2,10,1,0.0007639419404125,mat,nonsyn,False,nonada,nonada,nonada
542AG,542.0,AG,1,10,1,0.0007639419404125,mat,nonsyn,False,nonada,nonada,nonada
542AT,542.0,AT,1,7,1,0.0007639419404125,mat,nonsyn,False,nonada,nonada,nonada
542AT,542.0,AT,3,10,1,0.0007639419404125,mat,nonsyn,False,nonada,nonada,nonada
545TC,545.0,TC,2,7,1,0.0007639419404125,mat,nonsyn,False,nonada,nonada,nonada
545TG,545.0,TG,3,10,1,0.0007639419404125,mat,nonsyn,False,nonada,nonada,nonada
546TC,546.0,TC,1,10,1,0.0007639419404125,mat,syn,False,nonada,nonada,nonada
546TC,546.0,TC,2,3,1,0.0007639419404125,mat,syn,False,nonada,nonada,nonada
546TC,546.0,TC,2,10,1,0.0007639419404125,mat,syn,False,nonada,nonada,nonada
546TC,546.0,TC,3,7,1,0.0007639419404125,mat,syn,False,nonada,nonada,nonada
547GA,547.0,GA,2,7,1,0.0007639419404125,mat,nonsyn,False,nonada,nonada,nonada
547GA,547.0,GA,2,10,1,0.0007639419404125,mat,nonsyn,False,nonada,nonada,nonada
548GA,548.0,GA,1,10,2,0.001527883880825,mat,nonsyn,False,nonada,nonada,nonada
548GA,548.0,GA,2,3,1,0.0007639419404125,mat,nonsyn,False,nonada,nonada,nonada
548GA,548.0,GA,3,7,1,0.0007639419404125,mat,nonsyn,False,nonada,nonada,nonada
548GT,548.0,GT,2,10,1,0.0007639419404125,mat,nonsyn,False,nonada,nonada,nonada
549TC,549.0,TC,1,3,1,0.0007639419404125,mat,syn,False,nonada,nonada,nonada
549TC,549.0,TC,1,7,2,0.001527883880825,mat,syn,False,nonada,nonada,nonada
549TC,549.0,TC,1,10,2,0.001527883880825,mat,syn,False,nonada,nonada,nonada
549TC,549.0,TC,2,3,1,0.0007639419404125,mat,syn,False,nonada,nonada,nonada
549TC,549.0,TC,2,7,1,0.0007639419404125,mat,syn,False,nonada,nonada,nonada
549TC,549.0,TC,2,10,2,0.001527883880825,mat,syn,False,nonada,nonada,nonada
549TC,549.0,TC,3,7,2,0.001527883880825,mat,syn,False,nonada,nonada,nonada
549TC,549.0,TC,3,10,1,0.0007639419404125,mat,syn,False,nonada,nonada,nonada
549TG,549.0,TG,3,7,1,0.0007639419404125,mat,syn,False,nonada,nonada,nonada
550GA,550.0,GA,1,7,2,0.001527883880825,mat,nonsyn,False,nonada,nonada,nonada
550GA,550.0,GA,2,7,1,0.0007639419404125,mat,nonsyn,False,nonada,nonada,nonada
550GA,550.0,GA,3,10,1,0.0007639419404125,mat,nonsyn,False,nonada,nonada,nonada
550GC,550.0,GC,2,7,1,0.0007639419404125,mat,nonsyn,False,nonada,nonada,nonada
551TC,551.0,TC,1,7,1,0.0007639419404125,mat,nonsyn,False,nonada,nonada,nonada
551TC,551.0,TC,2,7,1,0.0007639419404125,mat,nonsyn,False,nonada,nonada,nonada
551TC,551.0,TC,3,3,1,0.0007639419404125,mat,nonsyn,False,nonada,nonada,nonada
552TC,552.0,TC,1,7,1,0.0007639419404125,mat,syn,False,nonada,nonada,nonada
552TC,552.0,TC,2,7,2,0.001527883880825,mat,syn,False,nonada,nonada,nonada
552TC,552.0,TC,3,7,1,0.0007639419404125,mat,syn,False,nonada,nonada,nonada
553GA,553.0,GA,1,3,1,0.0007639419404125,mat,nonsyn,False,nonada,nonada,nonada
553GA,553.0,GA,3,3,1,0.0007639419404125,mat,nonsyn,False,nonada,nonada,nonada
553GA,553.0,GA,3,7,1,0.0007639419404125,mat,nonsyn,False,nonada,nonada,nonada
553GA,553.0,GA,3,10,1,0.0007639419404125,mat,nonsyn,False,nonada,nonada,nonada
553GT,553.0,GT,1,10,1,0.0007639419404125,mat,nonsyn,False,nonada,nonada,nonada
553GT,553.0,GT,2,7,1,0.0007639419404125,mat,nonsyn,False,nonada,nonada,nonada
554CT,554.0,CT,1,3,1,0.0007639419404125,mat,nonsyn,False,nonada,nonada,nonada
554CT,554.0,CT,2,3,2,0.001527883880825,mat,nonsyn,False,nonada,nonada,nonada
555TC,555.0,TC,1,10,1,0.0007639419404125,mat,syn,False,nonada,nonada,nonada
555TC,555.0,TC,2,7,1,0.0007639419404125,mat,syn,False,nonada,nonada,nonada
555TC,555.0,TC,3,3,2,0.001527883880825,mat,syn,False,nonada,nonada,nonada
555TC,555.0,TC,3,7,2,0.001527883880825,mat,syn,False,nonada,nonada,nonada
556TC,556.0,TC,1,10,1,0.0007639419404125,mat,syn,False,nonada,nonada,nonada
556TC,556.0,TC,2,3,1,0.0007639419404125,mat,syn,False,nonada,nonada,nonada
556TC,556.0,TC,2,7,1,0.0007639419404125,mat,syn,False,nonada,nonada,nonada
556TC,556.0,TC,2,10,2,0.001527883880825,mat,syn,False,nonada,nonada,nonada
556TC,556.0,TC,3,3,1,0.0007639419404125,mat,syn,False,nonada,nonada,nonada
556TC,556.0,TC,3,7,1,0.0007639419404125,mat,syn,False,nonada,nonada,nonada
556TG,556.0,TG,1,7,1,0.0007639419404125,mat,nonsyn,False,nonada,nonada,nonada
557TC,557.0,TC,2,7,1,0.0007639419404125,mat,nonsyn,False,nonada,nonada,nonada
557TC,557.0,TC,3,3,1,0.0007639419404125,mat,nonsyn,False,nonada,nonada,nonada
557TC,557.0,TC,3,10,1,0.0007639419404125,mat,nonsyn,False,nonada,nonada,nonada
558AG,558.0,AG,1,7,1,0.0007639419404125,mat,syn,False,nonada,nonada,nonada
558AG,558.0,AG,3,10,2,0.001527883880825,mat,syn,False,nonada,nonada,nonada
559GA,559.0,GA,1,7,1,0.0007639419404125,mat,nonsyn,False,nonada,nonada,nonada
559GA,559.0,GA,1,10,2,0.001527883880825,mat,nonsyn,False,nonada,nonada,nonada
559GA,559.0,GA,2,7,3,0.0022918258212375,mat,nonsyn,False,nonada,nonada,nonada
559GA,559.0,GA,2,10,1,0.0007639419404125,mat,nonsyn,False,nonada,nonada,nonada
560CT,560.0,CT,1,3,1,0.0007639419404125,mat,nonsyn,False,nonada,nonada,nonada
560CT,560.0,CT,2,3,1,0.0007639419404125,mat,nonsyn,False,nonada,nonada,nonada
560CT,560.0,CT,2,10,2,0.001527883880825,mat,nonsyn,False,nonada,nonada,nonada
560CT,560.0,CT,3,3,1,0.0007639419404125,mat,nonsyn,False,nonada,nonada,nonada
560CT,560.0,CT,3,10,1,0.0007639419404125,mat,nonsyn,False,nonada,nonada,nonada
561AC,561.0,AC,2,7,1,0.0007639419404125,mat,syn,False,nonada,nonada,nonada
561AG,561.0,AG,1,3,1,0.0007639419404125,mat,syn,False,nonada,nonada,nonada
561AG,561.0,AG,1,10,1,0.0007639419404125,mat,syn,False,nonada,nonada,nonada
561AG,561.0,AG,2,3,1,0.0007639419404125,mat,syn,False,nonada,nonada,nonada
561AG,561.0,AG,2,10,2,0.001527883880825,mat,syn,False,nonada,nonada,nonada
562GA,562.0,GA,2,10,1,0.0007639419404125,mat,nonsyn,False,nonada,nonada,nonada
562GA,562.0,GA,3,10,2,0.001527883880825,mat,nonsyn,False,nonada,nonada,nonada
563AG,563.0,AG,3,3,1,0.0007639419404125,mat,nonsyn,False,nonada,nonada,nonada
564GA,564.0,GA,1,3,1,0.0007639419404125,mat,syn,False,nonada,nonada,nonada
564GA,564.0,GA,1,7,1,0.0007639419404125,mat,syn,False,nonada,nonada,nonada
564GA,564.0,GA,2,3,1,0.0007639419404125,mat,syn,False,nonada,nonada,nonada
564GA,564.0,GA,2,10,1,0.0007639419404125,mat,syn,False,nonada,nonada,nonada
564GA,564.0,GA,3,10,2,0.001527883880825,mat,syn,False,nonada,nonada,nonada
565GA,565.0,GA,1,7,1,0.0007639419404125,mat,nonsyn,False,nonada,nonada,nonada
565GA,565.0,GA,1,10,1,0.0007639419404125,mat,nonsyn,False,nonada,nonada,nonada
565GA,565.0,GA,2,3,2,0.001527883880825,mat,nonsyn,False,nonada,nonada,nonada
565GA,565.0,GA,2,10,3,0.0022918258212375,mat,nonsyn,False,nonada,nonada,nonada
565GA,565.0,GA,3,3,2,0.001527883880825,mat,nonsyn,False,nonada,nonada,nonada
565GA,565.0,GA,3,7,1,0.0007639419404125,mat,nonsyn,False,nonada,nonada,nonada
565GA,565.0,GA,3,10,2,0.001527883880825,mat,nonsyn,False,nonada,nonada,nonada
566CT,566.0,CT,2,7,1,0.0007639419404125,mat,nonsyn,False,nonada,nonada,nonada
566CT,566.0,CT,3,3,1,0.0007639419404125,mat,nonsyn,False,nonada,nonada,nonada
567CT,567.0,CT,1,3,1,0.0007639419404125,mat,syn,False,nonada,nonada,nonada
567CT,567.0,CT,1,10,2,0.001527883880825,mat,syn,False,nonada,nonada,nonada
567CT,567.0,CT,2,10,1,0.0007639419404125,mat,syn,False,nonada,nonada,nonada
567CT,567.0,CT,3,3,3,0.0022918258212375,mat,syn,False,nonada,nonada,nonada
567CT,567.0,CT,3,10,2,0.001527883880825,mat,syn,False,nonada,nonada,nonada
568AG,568.0,AG,1,7,1,0.0007639419404125,mat,nonsyn,False,nonada,nonada,nonada
568AG,568.0,AG,3,7,1,0.0007639419404125,mat,nonsyn,False,nonada,nonada,nonada
568AG,568.0,AG,3,10,1,0.0007639419404125,mat,nonsyn,False,nonada,nonada,nonada
569GA,569.0,GA,1,7,1,0.0007639419404125,mat,nonsyn,False,nonada,nonada,nonada
569GA,569.0,GA,1,10,1,0.0007639419404125,mat,nonsyn,False,nonada,nonada,nonada
569GA,569.0,GA,2,7,1,0.0007639419404125,mat,nonsyn,False,nonada,nonada,nonada
569GA,569.0,GA,3,10,1,0.0007639419404125,mat,nonsyn,False,nonada,nonada,nonada
569GT,569.0,GT,2,3,1,0.0007639419404125,mat,nonsyn,False,nonada,nonada,nonada
570GA,570.0,GA,1,3,3,0.0022918258212375,mat,syn,False,nonada,nonada,nonada
570GA,570.0,GA,1,7,2,0.001527883880825,mat,syn,False,nonada,nonada,nonada
570GA,570.0,GA,2,3,1,0.0007639419404125,mat,syn,False,nonada,nonada,nonada
570GA,570.0,GA,2,10,2,0.001527883880825,mat,syn,False,nonada,nonada,nonada
570GA,570.0,GA,3,10,2,0.001527883880825,mat,syn,False,nonada,nonada,nonada
571TA,571.0,TA,1,3,1,0.0007639419404125,mat,nonsyn,False,nonada,nonada,nonada
571TG,571.0,TG,3,10,1,0.0007639419404125,mat,nonsyn,False,nonada,nonada,nonada
573GA,573.0,GA,1,10,1,0.0007639419404125,mat,syn,False,nonada,nonada,nonada
573GA,573.0,GA,2,7,1,0.0007639419404125,mat,syn,False,nonada,nonada,nonada
573GA,573.0,GA,2,10,2,0.001527883880825,mat,syn,False,nonada,nonada,nonada
573GA,573.0,GA,3,7,1,0.0007639419404125,mat,syn,False,nonada,nonada,nonada
573GA,573.0,GA,3,10,2,0.001527883880825,mat,syn,False,nonada,nonada,nonada
574AG,574.0,AG,1,3,1,0.0007639419404125,mat,nonsyn,False,nonada,nonada,nonada
574AG,574.0,AG,2,10,1,0.0007639419404125,mat,nonsyn,False,nonada,nonada,nonada
574AG,574.0,AG,3,7,2,0.001527883880825,mat,nonsyn,False,nonada,nonada,nonada
575CT,575.0,CT,2,3,1,0.0007639419404125,mat,nonsyn,False,nonada,nonada,nonada
575CT,575.0,CT,2,10,1,0.0007639419404125,mat,nonsyn,False,nonada,nonada,nonada
576AG,576.0,AG,2,3,1,0.0007639419404125,mat,syn,False,nonada,nonada,nonada
576AG,576.0,AG,2,7,1,0.0007639419404125,mat,syn,False,nonada,nonada,nonada
576AG,576.0,AG,2,10,1,0.0007639419404125,mat,syn,False,nonada,nonada,nonada
576AG,576.0,AG,3,10,1,0.0007639419404125,mat,syn,False,nonada,nonada,nonada
577GA,577.0,GA,1,3,1,0.0007639419404125,mat,nonsyn,False,nonada,nonada,nonada
577GA,577.0,GA,1,10,1,0.0007639419404125,mat,nonsyn,False,nonada,nonada,nonada
577GA,577.0,GA,2,3,1,0.0007639419404125,mat,nonsyn,False,nonada,nonada,nonada
577GA,577.0,GA,2,10,1,0.0007639419404125,mat,nonsyn,False,nonada,nonada,nonada
577GA,577.0,GA,3,7,1,0.0007639419404125,mat,nonsyn,False,nonada,nonada,nonada
577GC,577.0,GC,1,3,1,0.0007639419404125,mat,nonsyn,False,nonada,nonada,nonada
578CT,578.0,CT,1,10,1,0.0007639419404125,mat,nonsyn,False,nonada,nonada,nonada
578CT,578.0,CT,3,3,1,0.0007639419404125,mat,nonsyn,False,nonada,nonada,nonada
578CT,578.0,CT,3,10,1,0.0007639419404125,mat,nonsyn,False,nonada,nonada,nonada
579CA,579.0,CA,3,3,1,0.0007639419404125,mat,syn,False,nonada,nonada,nonada
579CT,579.0,CT,1,3,2,0.001527883880825,mat,syn,False,nonada,nonada,nonada
579CT,579.0,CT,1,7,1,0.0007639419404125,mat,syn,False,nonada,nonada,nonada
579CT,579.0,CT,2,10,2,0.001527883880825,mat,syn,False,nonada,nonada,nonada
579CT,579.0,CT,3,3,1,0.0007639419404125,mat,syn,False,nonada,nonada,nonada
579CT,579.0,CT,3,10,1,0.0007639419404125,mat,syn,False,nonada,nonada,nonada
580TA,580.0,TA,2,7,1,0.0007639419404125,mat,nonsyn,False,nonada,nonada,nonada
580TA,580.0,TA,3,10,1,0.0007639419404125,mat,nonsyn,False,nonada,nonada,nonada
580TC,580.0,TC,2,10,1,0.0007639419404125,mat,nonsyn,False,nonada,nonada,nonada
580TC,580.0,TC,3,7,1,0.0007639419404125,mat,nonsyn,False,nonada,nonada,nonada
581CT,581.0,CT,1,7,1,0.0007639419404125,mat,nonsyn,False,nonada,nonada,nonada
581CT,581.0,CT,2,3,2,0.001527883880825,mat,nonsyn,False,nonada,nonada,nonada
581CT,581.0,CT,3,3,1,0.0007639419404125,mat,nonsyn,False,nonada,nonada,nonada
581CT,581.0,CT,3,7,1,0.0007639419404125,mat,nonsyn,False,nonada,nonada,nonada
581CT,581.0,CT,3,10,1,0.0007639419404125,mat,nonsyn,False,nonada,nonada,nonada
582AG,582.0,AG,1,7,1,0.0007639419404125,mat,syn,False,nonada,nonada,nonada
582AG,582.0,AG,1,10,1,0.0007639419404125,mat,syn,False,nonada,nonada,nonada
582AT,582.0,AT,3,10,1,0.0007639419404125,mat,syn,False,nonada,nonada,nonada
583CT,583.0,CT,1,7,1,0.0007639419404125,mat,nonsyn,True,nonada,nonada,nonada
584AG,584.0,AG,1,10,1,0.0007639419404125,mat,nonsyn,False,nonada,nonada,nonada
585AG,585.0,AG,1,7,1,0.0007639419404125,mat,syn,False,nonada,nonada,nonada
585AG,585.0,AG,1,10,1,0.0007639419404125,mat,syn,False,nonada,nonada,nonada
585AG,585.0,AG,2,3,1,0.0007639419404125,mat,syn,False,nonada,nonada,nonada
585AG,585.0,AG,2,7,1,0.0007639419404125,mat,syn,False,nonada,nonada,nonada
585AG,585.0,AG,3,3,1,0.0007639419404125,mat,syn,False,nonada,nonada,nonada
585AG,585.0,AG,3,7,2,0.001527883880825,mat,syn,False,nonada,nonada,nonada
585AG,585.0,AG,3,10,3,0.0022918258212375,mat,syn,False,nonada,nonada,nonada
587TC,587.0,TC,3,10,1,0.0007639419404125,mat,nonsyn,False,nonada,nonada,nonada
588CT,588.0,CT,1,10,1,0.0007639419404125,mat,syn,False,nonada,nonada,nonada
588CT,588.0,CT,2,7,1,0.0007639419404125,mat,syn,False,nonada,nonada,nonada
588CT,588.0,CT,2,10,2,0.001527883880825,mat,syn,False,nonada,nonada,nonada
588CT,588.0,CT,3,3,1,0.0007639419404125,mat,syn,False,nonada,nonada,nonada
589GA,589.0,GA,1,10,1,0.0007639419404125,mat,nonsyn,False,nonada,nonada,nonada
589GA,589.0,GA,2,7,1,0.0007639419404125,mat,nonsyn,False,nonada,nonada,nonada
589GA,589.0,GA,3,7,1,0.0007639419404125,mat,nonsyn,False,nonada,nonada,nonada
590CT,590.0,CT,1,10,2,0.001527883880825,mat,nonsyn,False,nonada,nonada,nonada
590CT,590.0,CT,2,7,1,0.0007639419404125,mat,nonsyn,False,nonada,nonada,nonada
591GA,591.0,GA,3,7,1,0.0007639419404125,mat,syn,False,nonada,nonada,nonada
591GA,591.0,GA,3,10,1,0.0007639419404125,mat,syn,False,nonada,nonada,nonada
592AC,592.0,AC,3,10,1,0.0007639419404125,mat,nonsyn,False,nonada,nonada,nonada
592AG,592.0,AG,2,3,1,0.0007639419404125,mat,nonsyn,False,nonada,nonada,nonada
592AT,592.0,AT,2,3,1,0.0007639419404125,mat,nonsyn,False,nonada,nonada,nonada
592AT,592.0,AT,3,3,1,0.0007639419404125,mat,nonsyn,False,nonada,nonada,nonada
592AT,592.0,AT,3,7,1,0.0007639419404125,mat,nonsyn,False,nonada,nonada,nonada
592AT,592.0,AT,3,10,2,0.001527883880825,mat,nonsyn,False,nonada,nonada,nonada
593CT,593.0,CT,2,7,1,0.0007639419404125,mat,nonsyn,False,nonada,nonada,nonada
593CT,593.0,CT,3,7,1,0.0007639419404125,mat,nonsyn,False,nonada,nonada,nonada
593CT,593.0,CT,3,10,2,0.001527883880825,mat,nonsyn,False,nonada,nonada,nonada
594GA,594.0,GA,1,3,2,0.001527883880825,mat,syn,False,nonada,nonada,nonada
594GA,594.0,GA,1,7,1,0.0007639419404125,mat,syn,False,nonada,nonada,nonada
594GA,594.0,GA,1,10,1,0.0007639419404125,mat,syn,False,nonada,nonada,nonada
594GA,594.0,GA,2,3,2,0.001527883880825,mat,syn,False,nonada,nonada,nonada
594GA,594.0,GA,3,3,2,0.001527883880825,mat,syn,False,nonada,nonada,nonada
594GA,594.0,GA,3,7,2,0.001527883880825,mat,syn,False,nonada,nonada,nonada
595CA,595.0,CA,1,3,2,0.001527883880825,mat,nonsyn,False,nonada,nonada,nonada
595CA,595.0,CA,1,10,1,0.0007639419404125,mat,nonsyn,False,nonada,nonada,nonada
595CA,595.0,CA,2,3,1,0.0007639419404125,mat,nonsyn,False,nonada,nonada,nonada
595CA,595.0,CA,3,3,1,0.0007639419404125,mat,nonsyn,False,nonada,nonada,nonada
595CA,595.0,CA,3,7,2,0.001527883880825,mat,nonsyn,False,nonada,nonada,nonada
596AC,596.0,AC,2,7,1,0.0007639419404125,mat,nonsyn,False,nonada,nonada,nonada
596AG,596.0,AG,2,10,1,0.0007639419404125,mat,nonsyn,False,nonada,nonada,nonada
597AC,597.0,AC,3,3,1,0.0007639419404125,mat,nonsyn,False,nonada,nonada,nonada
597AG,597.0,AG,1,10,1,0.0007639419404125,mat,syn,False,nonada,nonada,nonada
597AG,597.0,AG,2,7,3,0.0022918258212375,mat,syn,False,nonada,nonada,nonada
597AG,597.0,AG,2,10,1,0.0007639419404125,mat,syn,False,nonada,nonada,nonada
597AG,597.0,AG,3,10,2,0.001527883880825,mat,syn,False,nonada,nonada,nonada
597AT,597.0,AT,1,3,1,0.0007639419404125,mat,nonsyn,False,nonada,nonada,nonada
598AT,598.0,AT,3,3,1,0.0007639419404125,mat,nonsyn,False,nonada,nonada,nonada
599CT,599.0,CT,3,7,1,0.0007639419404125,mat,nonsyn,False,nonada,nonada,nonada
600CT,600.0,CT,3,10,2,0.001527883880825,mat,syn,False,nonada,nonada,nonada
601AG,601.0,AG,1,7,1,0.0007639419404125,mat,nonsyn,False,nonada,nonada,nonada
601AG,601.0,AG,3,3,1,0.0007639419404125,mat,nonsyn,False,nonada,nonada,nonada
601AG,601.0,AG,3,7,1,0.0007639419404125,mat,nonsyn,False,nonada,nonada,nonada
601AT,601.0,AT,2,10,1,0.0007639419404125,mat,nonsyn,False,nonada,nonada,nonada
602TA,602.0,TA,3,3,1,0.0007639419404125,mat,nonsyn,False,nonada,nonada,nonada
602TC,602.0,TC,2,3,2,0.001527883880825,mat,nonsyn,False,nonada,nonada,nonada
602TC,602.0,TC,2,10,1,0.0007639419404125,mat,nonsyn,False,nonada,nonada,nonada
602TC,602.0,TC,3,7,1,0.0007639419404125,mat,nonsyn,False,nonada,nonada,nonada
603TA,603.0,TA,2,3,1,0.0007639419404125,mat,syn,False,nonada,nonada,nonada
603TC,603.0,TC,1,7,1,0.0007639419404125,mat,syn,False,nonada,nonada,nonada
603TC,603.0,TC,1,10,2,0.001527883880825,mat,syn,False,nonada,nonada,nonada
603TC,603.0,TC,2,10,1,0.0007639419404125,mat,syn,False,nonada,nonada,nonada
603TC,603.0,TC,3,7,1,0.0007639419404125,mat,syn,False,nonada,nonada,nonada
603TC,603.0,TC,3,10,2,0.001527883880825,mat,syn,False,nonada,nonada,nonada
604GA,604.0,GA,1,3,1,0.0007639419404125,mat,nonsyn,False,nonada,nonada,nonada
604GA,604.0,GA,1,10,1,0.0007639419404125,mat,nonsyn,False,nonada,nonada,nonada
604GA,604.0,GA,2,3,1,0.0007639419404125,mat,nonsyn,False,nonada,nonada,nonada
604GT,604.0,GT,1,10,1,0.0007639419404125,mat,nonsyn,False,nonada,nonada,nonada
605CT,605.0,CT,1,3,1,0.0007639419404125,mat,nonsyn,False,nonada,nonada,nonada
605CT,605.0,CT,3,7,1,0.0007639419404125,mat,nonsyn,False,nonada,nonada,nonada
606GA,606.0,GA,2,3,1,0.0007639419404125,mat,syn,False,nonada,nonada,nonada
606GA,606.0,GA,3,3,1,0.0007639419404125,mat,syn,False,nonada,nonada,nonada
607CT,607.0,CT,1,3,1,0.0007639419404125,mat,nonsyn,False,nonada,nonada,nonada
607CT,607.0,CT,2,3,1,0.0007639419404125,mat,nonsyn,False,nonada,nonada,nonada
607CT,607.0,CT,2,10,1,0.0007639419404125,mat,nonsyn,False,nonada,nonada,nonada
607CT,607.0,CT,3,10,2,0.001527883880825,mat,nonsyn,False,nonada,nonada,nonada
608TA,608.0,TA,1,7,1,0.0007639419404125,mat,nonsyn,False,nonada,nonada,nonada
608TG,608.0,TG,1,7,1,0.0007639419404125,mat,nonsyn,False,nonada,nonada,nonada
608TG,608.0,TG,3,10,1,0.0007639419404125,mat,nonsyn,False,nonada,nonada,nonada
609CT,609.0,CT,1,3,1,0.0007639419404125,mat,syn,False,nonada,nonada,nonada
610GA,610.0,GA,1,3,3,0.0022918258212375,mat,nonsyn,False,nonada,nonada,nonada
610GA,610.0,GA,2,7,1,0.0007639419404125,mat,nonsyn,False,nonada,nonada,nonada
610GA,610.0,GA,3,3,1,0.0007639419404125,mat,nonsyn,False,nonada,nonada,nonada
611TC,611.0,TC,1,7,1,0.0007639419404125,mat,nonsyn,False,nonada,nonada,nonada
611TC,611.0,TC,1,10,1,0.0007639419404125,mat,nonsyn,False,nonada,nonada,nonada
611TC,611.0,TC,2,7,1,0.0007639419404125,mat,nonsyn,False,nonada,nonada,nonada
611TC,611.0,TC,3,3,1,0.0007639419404125,mat,nonsyn,False,nonada,nonada,nonada
611TC,611.0,TC,3,7,1,0.0007639419404125,mat,nonsyn,False,nonada,nonada,nonada
611TG,611.0,TG,1,7,1,0.0007639419404125,mat,nonsyn,False,nonada,nonada,nonada
612GA,612.0,GA,2,7,1,0.0007639419404125,mat,syn,False,nonada,nonada,nonada
612GA,612.0,GA,3,7,1,0.0007639419404125,mat,syn,False,nonada,nonada,nonada
612GA,612.0,GA,3,10,1,0.0007639419404125,mat,syn,False,nonada,nonada,nonada
613AC,613.0,AC,3,3,1,0.0007639419404125,mat,nonsyn,False,nonada,nonada,nonada
613AG,613.0,AG,2,10,1,0.0007639419404125,mat,nonsyn,False,nonada,nonada,nonada
613AG,613.0,AG,3,7,1,0.0007639419404125,mat,nonsyn,False,nonada,nonada,nonada
613AT,613.0,AT,1,7,1,0.0007639419404125,mat,nonsyn,True,nonada,nonada,nonada
614AC,614.0,AC,1,10,1,0.0007639419404125,mat,nonsyn,False,nonada,nonada,nonada
614AG,614.0,AG,1,3,2,0.001527883880825,mat,nonsyn,False,nonada,nonada,nonada
614AG,614.0,AG,2,7,1,0.0007639419404125,mat,nonsyn,False,nonada,nonada,nonada
614AG,614.0,AG,2,10,2,0.001527883880825,mat,nonsyn,False,nonada,nonada,nonada
615GA,615.0,GA,2,10,1,0.0007639419404125,mat,syn,False,nonada,nonada,nonada
615GA,615.0,GA,3,7,1,0.0007639419404125,mat,syn,False,nonada,nonada,nonada
615GA,615.0,GA,3,10,2,0.001527883880825,mat,syn,False,nonada,nonada,nonada
615GT,615.0,GT,2,10,2,0.001527883880825,mat,nonsyn,False,nonada,nonada,nonada
616GA,616.0,GA,1,7,1,0.0007639419404125,mat,nonsyn,False,nonada,nonada,nonada
616GA,616.0,GA,2,3,1,0.0007639419404125,mat,nonsyn,False,nonada,nonada,nonada
616GA,616.0,GA,3,7,2,0.001527883880825,mat,nonsyn,False,nonada,nonada,nonada
616GT,616.0,GT,2,10,1,0.0007639419404125,mat,nonsyn,False,nonada,nonada,nonada
617CT,617.0,CT,1,3,1,0.0007639419404125,mat,nonsyn,False,nonada,nonada,nonada
617CT,617.0,CT,2,3,1,0.0007639419404125,mat,nonsyn,False,nonada,nonada,nonada
617CT,617.0,CT,3,7,1,0.0007639419404125,mat,nonsyn,False,nonada,nonada,nonada
618GA,618.0,GA,1,3,3,0.0022918258212375,mat,syn,False,nonada,nonada,nonada
618GA,618.0,GA,2,3,1,0.0007639419404125,mat,syn,False,nonada,nonada,nonada
618GA,618.0,GA,3,10,1,0.0007639419404125,mat,syn,False,nonada,nonada,nonada
618GC,618.0,GC,1,7,1,0.0007639419404125,mat,syn,False,nonada,nonada,nonada
619TC,619.0,TC,2,10,1,0.0007639419404125,mat,nonsyn,False,nonada,nonada,nonada
619TC,619.0,TC,3,3,1,0.0007639419404125,mat,nonsyn,False,nonada,nonada,nonada
619TC,619.0,TC,3,7,1,0.0007639419404125,mat,nonsyn,False,nonada,nonada,nonada
620AC,620.0,AC,1,3,1,0.0007639419404125,mat,nonsyn,False,nonada,nonada,nonada
620AC,620.0,AC,3,7,1,0.0007639419404125,mat,nonsyn,False,nonada,nonada,nonada
620AC,620.0,AC,3,10,1,0.0007639419404125,mat,nonsyn,False,nonada,nonada,nonada
621CT,621.0,CT,1,7,1,0.0007639419404125,mat,syn,False,nonada,nonada,nonada
621CT,621.0,CT,2,7,1,0.0007639419404125,mat,syn,False,nonada,nonada,nonada
621CT,621.0,CT,3,7,1,0.0007639419404125,mat,syn,False,nonada,nonada,nonada
622AG,622.0,AG,3,10,1,0.0007639419404125,mat,nonsyn,False,nonada,nonada,nonada
623CT,623.0,CT,2,7,1,0.0007639419404125,mat,nonsyn,False,nonada,nonada,nonada
623CT,623.0,CT,2,10,1,0.0007639419404125,mat,nonsyn,False,nonada,nonada,nonada
623CT,623.0,CT,3,10,1,0.0007639419404125,mat,nonsyn,False,nonada,nonada,nonada
624TC,624.0,TC,1,3,1,0.0007639419404125,mat,syn,False,nonada,nonada,nonada
624TC,624.0,TC,1,7,1,0.0007639419404125,mat,syn,False,nonada,nonada,nonada
624TC,624.0,TC,2,3,1,0.0007639419404125,mat,syn,False,nonada,nonada,nonada
624TC,624.0,TC,3,7,1,0.0007639419404125,mat,syn,False,nonada,nonada,nonada
625GA,625.0,GA,2,10,1,0.0007639419404125,mat,nonsyn,False,nonada,nonada,nonada
625GA,625.0,GA,3,7,1,0.0007639419404125,mat,nonsyn,False,nonada,nonada,nonada
626CT,626.0,CT,1,10,2,0.001527883880825,mat,nonsyn,False,nonada,nonada,nonada
626CT,626.0,CT,2,3,1,0.0007639419404125,mat,nonsyn,False,nonada,nonada,nonada
626CT,626.0,CT,3,7,1,0.0007639419404125,mat,nonsyn,False,nonada,nonada,nonada
626CT,626.0,CT,3,10,1,0.0007639419404125,mat,nonsyn,False,nonada,nonada,nonada
627CT,627.0,CT,1,10,1,0.0007639419404125,mat,syn,False,nonada,nonada,nonada
627CT,627.0,CT,2,7,1,0.0007639419404125,mat,syn,False,nonada,nonada,nonada
627CT,627.0,CT,2,10,3,0.0022918258212375,mat,syn,False,nonada,nonada,nonada
627CT,627.0,CT,3,7,1,0.0007639419404125,mat,syn,False,nonada,nonada,nonada
627CT,627.0,CT,3,10,1,0.0007639419404125,mat,syn,False,nonada,nonada,nonada
628GA,628.0,GA,2,3,2,0.001527883880825,mat,nonsyn,False,nonada,nonada,nonada
628GA,628.0,GA,2,10,1,0.0007639419404125,mat,nonsyn,False,nonada,nonada,nonada
629CT,629.0,CT,1,3,1,0.0007639419404125,mat,nonsyn,False,nonada,nonada,nonada
630TC,630.0,TC,2,10,1,0.0007639419404125,mat,syn,False,nonada,nonada,nonada
630TC,630.0,TC,3,7,1,0.0007639419404125,mat,syn,False,nonada,nonada,nonada
631CT,631.0,CT,1,7,1,0.0007639419404125,mat,nonsyn,False,nonada,nonada,nonada
631CT,631.0,CT,2,7,1,0.0007639419404125,mat,nonsyn,False,nonada,nonada,nonada
632GA,632.0,GA,1,3,1,0.0007639419404125,mat,nonsyn,False,nonada,nonada,nonada
632GA,632.0,GA,1,10,1,0.0007639419404125,mat,nonsyn,False,nonada,nonada,nonada
632GA,632.0,GA,3,10,1,0.0007639419404125,mat,nonsyn,False,nonada,nonada,nonada
632GT,632.0,GT,1,10,1,0.0007639419404125,mat,nonsyn,False,nonada,nonada,nonada
633TC,633.0,TC,1,10,1,0.0007639419404125,mat,syn,False,nonada,nonada,nonada
633TC,633.0,TC,2,3,2,0.001527883880825,mat,syn,False,nonada,nonada,nonada
633TC,633.0,TC,2,10,4,0.0030557677616501,mat,syn,False,nonada,nonada,nonada
633TC,633.0,TC,3,7,4,0.0030557677616501,mat,syn,False,nonada,nonada,nonada
633TC,633.0,TC,3,10,1,0.0007639419404125,mat,syn,False,nonada,nonada,nonada
633TG,633.0,TG,1,10,1,0.0007639419404125,mat,syn,False,nonada,nonada,nonada
634CT,634.0,CT,1,3,1,0.0007639419404125,mat,nonsyn,False,nonada,nonada,nonada
634CT,634.0,CT,2,3,2,0.001527883880825,mat,nonsyn,False,nonada,nonada,nonada
634CT,634.0,CT,2,7,1,0.0007639419404125,mat,nonsyn,False,nonada,nonada,nonada
634CT,634.0,CT,3,10,1,0.0007639419404125,mat,nonsyn,False,nonada,nonada,nonada
635GA,635.0,GA,2,7,1,0.0007639419404125,mat,nonsyn,False,nonada,nonada,nonada
635GA,635.0,GA,3,3,2,0.001527883880825,mat,nonsyn,False,nonada,nonada,nonada
636CG,636.0,CG,2,10,1,0.0007639419404125,mat,syn,False,nonada,nonada,nonada
636CT,636.0,CT,1,10,2,0.001527883880825,mat,syn,False,nonada,nonada,nonada
637GA,637.0,GA,1,3,1,0.0007639419404125,mat,nonsyn,False,nonada,nonada,nonada
638GA,638.0,GA,1,10,1,0.0007639419404125,mat,nonsyn,False,nonada,nonada,nonada
638GA,638.0,GA,3,10,2,0.001527883880825,mat,nonsyn,False,nonada,nonada,nonada
638GT,638.0,GT,3,10,1,0.0007639419404125,mat,nonsyn,False,nonada,nonada,nonada
639TA,639.0,TA,3,10,1,0.0007639419404125,mat,syn,False,nonada,nonada,nonada
639TC,639.0,TC,1,7,1,0.0007639419404125,mat,syn,False,nonada,nonada,nonada
639TC,639.0,TC,1,10,1,0.0007639419404125,mat,syn,False,nonada,nonada,nonada
639TC,639.0,TC,2,7,1,0.0007639419404125,mat,syn,False,nonada,nonada,nonada
639TC,639.0,TC,3,3,1,0.0007639419404125,mat,syn,False,nonada,nonada,nonada
640AC,640.0,AC,2,3,1,0.0007639419404125,mat,nonsyn,False,nonada,nonada,nonada
640AC,640.0,AC,3,3,1,0.0007639419404125,mat,nonsyn,False,nonada,nonada,nonada
640AG,640.0,AG,2,3,1,0.0007639419404125,mat,nonsyn,False,nonada,nonada,nonada
640AG,640.0,AG,3,3,1,0.0007639419404125,mat,nonsyn,False,nonada,nonada,nonada
641AG,641.0,AG,1,7,1,0.0007639419404125,mat,nonsyn,False,nonada,nonada,nonada
641AG,641.0,AG,2,3,1,0.0007639419404125,mat,nonsyn,False,nonada,nonada,nonada
642TC,642.0,TC,1,3,1,0.0007639419404125,mat,syn,False,nonada,nonada,nonada
642TC,642.0,TC,1,7,1,0.0007639419404125,mat,syn,False,nonada,nonada,nonada
642TC,642.0,TC,2,10,1,0.0007639419404125,mat,syn,False,nonada,nonada,nonada
642TC,642.0,TC,3,7,2,0.001527883880825,mat,syn,False,nonada,nonada,nonada
642TC,642.0,TC,3,10,1,0.0007639419404125,mat,syn,False,nonada,nonada,nonada
642TG,642.0,TG,1,10,1,0.0007639419404125,mat,nonsyn,False,nonada,nonada,nonada
643TC,643.0,TC,1,3,1,0.0007639419404125,mat,nonsyn,False,nonada,nonada,nonada
643TG,643.0,TG,3,10,1,0.0007639419404125,mat,nonsyn,False,nonada,nonada,nonada
644GA,644.0,GA,1,10,1,0.0007639419404125,mat,nonsyn,True,nonada,nonada,nonada
644GT,644.0,GT,1,7,1,0.0007639419404125,mat,nonsyn,False,nonada,nonada,nonada
644GT,644.0,GT,2,7,1,0.0007639419404125,mat,nonsyn,False,nonada,nonada,nonada
645GA,645.0,GA,2,3,2,0.001527883880825,mat,nonsyn,True,nonada,nonada,nonada
645GA,645.0,GA,3,10,1,0.0007639419404125,mat,nonsyn,True,nonada,nonada,nonada
645GC,645.0,GC,2,7,1,0.0007639419404125,mat,nonsyn,False,nonada,nonada,nonada
646CT,646.0,CT,1,7,2,0.001527883880825,mat,nonsyn,False,nonada,nonada,nonada
646CT,646.0,CT,1,10,1,0.0007639419404125,mat,nonsyn,False,nonada,nonada,nonada
647GA,647.0,GA,3,3,1,0.0007639419404125,mat,nonsyn,False,nonada,nonada,nonada
648CT,648.0,CT,1,3,2,0.001527883880825,mat,syn,False,nonada,nonada,nonada
648CT,648.0,CT,1,7,2,0.001527883880825,mat,syn,False,nonada,nonada,nonada
648CT,648.0,CT,1,10,1,0.0007639419404125,mat,syn,False,nonada,nonada,nonada
648CT,648.0,CT,2,3,1,0.0007639419404125,mat,syn,False,nonada,nonada,nonada
648CT,648.0,CT,3,10,1,0.0007639419404125,mat,syn,False,nonada,nonada,nonada
649CT,649.0,CT,1,3,1,0.0007639419404125,mat,nonsyn,True,nonada,nonada,nonada
649CT,649.0,CT,3,10,1,0.0007639419404125,mat,nonsyn,True,nonada,nonada,nonada
650AG,650.0,AG,1,10,2,0.001527883880825,mat,nonsyn,False,nonada,nonada,nonada
650AG,650.0,AG,3,3,1,0.0007639419404125,mat,nonsyn,False,nonada,nonada,nonada
650AG,650.0,AG,3,7,1,0.0007639419404125,mat,nonsyn,False,nonada,nonada,nonada
650AG,650.0,AG,3,10,1,0.0007639419404125,mat,nonsyn,False,nonada,nonada,nonada
651GA,651.0,GA,1,3,1,0.0007639419404125,mat,syn,False,nonada,nonada,nonada
651GA,651.0,GA,1,7,1,0.0007639419404125,mat,syn,False,nonada,nonada,nonada
651GA,651.0,GA,2,3,1,0.0007639419404125,mat,syn,False,nonada,nonada,nonada
651GT,651.0,GT,2,3,1,0.0007639419404125,mat,nonsyn,False,nonada,nonada,nonada
652GA,652.0,GA,1,10,2,0.001527883880825,mat,nonsyn,False,nonada,nonada,nonada
652GA,652.0,GA,2,10,1,0.0007639419404125,mat,nonsyn,False,nonada,nonada,nonada
652GA,652.0,GA,3,7,2,0.001527883880825,mat,nonsyn,False,nonada,nonada,nonada
653CT,653.0,CT,2,10,1,0.0007639419404125,mat,nonsyn,False,nonada,nonada,nonada
654GA,654.0,GA,1,7,1,0.0007639419404125,mat,syn,False,nonada,nonada,nonada
654GA,654.0,GA,2,3,1,0.0007639419404125,mat,syn,False,nonada,nonada,nonada
654GA,654.0,GA,2,10,2,0.001527883880825,mat,syn,False,nonada,nonada,nonada
654GA,654.0,GA,3,10,1,0.0007639419404125,mat,syn,False,nonada,nonada,nonada
655CT,655.0,CT,1,7,1,0.0007639419404125,mat,nonsyn,False,nonada,nonada,nonada
656TA,656.0,TA,3,7,1,0.0007639419404125,mat,nonsyn,False,nonada,nonada,nonada
656TC,656.0,TC,2,7,1,0.0007639419404125,mat,nonsyn,False,nonada,nonada,nonada
657CT,657.0,CT,2,7,1,0.0007639419404125,mat,syn,False,nonada,nonada,nonada
657CT,657.0,CT,2,10,1,0.0007639419404125,mat,syn,False,nonada,nonada,nonada
658CA,658.0,CA,3,7,1,0.0007639419404125,mat,nonsyn,False,nonada,nonada,nonada
658CT,658.0,CT,1,7,1,0.0007639419404125,mat,nonsyn,False,nonada,nonada,nonada
658CT,658.0,CT,2,10,2,0.001527883880825,mat,nonsyn,False,nonada,nonada,nonada
659GA,659.0,GA,1,7,1,0.0007639419404125,mat,nonsyn,False,nonada,nonada,nonada
659GA,659.0,GA,1,10,2,0.001527883880825,mat,nonsyn,False,nonada,nonada,nonada
659GA,659.0,GA,2,10,1,0.0007639419404125,mat,nonsyn,False,nonada,nonada,nonada
659GA,659.0,GA,3,3,2,0.001527883880825,mat,nonsyn,False,nonada,nonada,nonada
659GA,659.0,GA,3,7,1,0.0007639419404125,mat,nonsyn,False,nonada,nonada,nonada
660CA,660.0,CA,1,10,1,0.0007639419404125,mat,syn,False,nonada,nonada,nonada
660CA,660.0,CA,2,7,1,0.0007639419404125,mat,syn,False,nonada,nonada,nonada
660CT,660.0,CT,1,7,1,0.0007639419404125,mat,syn,False,nonada,nonada,nonada
660CT,660.0,CT,3,3,1,0.0007639419404125,mat,syn,False,nonada,nonada,nonada
660CT,660.0,CT,3,7,1,0.0007639419404125,mat,syn,False,nonada,nonada,nonada
660CT,660.0,CT,3,10,1,0.0007639419404125,mat,syn,False,nonada,nonada,nonada
661TC,661.0,TC,1,7,2,0.001527883880825,mat,nonsyn,False,nonada,nonada,nonada
661TC,661.0,TC,2,7,1,0.0007639419404125,mat,nonsyn,False,nonada,nonada,nonada
661TC,661.0,TC,2,10,1,0.0007639419404125,mat,nonsyn,False,nonada,nonada,nonada
661TG,661.0,TG,3,3,1,0.0007639419404125,mat,nonsyn,False,nonada,nonada,nonada
663CT,663.0,CT,1,3,1,0.0007639419404125,mat,syn,False,nonada,nonada,nonada
663CT,663.0,CT,2,7,1,0.0007639419404125,mat,syn,False,nonada,nonada,nonada
664CT,664.0,CT,1,10,1,0.0007639419404125,mat,nonsyn,False,nonada,nonada,nonada
665TC,665.0,TC,1,7,1,0.0007639419404125,mat,nonsyn,False,nonada,nonada,nonada
666TC,666.0,TC,1,3,2,0.001527883880825,mat,syn,False,nonada,nonada,nonada
666TC,666.0,TC,1,7,3,0.0022918258212375,mat,syn,False,nonada,nonada,nonada
666TC,666.0,TC,2,3,1,0.0007639419404125,mat,syn,False,nonada,nonada,nonada
666TC,666.0,TC,2,10,3,0.0022918258212375,mat,syn,False,nonada,nonada,nonada
666TC,666.0,TC,3,10,1,0.0007639419404125,mat,syn,False,nonada,nonada,nonada
666TG,666.0,TG,3,7,1,0.0007639419404125,mat,syn,False,nonada,nonada,nonada
667GA,667.0,GA,1,7,1,0.0007639419404125,mat,nonsyn,False,nonada,nonada,nonada
667GA,667.0,GA,1,10,2,0.001527883880825,mat,nonsyn,False,nonada,nonada,nonada
667GA,667.0,GA,2,7,1,0.0007639419404125,mat,nonsyn,False,nonada,nonada,nonada
667GA,667.0,GA,2,10,1,0.0007639419404125,mat,nonsyn,False,nonada,nonada,nonada
669CT,669.0,CT,3,7,1,0.0007639419404125,mat,syn,False,nonada,nonada,nonada
670CA,670.0,CA,2,10,1,0.0007639419404125,mat,nonsyn,False,nonada,nonada,nonada
670CT,670.0,CT,1,10,1,0.0007639419404125,mat,syn,False,nonada,nonada,nonada
670CT,670.0,CT,2,3,1,0.0007639419404125,mat,syn,False,nonada,nonada,nonada
670CT,670.0,CT,2,10,1,0.0007639419404125,mat,syn,False,nonada,nonada,nonada
670CT,670.0,CT,3,7,2,0.001527883880825,mat,syn,False,nonada,nonada,nonada
670CT,670.0,CT,3,10,1,0.0007639419404125,mat,syn,False,nonada,nonada,nonada
671TA,671.0,TA,1,3,1,0.0007639419404125,mat,nonsyn,False,nonada,nonada,nonada
671TA,671.0,TA,2,3,1,0.0007639419404125,mat,nonsyn,False,nonada,nonada,nonada
671TA,671.0,TA,2,7,2,0.001527883880825,mat,nonsyn,False,nonada,nonada,nonada
671TA,671.0,TA,3,7,1,0.0007639419404125,mat,nonsyn,False,nonada,nonada,nonada
671TC,671.0,TC,1,7,1,0.0007639419404125,mat,nonsyn,False,nonada,nonada,nonada
671TC,671.0,TC,1,10,1,0.0007639419404125,mat,nonsyn,False,nonada,nonada,nonada
671TG,671.0,TG,1,10,1,0.0007639419404125,mat,nonsyn,False,nonada,nonada,nonada
672AG,672.0,AG,1,7,1,0.0007639419404125,mat,syn,False,nonada,nonada,nonada
672AG,672.0,AG,3,7,1,0.0007639419404125,mat,syn,False,nonada,nonada,nonada
674AG,674.0,AG,1,3,1,0.0007639419404125,mat,nonsyn,False,nonada,nonada,nonada
674AG,674.0,AG,2,10,1,0.0007639419404125,mat,nonsyn,False,nonada,nonada,nonada
674AG,674.0,AG,3,10,1,0.0007639419404125,mat,nonsyn,False,nonada,nonada,nonada
675CT,675.0,CT,1,7,1,0.0007639419404125,mat,syn,False,nonada,nonada,nonada
675CT,675.0,CT,2,10,1,0.0007639419404125,mat,syn,False,nonada,nonada,nonada
675CT,675.0,CT,3,10,1,0.0007639419404125,mat,syn,False,nonada,nonada,nonada
676GA,676.0,GA,2,7,2,0.001527883880825,mat,nonsyn,False,nonada,nonada,nonada
676GA,676.0,GA,2,10,1,0.0007639419404125,mat,nonsyn,False,nonada,nonada,nonada
677AC,677.0,AC,1,10,1,0.0007639419404125,mat,nonsyn,False,nonada,nonada,nonada
677AG,677.0,AG,2,7,1,0.0007639419404125,mat,nonsyn,False,nonada,nonada,nonada
677AG,677.0,AG,2,10,1,0.0007639419404125,mat,nonsyn,False,nonada,nonada,nonada
678AG,678.0,AG,1,3,2,0.001527883880825,mat,syn,False,nonada,nonada,nonada
678AG,678.0,AG,1,10,1,0.0007639419404125,mat,syn,False,nonada,nonada,nonada
678AG,678.0,AG,3,3,1,0.0007639419404125,mat,syn,False,nonada,nonada,nonada
679GA,679.0,GA,3,10,1,0.0007639419404125,mat,nonsyn,False,nonada,nonada,nonada
680AG,680.0,AG,1,3,1,0.0007639419404125,mat,nonsyn,False,nonada,nonada,nonada
680AG,680.0,AG,1,7,1,0.0007639419404125,mat,nonsyn,False,nonada,nonada,nonada
680AG,680.0,AG,3,10,1,0.0007639419404125,mat,nonsyn,False,nonada,nonada,nonada
681TA,681.0,TA,3,10,1,0.0007639419404125,mat,nonsyn,False,nonada,nonada,nonada
681TC,681.0,TC,1,3,1,0.0007639419404125,mat,syn,False,nonada,nonada,nonada
681TC,681.0,TC,2,3,2,0.001527883880825,mat,syn,False,nonada,nonada,nonada
681TC,681.0,TC,2,10,2,0.001527883880825,mat,syn,False,nonada,nonada,nonada
681TC,681.0,TC,3,7,1,0.0007639419404125,mat,syn,False,nonada,nonada,nonada
683GA,683.0,GA,1,3,3,0.0022918258212375,mat,nonsyn,False,nonada,nonada,nonada
683GA,683.0,GA,1,7,2,0.001527883880825,mat,nonsyn,False,nonada,nonada,nonada
683GA,683.0,GA,1,10,2,0.001527883880825,mat,nonsyn,False,nonada,nonada,nonada
683GA,683.0,GA,2,10,2,0.001527883880825,mat,nonsyn,False,nonada,nonada,nonada
683GA,683.0,GA,3,3,2,0.001527883880825,mat,nonsyn,False,nonada,nonada,nonada
683GA,683.0,GA,3,7,1,0.0007639419404125,mat,nonsyn,False,nonada,nonada,nonada
683GA,683.0,GA,3,10,3,0.0022918258212375,mat,nonsyn,False,nonada,nonada,nonada
684AG,684.0,AG,1,3,1,0.0007639419404125,mat,syn,False,nonada,nonada,nonada
684AG,684.0,AG,2,7,3,0.0022918258212375,mat,syn,False,nonada,nonada,nonada
684AG,684.0,AG,2,10,1,0.0007639419404125,mat,syn,False,nonada,nonada,nonada
684AG,684.0,AG,3,3,1,0.0007639419404125,mat,syn,False,nonada,nonada,nonada
684AG,684.0,AG,3,7,2,0.001527883880825,mat,syn,False,nonada,nonada,nonada
684AG,684.0,AG,3,10,1,0.0007639419404125,mat,syn,False,nonada,nonada,nonada
685AG,685.0,AG,2,7,1,0.0007639419404125,mat,nonsyn,False,nonada,nonada,nonada
685AG,685.0,AG,2,10,1,0.0007639419404125,mat,nonsyn,False,nonada,nonada,nonada
685AT,685.0,AT,2,7,1,0.0007639419404125,mat,nonsyn,True,nonada,nonada,nonada
686AG,686.0,AG,1,3,1,0.0007639419404125,mat,nonsyn,False,nonada,nonada,nonada
686AG,686.0,AG,1,7,1,0.0007639419404125,mat,nonsyn,False,nonada,nonada,nonada
686AG,686.0,AG,3,10,2,0.001527883880825,mat,nonsyn,False,nonada,nonada,nonada
686AT,686.0,AT,2,7,1,0.0007639419404125,mat,nonsyn,False,nonada,nonada,nonada
687GA,687.0,GA,1,7,3,0.0022918258212375,mat,syn,False,nonada,nonada,nonada
687GA,687.0,GA,1,10,1,0.0007639419404125,mat,syn,False,nonada,nonada,nonada
687GA,687.0,GA,3,3,2,0.001527883880825,mat,syn,False,nonada,nonada,nonada
687GC,687.0,GC,3,7,1,0.0007639419404125,mat,nonsyn,False,nonada,nonada,nonada
687GT,687.0,GT,2,7,1,0.0007639419404125,mat,nonsyn,False,nonada,nonada,nonada
687GT,687.0,GT,3,3,1,0.0007639419404125,mat,nonsyn,False,nonada,nonada,nonada
687GT,687.0,GT,3,7,1,0.0007639419404125,mat,nonsyn,False,nonada,nonada,nonada
687GT,687.0,GT,3,10,1,0.0007639419404125,mat,nonsyn,False,nonada,nonada,nonada
688TC,688.0,TC,1,3,1,0.0007639419404125,mat,nonsyn,False,nonada,nonada,nonada
688TC,688.0,TC,2,3,3,0.0022918258212375,mat,nonsyn,False,nonada,nonada,nonada
688TC,688.0,TC,2,10,1,0.0007639419404125,mat,nonsyn,False,nonada,nonada,nonada
689TC,689.0,TC,2,7,1,0.0007639419404125,mat,nonsyn,False,nonada,nonada,nonada
689TC,689.0,TC,2,10,1,0.0007639419404125,mat,nonsyn,False,nonada,nonada,nonada
689TC,689.0,TC,3,10,1,0.0007639419404125,mat,nonsyn,False,nonada,nonada,nonada
689TG,689.0,TG,1,3,1,0.0007639419404125,mat,nonsyn,False,nonada,nonada,nonada
690TC,690.0,TC,1,3,1,0.0007639419404125,mat,syn,False,nonada,nonada,nonada
690TC,690.0,TC,2,7,1,0.0007639419404125,mat,syn,False,nonada,nonada,nonada
690TC,690.0,TC,3,7,1,0.0007639419404125,mat,syn,False,nonada,nonada,nonada
690TC,690.0,TC,3,10,1,0.0007639419404125,mat,syn,False,nonada,nonada,nonada
691CT,691.0,CT,1,10,1,0.0007639419404125,mat,nonsyn,True,nonada,nonada,nonada
692GA,692.0,GA,1,3,1,0.0007639419404125,mat,nonsyn,False,nonada,nonada,nonada
692GA,692.0,GA,1,10,1,0.0007639419404125,mat,nonsyn,False,nonada,nonada,nonada
692GA,692.0,GA,2,10,3,0.0022918258212375,mat,nonsyn,False,nonada,nonada,nonada
692GA,692.0,GA,3,7,1,0.0007639419404125,mat,nonsyn,False,nonada,nonada,nonada
692GA,692.0,GA,3,10,1,0.0007639419404125,mat,nonsyn,False,nonada,nonada,nonada
692GT,692.0,GT,3,7,2,0.001527883880825,mat,nonsyn,False,nonada,nonada,nonada
692GT,692.0,GT,3,10,1,0.0007639419404125,mat,nonsyn,False,nonada,nonada,nonada
693AC,693.0,AC,3,7,1,0.0007639419404125,mat,syn,False,nonada,nonada,nonada
693AG,693.0,AG,1,3,1,0.0007639419404125,mat,syn,False,nonada,nonada,nonada
693AG,693.0,AG,1,7,1,0.0007639419404125,mat,syn,False,nonada,nonada,nonada
693AG,693.0,AG,2,10,2,0.001527883880825,mat,syn,False,nonada,nonada,nonada
693AG,693.0,AG,3,3,1,0.0007639419404125,mat,syn,False,nonada,nonada,nonada
694TC,694.0,TC,1,3,1,0.0007639419404125,mat,nonsyn,False,nonada,nonada,nonada
694TC,694.0,TC,1,10,1,0.0007639419404125,mat,nonsyn,False,nonada,nonada,nonada
694TC,694.0,TC,2,10,1,0.0007639419404125,mat,nonsyn,False,nonada,nonada,nonada
695CA,695.0,CA,1,7,1,0.0007639419404125,mat,nonsyn,True,nonada,nonada,nonada
695CA,695.0,CA,1,10,1,0.0007639419404125,mat,nonsyn,True,nonada,nonada,nonada
695CA,695.0,CA,2,7,2,0.001527883880825,mat,nonsyn,True,nonada,nonada,nonada
695CA,695.0,CA,3,7,4,0.0030557677616501,mat,nonsyn,True,nonada,nonada,nonada
695CA,695.0,CA,3,10,1,0.0007639419404125,mat,nonsyn,True,nonada,nonada,nonada
696AG,696.0,AG,1,3,1,0.0007639419404125,mat,syn,False,nonada,nonada,nonada
696AG,696.0,AG,2,10,2,0.001527883880825,mat,syn,False,nonada,nonada,nonada
696AG,696.0,AG,3,3,1,0.0007639419404125,mat,syn,False,nonada,nonada,nonada
696AG,696.0,AG,3,10,1,0.0007639419404125,mat,syn,False,nonada,nonada,nonada
697AG,697.0,AG,2,7,1,0.0007639419404125,mat,nonsyn,False,nonada,nonada,nonada
698AG,698.0,AG,3,3,1,0.0007639419404125,mat,nonsyn,False,nonada,nonada,nonada
698AG,698.0,AG,3,7,1,0.0007639419404125,mat,nonsyn,False,nonada,nonada,nonada
698AG,698.0,AG,3,10,1,0.0007639419404125,mat,nonsyn,False,nonada,nonada,nonada
699AC,699.0,AC,2,7,1,0.0007639419404125,mat,nonsyn,False,nonada,nonada,nonada
699AG,699.0,AG,1,7,1,0.0007639419404125,mat,syn,False,nonada,nonada,nonada
699AG,699.0,AG,3,10,1,0.0007639419404125,mat,syn,False,nonada,nonada,nonada
700CA,700.0,CA,1,3,1,0.0007639419404125,mat,nonsyn,False,nonada,nonada,nonada
700CA,700.0,CA,1,7,1,0.0007639419404125,mat,nonsyn,False,nonada,nonada,nonada
700CA,700.0,CA,2,3,1,0.0007639419404125,mat,nonsyn,False,nonada,nonada,nonada
700CA,700.0,CA,3,7,1,0.0007639419404125,mat,nonsyn,False,nonada,nonada,nonada
700CT,700.0,CT,1,10,1,0.0007639419404125,mat,nonsyn,False,nonada,nonada,nonada
700CT,700.0,CT,2,10,2,0.001527883880825,mat,nonsyn,False,nonada,nonada,nonada
700CT,700.0,CT,3,3,1,0.0007639419404125,mat,nonsyn,False,nonada,nonada,nonada
700CT,700.0,CT,3,7,1,0.0007639419404125,mat,nonsyn,False,nonada,nonada,nonada
701AC,701.0,AC,1,3,1,0.0007639419404125,mat,nonsyn,False,nonada,nonada,nonada
701AC,701.0,AC,1,7,1,0.0007639419404125,mat,nonsyn,False,nonada,nonada,nonada
702CT,702.0,CT,1,7,1,0.0007639419404125,mat,syn,False,nonada,nonada,nonada
702CT,702.0,CT,2,7,1,0.0007639419404125,mat,syn,False,nonada,nonada,nonada
703GA,703.0,GA,1,7,1,0.0007639419404125,mat,nonsyn,False,nonada,nonada,nonada
703GA,703.0,GA,2,7,1,0.0007639419404125,mat,nonsyn,False,nonada,nonada,nonada
703GA,703.0,GA,2,10,1,0.0007639419404125,mat,nonsyn,False,nonada,nonada,nonada
703GA,703.0,GA,3,10,1,0.0007639419404125,mat,nonsyn,False,nonada,nonada,nonada
704TC,704.0,TC,1,3,1,0.0007639419404125,mat,nonsyn,False,nonada,nonada,nonada
704TC,704.0,TC,2,7,3,0.0022918258212375,mat,nonsyn,False,nonada,nonada,nonada
704TC,704.0,TC,2,10,1,0.0007639419404125,mat,nonsyn,False,nonada,nonada,nonada
704TC,704.0,TC,3,10,1,0.0007639419404125,mat,nonsyn,False,nonada,nonada,nonada
704TG,704.0,TG,1,7,1,0.0007639419404125,mat,nonsyn,False,nonada,nonada,nonada
704TG,704.0,TG,2,7,1,0.0007639419404125,mat,nonsyn,False,nonada,nonada,nonada
704TG,704.0,TG,2,10,1,0.0007639419404125,mat,nonsyn,False,nonada,nonada,nonada
705GA,705.0,GA,1,3,1,0.0007639419404125,mat,syn,False,nonada,nonada,nonada
705GA,705.0,GA,1,7,1,0.0007639419404125,mat,syn,False,nonada,nonada,nonada
705GA,705.0,GA,2,3,1,0.0007639419404125,mat,syn,False,nonada,nonada,nonada
705GA,705.0,GA,2,7,1,0.0007639419404125,mat,syn,False,nonada,nonada,nonada
705GT,705.0,GT,2,10,1,0.0007639419404125,mat,syn,False,nonada,nonada,nonada
706GA,706.0,GA,1,7,1,0.0007639419404125,mat,nonsyn,False,nonada,nonada,nonada
706GA,706.0,GA,1,10,1,0.0007639419404125,mat,nonsyn,False,nonada,nonada,nonada
706GA,706.0,GA,2,7,1,0.0007639419404125,mat,nonsyn,False,nonada,nonada,nonada
706GA,706.0,GA,3,3,1,0.0007639419404125,mat,nonsyn,False,nonada,nonada,nonada
706GT,706.0,GT,2,3,1,0.0007639419404125,mat,nonsyn,False,nonada,nonada,nonada
706GT,706.0,GT,3,3,1,0.0007639419404125,mat,nonsyn,False,nonada,nonada,nonada
707CT,707.0,CT,1,3,1,0.0007639419404125,mat,nonsyn,False,nonada,nonada,nonada
707CT,707.0,CT,1,7,1,0.0007639419404125,mat,nonsyn,False,nonada,nonada,nonada
708CA,708.0,CA,3,10,1,0.0007639419404125,mat,syn,False,nonada,nonada,nonada
708CG,708.0,CG,2,3,1,0.0007639419404125,mat,syn,False,nonada,nonada,nonada
708CT,708.0,CT,1,7,2,0.001527883880825,mat,syn,False,nonada,nonada,nonada
708CT,708.0,CT,2,3,1,0.0007639419404125,mat,syn,False,nonada,nonada,nonada
708CT,708.0,CT,2,7,1,0.0007639419404125,mat,syn,False,nonada,nonada,nonada
708CT,708.0,CT,2,10,1,0.0007639419404125,mat,syn,False,nonada,nonada,nonada
709GA,709.0,GA,1,3,1,0.0007639419404125,mat,nonsyn,False,nonada,nonada,nonada
709GA,709.0,GA,3,3,1,0.0007639419404125,mat,nonsyn,False,nonada,nonada,nonada
709GA,709.0,GA,3,7,1,0.0007639419404125,mat,nonsyn,False,nonada,nonada,nonada
709GA,709.0,GA,3,10,1,0.0007639419404125,mat,nonsyn,False,nonada,nonada,nonada
710GA,710.0,GA,2,3,1,0.0007639419404125,mat,nonsyn,False,nonada,nonada,nonada
710GA,710.0,GA,2,7,1,0.0007639419404125,mat,nonsyn,False,nonada,nonada,nonada
710GA,710.0,GA,3,7,2,0.001527883880825,mat,nonsyn,False,nonada,nonada,nonada
711CA,711.0,CA,2,7,1,0.0007639419404125,mat,syn,False,nonada,nonada,nonada
711CT,711.0,CT,2,10,1,0.0007639419404125,mat,syn,False,nonada,nonada,nonada
711CT,711.0,CT,3,7,1,0.0007639419404125,mat,syn,False,nonada,nonada,nonada
711CT,711.0,CT,3,10,2,0.001527883880825,mat,syn,False,nonada,nonada,nonada
712AG,712.0,AG,2,10,1,0.0007639419404125,mat,nonsyn,False,nonada,nonada,nonada
712AG,712.0,AG,3,7,1,0.0007639419404125,mat,nonsyn,False,nonada,nonada,nonada
713GA,713.0,GA,1,7,1,0.0007639419404125,mat,nonsyn,False,nonada,nonada,nonada
713GA,713.0,GA,3,3,2,0.001527883880825,mat,nonsyn,False,nonada,nonada,nonada
713GA,713.0,GA,3,7,1,0.0007639419404125,mat,nonsyn,False,nonada,nonada,nonada
713GA,713.0,GA,3,10,1,0.0007639419404125,mat,nonsyn,False,nonada,nonada,nonada
714GA,714.0,GA,1,3,1,0.0007639419404125,mat,syn,False,nonada,nonada,nonada
714GA,714.0,GA,1,7,1,0.0007639419404125,mat,syn,False,nonada,nonada,nonada
714GA,714.0,GA,1,10,2,0.001527883880825,mat,syn,False,nonada,nonada,nonada
714GA,714.0,GA,3,7,1,0.0007639419404125,mat,syn,False,nonada,nonada,nonada
715TC,715.0,TC,1,3,1,0.0007639419404125,mat,nonsyn,False,nonada,nonada,nonada
715TG,715.0,TG,2,3,1,0.0007639419404125,mat,nonsyn,False,nonada,nonada,nonada
715TG,715.0,TG,3,3,1,0.0007639419404125,mat,nonsyn,False,nonada,nonada,nonada
715TG,715.0,TG,3,7,1,0.0007639419404125,mat,nonsyn,False,nonada,nonada,nonada
716GA,716.0,GA,1,7,1,0.0007639419404125,mat,nonsyn,True,nonada,nonada,nonada
716GA,716.0,GA,2,3,2,0.001527883880825,mat,nonsyn,True,nonada,nonada,nonada
716GA,716.0,GA,3,3,1,0.0007639419404125,mat,nonsyn,True,nonada,nonada,nonada
717GA,717.0,GA,1,10,1,0.0007639419404125,mat,nonsyn,True,nonada,nonada,nonada
717GA,717.0,GA,2,3,4,0.0030557677616501,mat,nonsyn,True,nonada,nonada,nonada
718TC,718.0,TC,2,3,1,0.0007639419404125,mat,syn,False,nonada,nonada,nonada
718TC,718.0,TC,2,7,1,0.0007639419404125,mat,syn,False,nonada,nonada,nonada
718TC,718.0,TC,3,7,2,0.001527883880825,mat,syn,False,nonada,nonada,nonada
718TG,718.0,TG,2,7,1,0.0007639419404125,mat,nonsyn,False,nonada,nonada,nonada
718TG,718.0,TG,3,3,1,0.0007639419404125,mat,nonsyn,False,nonada,nonada,nonada
719TC,719.0,TC,3,7,1,0.0007639419404125,mat,nonsyn,False,nonada,nonada,nonada
719TG,719.0,TG,1,10,1,0.0007639419404125,mat,nonsyn,False,nonada,nonada,nonada
719TG,719.0,TG,2,3,1,0.0007639419404125,mat,nonsyn,False,nonada,nonada,nonada
720GA,720.0,GA,1,3,1,0.0007639419404125,mat,syn,False,nonada,nonada,nonada
720GA,720.0,GA,2,3,1,0.0007639419404125,mat,syn,False,nonada,nonada,nonada
720GA,720.0,GA,2,7,1,0.0007639419404125,mat,syn,False,nonada,nonada,nonada
720GA,720.0,GA,3,7,2,0.001527883880825,mat,syn,False,nonada,nonada,nonada
720GA,720.0,GA,3,10,1,0.0007639419404125,mat,syn,False,nonada,nonada,nonada
720GT,720.0,GT,2,7,1,0.0007639419404125,mat,nonsyn,False,nonada,nonada,nonada
721GA,721.0,GA,1,10,1,0.0007639419404125,mat,nonsyn,False,nonada,nonada,nonada
721GA,721.0,GA,2,3,1,0.0007639419404125,mat,nonsyn,False,nonada,nonada,nonada
721GA,721.0,GA,3,10,1,0.0007639419404125,mat,nonsyn,False,nonada,nonada,nonada
722AG,722.0,AG,3,7,1,0.0007639419404125,mat,nonsyn,False,nonada,nonada,nonada
723GA,723.0,GA,2,3,1,0.0007639419404125,mat,syn,False,nonada,nonada,nonada
723GA,723.0,GA,2,7,1,0.0007639419404125,mat,syn,False,nonada,nonada,nonada
724TC,724.0,TC,3,10,1,0.0007639419404125,mat,syn,False,nonada,nonada,nonada
726GA,726.0,GA,1,3,1,0.0007639419404125,mat,syn,False,nonada,nonada,nonada
726GA,726.0,GA,1,7,1,0.0007639419404125,mat,syn,False,nonada,nonada,nonada
727CT,727.0,CT,1,7,1,0.0007639419404125,mat,nonsyn,True,nonada,nonada,nonada
728AG,728.0,AG,1,3,1,0.0007639419404125,mat,nonsyn,False,nonada,nonada,nonada
728AG,728.0,AG,1,7,1,0.0007639419404125,mat,nonsyn,False,nonada,nonada,nonada
728AG,728.0,AG,2,3,1,0.0007639419404125,mat,nonsyn,False,nonada,nonada,nonada
728AG,728.0,AG,3,10,1,0.0007639419404125,mat,nonsyn,False,nonada,nonada,nonada
729GA,729.0,GA,2,3,1,0.0007639419404125,mat,syn,False,nonada,nonada,nonada
729GA,729.0,GA,3,3,1,0.0007639419404125,mat,syn,False,nonada,nonada,nonada
729GA,729.0,GA,3,10,1,0.0007639419404125,mat,syn,False,nonada,nonada,nonada
730TC,730.0,TC,1,3,1,0.0007639419404125,mat,nonsyn,False,nonada,nonada,nonada
730TC,730.0,TC,2,7,1,0.0007639419404125,mat,nonsyn,False,nonada,nonada,nonada
730TC,730.0,TC,3,7,1,0.0007639419404125,mat,nonsyn,False,nonada,nonada,nonada
731TC,731.0,TC,1,7,1,0.0007639419404125,mat,nonsyn,False,nonada,nonada,nonada
731TC,731.0,TC,2,7,1,0.0007639419404125,mat,nonsyn,False,nonada,nonada,nonada
733GA,733.0,GA,1,10,1,0.0007639419404125,mat,nonsyn,False,nonada,nonada,nonada
733GA,733.0,GA,3,3,1,0.0007639419404125,mat,nonsyn,False,nonada,nonada,nonada
733GA,733.0,GA,3,7,1,0.0007639419404125,mat,nonsyn,False,nonada,nonada,nonada
733GA,733.0,GA,3,10,1,0.0007639419404125,mat,nonsyn,False,nonada,nonada,nonada
733GT,733.0,GT,2,10,1,0.0007639419404125,mat,nonsyn,False,nonada,nonada,nonada
734GA,734.0,GA,1,7,1,0.0007639419404125,mat,nonsyn,False,nonada,nonada,nonada
734GA,734.0,GA,2,3,1,0.0007639419404125,mat,nonsyn,False,nonada,nonada,nonada
734GA,734.0,GA,2,7,1,0.0007639419404125,mat,nonsyn,False,nonada,nonada,nonada
734GA,734.0,GA,3,10,2,0.001527883880825,mat,nonsyn,False,nonada,nonada,nonada
734GT,734.0,GT,3,10,1,0.0007639419404125,mat,nonsyn,False,nonada,nonada,nonada
735TA,735.0,TA,1,10,1,0.0007639419404125,mat,syn,False,nonada,nonada,nonada
735TA,735.0,TA,3,3,1,0.0007639419404125,mat,syn,False,nonada,nonada,nonada
735TA,735.0,TA,3,10,1,0.0007639419404125,mat,syn,False,nonada,nonada,nonada
735TC,735.0,TC,2,7,1,0.0007639419404125,mat,syn,False,nonada,nonada,nonada
735TC,735.0,TC,2,10,2,0.001527883880825,mat,syn,False,nonada,nonada,nonada
735TC,735.0,TC,3,10,1,0.0007639419404125,mat,syn,False,nonada,nonada,nonada
737GA,737.0,GA,1,7,1,0.0007639419404125,mat,nonsyn,True,nonada,nonada,nonada
737GA,737.0,GA,1,10,1,0.0007639419404125,mat,nonsyn,True,nonada,nonada,nonada
737GA,737.0,GA,3,3,1,0.0007639419404125,mat,nonsyn,True,nonada,nonada,nonada
738GA,738.0,GA,1,7,1,0.0007639419404125,mat,nonsyn,True,nonada,nonada,nonada
738GA,738.0,GA,2,7,1,0.0007639419404125,mat,nonsyn,True,nonada,nonada,nonada
739TC,739.0,TC,1,10,2,0.001527883880825,mat,syn,False,nonada,nonada,nonada
739TC,739.0,TC,2,7,2,0.001527883880825,mat,syn,False,nonada,nonada,nonada
739TC,739.0,TC,2,10,1,0.0007639419404125,mat,syn,False,nonada,nonada,nonada
739TG,739.0,TG,2,7,1,0.0007639419404125,mat,nonsyn,False,nonada,nonada,nonada
740TC,740.0,TC,2,3,1,0.0007639419404125,mat,nonsyn,False,nonada,nonada,nonada
740TC,740.0,TC,2,10,1,0.0007639419404125,mat,nonsyn,False,nonada,nonada,nonada
741AT,741.0,AT,2,3,1,0.0007639419404125,mat,nonsyn,False,nonada,nonada,nonada
741AT,741.0,AT,2,10,1,0.0007639419404125,mat,nonsyn,False,nonada,nonada,nonada
742CA,742.0,CA,2,3,1,0.0007639419404125,mat,nonsyn,False,nonada,nonada,nonada
743CT,743.0,CT,2,7,1,0.0007639419404125,mat,nonsyn,False,nonada,nonada,nonada
743CT,743.0,CT,2,10,1,0.0007639419404125,mat,nonsyn,False,nonada,nonada,nonada
744AG,744.0,AG,2,3,2,0.001527883880825,mat,syn,False,nonada,nonada,nonada
744AT,744.0,AT,2,3,1,0.0007639419404125,mat,syn,False,nonada,nonada,nonada
745CA,745.0,CA,3,10,1,0.0007639419404125,mat,nonsyn,False,nonada,nonada,nonada
747AG,747.0,AG,1,7,1,0.0007639419404125,mat,syn,False,nonada,nonada,nonada
747AG,747.0,AG,2,10,1,0.0007639419404125,mat,syn,False,nonada,nonada,nonada
747AG,747.0,AG,3,3,2,0.001527883880825,mat,syn,False,nonada,nonada,nonada
747AG,747.0,AG,3,7,1,0.0007639419404125,mat,syn,False,nonada,nonada,nonada
747AG,747.0,AG,3,10,1,0.0007639419404125,mat,syn,False,nonada,nonada,nonada
749TC,749.0,TC,1,7,1,0.0007639419404125,mat,nonsyn,False,nonada,nonada,nonada
749TC,749.0,TC,2,7,1,0.0007639419404125,mat,nonsyn,False,nonada,nonada,nonada
749TC,749.0,TC,3,7,1,0.0007639419404125,mat,nonsyn,False,nonada,nonada,nonada
749TG,749.0,TG,1,3,1,0.0007639419404125,mat,nonsyn,False,nonada,nonada,nonada
750GA,750.0,GA,1,10,1,0.0007639419404125,mat,nonsyn,False,nonada,nonada,nonada
750GA,750.0,GA,2,3,1,0.0007639419404125,mat,nonsyn,False,nonada,nonada,nonada
751AG,751.0,AG,1,3,1,0.0007639419404125,mat,nonsyn,False,nonada,nonada,nonada
751AG,751.0,AG,1,7,1,0.0007639419404125,mat,nonsyn,False,nonada,nonada,nonada
751AG,751.0,AG,2,7,1,0.0007639419404125,mat,nonsyn,False,nonada,nonada,nonada
751AG,751.0,AG,3,3,1,0.0007639419404125,mat,nonsyn,False,nonada,nonada,nonada
751AG,751.0,AG,3,10,1,0.0007639419404125,mat,nonsyn,False,nonada,nonada,nonada
752GA,752.0,GA,2,3,1,0.0007639419404125,mat,nonsyn,False,nonada,nonada,nonada
753TC,753.0,TC,1,7,1,0.0007639419404125,mat,syn,False,nonada,nonada,nonada
753TC,753.0,TC,1,10,1,0.0007639419404125,mat,syn,False,nonada,nonada,nonada
753TC,753.0,TC,2,3,1,0.0007639419404125,mat,syn,False,nonada,nonada,nonada
753TC,753.0,TC,2,10,2,0.001527883880825,mat,syn,False,nonada,nonada,nonada
753TC,753.0,TC,3,3,1,0.0007639419404125,mat,syn,False,nonada,nonada,nonada
753TG,753.0,TG,2,10,1,0.0007639419404125,mat,nonsyn,False,nonada,nonada,nonada
754GA,754.0,GA,3,10,1,0.0007639419404125,mat,nonsyn,False,nonada,nonada,nonada
756TC,756.0,TC,1,7,1,0.0007639419404125,mat,syn,False,nonada,nonada,nonada
756TC,756.0,TC,3,7,1,0.0007639419404125,mat,syn,False,nonada,nonada,nonada
757AG,757.0,AG,2,7,1,0.0007639419404125,mat,nonsyn,False,nonada,nonada,nonada
758TC,758.0,TC,1,3,1,0.0007639419404125,mat,nonsyn,False,nonada,nonada,nonada
758TC,758.0,TC,1,7,1,0.0007639419404125,mat,nonsyn,False,nonada,nonada,nonada
758TC,758.0,TC,1,10,1,0.0007639419404125,mat,nonsyn,False,nonada,nonada,nonada
758TC,758.0,TC,2,10,1,0.0007639419404125,mat,nonsyn,False,nonada,nonada,nonada
758TC,758.0,TC,3,3,2,0.001527883880825,mat,nonsyn,False,nonada,nonada,nonada
759CT,759.0,CT,2,7,2,0.001527883880825,mat,syn,False,nonada,nonada,nonada
761AG,761.0,AG,3,7,1,0.0007639419404125,mat,nonsyn,False,nonada,nonada,nonada
761AG,761.0,AG,3,10,1,0.0007639419404125,mat,nonsyn,False,nonada,nonada,nonada
762GA,762.0,GA,1,3,1,0.0007639419404125,mat,syn,False,nonada,nonada,nonada
762GA,762.0,GA,1,7,2,0.001527883880825,mat,syn,False,nonada,nonada,nonada
762GA,762.0,GA,1,10,1,0.0007639419404125,mat,syn,False,nonada,nonada,nonada
762GA,762.0,GA,2,3,3,0.0022918258212375,mat,syn,False,nonada,nonada,nonada
762GA,762.0,GA,2,10,2,0.001527883880825,mat,syn,False,nonada,nonada,nonada
762GA,762.0,GA,3,3,1,0.0007639419404125,mat,syn,False,nonada,nonada,nonada
762GA,762.0,GA,3,7,2,0.001527883880825,mat,syn,False,nonada,nonada,nonada
762GA,762.0,GA,3,10,1,0.0007639419404125,mat,syn,False,nonada,nonada,nonada
762GT,762.0,GT,1,3,1,0.0007639419404125,mat,nonsyn,False,nonada,nonada,nonada
763GA,763.0,GA,1,3,1,0.0007639419404125,mat,nonsyn,False,nonada,nonada,nonada
763GA,763.0,GA,2,10,1,0.0007639419404125,mat,nonsyn,False,nonada,nonada,nonada
763GA,763.0,GA,3,7,1,0.0007639419404125,mat,nonsyn,False,nonada,nonada,nonada
764GA,764.0,GA,1,3,2,0.001527883880825,mat,nonsyn,False,nonada,nonada,nonada
764GA,764.0,GA,1,10,3,0.0022918258212375,mat,nonsyn,False,nonada,nonada,nonada
765TC,765.0,TC,1,3,2,0.001527883880825,mat,syn,False,nonada,nonada,nonada
765TC,765.0,TC,1,7,1,0.0007639419404125,mat,syn,False,nonada,nonada,nonada
765TC,765.0,TC,1,10,1,0.0007639419404125,mat,syn,False,nonada,nonada,nonada
765TC,765.0,TC,2,3,1,0.0007639419404125,mat,syn,False,nonada,nonada,nonada
765TC,765.0,TC,2,7,2,0.001527883880825,mat,syn,False,nonada,nonada,nonada
765TC,765.0,TC,2,10,5,0.0038197097020626,mat,syn,False,nonada,nonada,nonada
765TC,765.0,TC,3,10,1,0.0007639419404125,mat,syn,False,nonada,nonada,nonada
765TG,765.0,TG,1,10,1,0.0007639419404125,mat,syn,False,nonada,nonada,nonada
766GA,766.0,GA,3,3,1,0.0007639419404125,mat,nonsyn,False,nonada,nonada,nonada
767CA,767.0,CA,3,10,1,0.0007639419404125,mat,nonsyn,False,nonada,nonada,nonada
767CT,767.0,CT,1,10,1,0.0007639419404125,mat,nonsyn,False,nonada,nonada,nonada
767CT,767.0,CT,2,7,4,0.0030557677616501,mat,nonsyn,False,nonada,nonada,nonada
768AG,768.0,AG,3,3,1,0.0007639419404125,mat,syn,False,nonada,nonada,nonada
768AG,768.0,AG,3,7,2,0.001527883880825,mat,syn,False,nonada,nonada,nonada
768AG,768.0,AG,3,10,1,0.0007639419404125,mat,syn,False,nonada,nonada,nonada
769TC,769.0,TC,1,7,1,0.0007639419404125,mat,nonsyn,False,nonada,nonada,nonada
769TC,769.0,TC,2,3,1,0.0007639419404125,mat,nonsyn,False,nonada,nonada,nonada
771TC,771.0,TC,1,10,1,0.0007639419404125,mat,syn,False,nonada,nonada,nonada
771TC,771.0,TC,2,3,2,0.001527883880825,mat,syn,False,nonada,nonada,nonada
771TC,771.0,TC,2,10,1,0.0007639419404125,mat,syn,False,nonada,nonada,nonada
772GA,772.0,GA,1,3,1,0.0007639419404125,mat,nonsyn,False,nonada,nonada,nonada
772GA,772.0,GA,1,7,1,0.0007639419404125,mat,nonsyn,False,nonada,nonada,nonada
772GA,772.0,GA,3,7,1,0.0007639419404125,mat,nonsyn,False,nonada,nonada,nonada
772GT,772.0,GT,3,3,1,0.0007639419404125,mat,nonsyn,True,nonada,nonada,nonada
772GT,772.0,GT,3,10,1,0.0007639419404125,mat,nonsyn,True,nonada,nonada,nonada
773AG,773.0,AG,3,10,1,0.0007639419404125,mat,nonsyn,False,nonada,nonada,nonada
774GA,774.0,GA,1,3,1,0.0007639419404125,mat,syn,False,nonada,nonada,nonada
774GA,774.0,GA,2,7,1,0.0007639419404125,mat,syn,False,nonada,nonada,nonada
776TC,776.0,TC,1,7,1,0.0007639419404125,mat,nonsyn,False,nonada,nonada,nonada
776TC,776.0,TC,2,10,1,0.0007639419404125,mat,nonsyn,False,nonada,nonada,nonada
777GA,777.0,GA,1,3,1,0.0007639419404125,mat,nonsyn,False,nonada,nonada,nonada
777GA,777.0,GA,1,7,1,0.0007639419404125,mat,nonsyn,False,nonada,nonada,nonada
777GA,777.0,GA,1,10,2,0.001527883880825,mat,nonsyn,False,nonada,nonada,nonada
777GA,777.0,GA,2,7,1,0.0007639419404125,mat,nonsyn,False,nonada,nonada,nonada
777GA,777.0,GA,3,10,1,0.0007639419404125,mat,nonsyn,False,nonada,nonada,nonada
778CT,778.0,CT,2,3,1,0.0007639419404125,mat,nonsyn,False,nonada,nonada,nonada
778CT,778.0,CT,3,10,1,0.0007639419404125,mat,nonsyn,False,nonada,nonada,nonada
779TC,779.0,TC,2,3,1,0.0007639419404125,mat,nonsyn,False,nonada,nonada,nonada
780TC,780.0,TC,1,3,2,0.001527883880825,mat,syn,False,nonada,nonada,nonada
780TC,780.0,TC,1,7,1,0.0007639419404125,mat,syn,False,nonada,nonada,nonada
780TC,780.0,TC,1,10,2,0.001527883880825,mat,syn,False,nonada,nonada,nonada
781AG,781.0,AG,1,7,1,0.0007639419404125,mat,nonsyn,False,nonada,nonada,nonada
781AG,781.0,AG,1,10,1,0.0007639419404125,mat,nonsyn,False,nonada,nonada,nonada
781AG,781.0,AG,2,3,1,0.0007639419404125,mat,nonsyn,False,nonada,nonada,nonada
781AG,781.0,AG,2,7,1,0.0007639419404125,mat,nonsyn,False,nonada,nonada,nonada
781AG,781.0,AG,2,10,2,0.001527883880825,mat,nonsyn,False,nonada,nonada,nonada
781AG,781.0,AG,3,7,1,0.0007639419404125,mat,nonsyn,False,nonada,nonada,nonada
781AG,781.0,AG,3,10,1,0.0007639419404125,mat,nonsyn,False,nonada,nonada,nonada
782CT,782.0,CT,2,3,1,0.0007639419404125,mat,nonsyn,False,nonada,nonada,nonada
782CT,782.0,CT,2,7,1,0.0007639419404125,mat,nonsyn,False,nonada,nonada,nonada
782CT,782.0,CT,2,10,1,0.0007639419404125,mat,nonsyn,False,nonada,nonada,nonada
782CT,782.0,CT,3,3,1,0.0007639419404125,mat,nonsyn,False,nonada,nonada,nonada
783GA,783.0,GA,1,10,1,0.0007639419404125,mat,syn,False,nonada,nonada,nonada
784AG,784.0,AG,3,3,1,0.0007639419404125,mat,nonsyn,False,nonada,nonada,nonada
785AG,785.0,AG,1,7,1,0.0007639419404125,mat,nonsyn,False,nonada,nonada,nonada
785AG,785.0,AG,2,10,1,0.0007639419404125,mat,nonsyn,False,nonada,nonada,nonada
785AG,785.0,AG,3,10,1,0.0007639419404125,mat,nonsyn,False,nonada,nonada,nonada
786GA,786.0,GA,2,3,2,0.001527883880825,mat,syn,False,nonada,nonada,nonada
786GA,786.0,GA,3,3,1,0.0007639419404125,mat,syn,False,nonada,nonada,nonada
787GA,787.0,GA,1,7,1,0.0007639419404125,mat,nonsyn,False,nonada,nonada,nonada
787GT,787.0,GT,1,3,1,0.0007639419404125,mat,nonsyn,False,nonada,nonada,nonada
787GT,787.0,GT,1,7,1,0.0007639419404125,mat,nonsyn,False,nonada,nonada,nonada
787GT,787.0,GT,3,10,1,0.0007639419404125,mat,nonsyn,False,nonada,nonada,nonada
788TC,788.0,TC,1,3,1,0.0007639419404125,mat,nonsyn,False,nonada,nonada,nonada
788TC,788.0,TC,1,7,1,0.0007639419404125,mat,nonsyn,False,nonada,nonada,nonada
788TC,788.0,TC,1,10,3,0.0022918258212375,mat,nonsyn,False,nonada,nonada,nonada
788TC,788.0,TC,2,7,1,0.0007639419404125,mat,nonsyn,False,nonada,nonada,nonada
788TC,788.0,TC,3,10,1,0.0007639419404125,mat,nonsyn,False,nonada,nonada,nonada
788TG,788.0,TG,3,7,1,0.0007639419404125,mat,nonsyn,False,nonada,nonada,nonada
789TC,789.0,TC,1,3,1,0.0007639419404125,mat,syn,False,nonada,nonada,nonada
789TC,789.0,TC,1,7,1,0.0007639419404125,mat,syn,False,nonada,nonada,nonada
789TC,789.0,TC,2,3,1,0.0007639419404125,mat,syn,False,nonada,nonada,nonada
789TC,789.0,TC,3,10,1,0.0007639419404125,mat,syn,False,nonada,nonada,nonada
790CT,790.0,CT,1,3,1,0.0007639419404125,mat,nonsyn,False,nonada,nonada,nonada
791AG,791.0,AG,2,7,1,0.0007639419404125,mat,nonsyn,False,nonada,nonada,nonada
792CT,792.0,CT,2,7,1,0.0007639419404125,mat,syn,False,nonada,nonada,nonada
792CT,792.0,CT,3,7,1,0.0007639419404125,mat,syn,False,nonada,nonada,nonada
792CT,792.0,CT,3,10,1,0.0007639419404125,mat,syn,False,nonada,nonada,nonada
793CT,793.0,CT,1,10,1,0.0007639419404125,mat,nonsyn,False,nonada,nonada,nonada
793CT,793.0,CT,2,7,1,0.0007639419404125,mat,nonsyn,False,nonada,nonada,nonada
793CT,793.0,CT,3,7,1,0.0007639419404125,mat,nonsyn,False,nonada,nonada,nonada
794TC,794.0,TC,2,3,1,0.0007639419404125,mat,nonsyn,False,nonada,nonada,nonada
795TA,795.0,TA,2,7,1,0.0007639419404125,mat,syn,False,nonada,nonada,nonada
795TC,795.0,TC,3,7,1,0.0007639419404125,mat,syn,False,nonada,nonada,nonada
797AG,797.0,AG,2,3,2,0.001527883880825,mat,nonsyn,False,nonada,nonada,nonada
797AG,797.0,AG,3,10,2,0.001527883880825,mat,nonsyn,False,nonada,nonada,nonada
798AG,798.0,AG,2,7,1,0.0007639419404125,mat,syn,False,nonada,nonada,nonada
798AG,798.0,AG,3,3,1,0.0007639419404125,mat,syn,False,nonada,nonada,nonada
799GA,799.0,GA,1,7,1,0.0007639419404125,mat,nonsyn,False,nonada,nonada,nonada
799GA,799.0,GA,3,3,1,0.0007639419404125,mat,nonsyn,False,nonada,nonada,nonada
800AG,800.0,AG,1,7,1,0.0007639419404125,mat,nonsyn,False,nonada,nonada,nonada
800AG,800.0,AG,1,10,1,0.0007639419404125,mat,nonsyn,False,nonada,nonada,nonada
800AG,800.0,AG,3,10,1,0.0007639419404125,mat,nonsyn,False,nonada,nonada,nonada
801GT,801.0,GT,2,3,1,0.0007639419404125,mat,nonsyn,False,nonada,nonada,nonada
801GT,801.0,GT,3,10,1,0.0007639419404125,mat,nonsyn,False,nonada,nonada,nonada
802TC,802.0,TC,1,7,1,0.0007639419404125,mat,nonsyn,False,nonada,nonada,nonada
802TC,802.0,TC,1,10,1,0.0007639419404125,mat,nonsyn,False,nonada,nonada,nonada
802TC,802.0,TC,2,7,1,0.0007639419404125,mat,nonsyn,False,nonada,nonada,nonada
802TC,802.0,TC,3,10,1,0.0007639419404125,mat,nonsyn,False,nonada,nonada,nonada
803TC,803.0,TC,1,7,1,0.0007639419404125,mat,nonsyn,False,nonada,nonada,nonada
803TC,803.0,TC,2,7,1,0.0007639419404125,mat,nonsyn,False,nonada,nonada,nonada
804TC,804.0,TC,3,3,1,0.0007639419404125,mat,syn,False,nonada,nonada,nonada
805CA,805.0,CA,3,7,1,0.0007639419404125,mat,nonsyn,False,nonada,nonada,nonada
805CT,805.0,CT,1,10,1,0.0007639419404125,mat,nonsyn,False,nonada,nonada,nonada
805CT,805.0,CT,3,10,1,0.0007639419404125,mat,nonsyn,False,nonada,nonada,nonada
806TA,806.0,TA,2,3,1,0.0007639419404125,mat,nonsyn,False,nonada,nonada,nonada
806TC,806.0,TC,2,3,1,0.0007639419404125,mat,nonsyn,False,nonada,nonada,nonada
806TC,806.0,TC,2,7,1,0.0007639419404125,mat,nonsyn,False,nonada,nonada,nonada
806TC,806.0,TC,3,10,1,0.0007639419404125,mat,nonsyn,False,nonada,nonada,nonada
807TC,807.0,TC,1,3,1,0.0007639419404125,mat,syn,False,nonada,nonada,nonada
807TC,807.0,TC,1,10,3,0.0022918258212375,mat,syn,False,nonada,nonada,nonada
807TC,807.0,TC,2,3,1,0.0007639419404125,mat,syn,False,nonada,nonada,nonada
807TC,807.0,TC,2,7,1,0.0007639419404125,mat,syn,False,nonada,nonada,nonada
807TC,807.0,TC,2,10,1,0.0007639419404125,mat,syn,False,nonada,nonada,nonada
807TC,807.0,TC,3,7,1,0.0007639419404125,mat,syn,False,nonada,nonada,nonada
807TC,807.0,TC,3,10,1,0.0007639419404125,mat,syn,False,nonada,nonada,nonada
807TG,807.0,TG,1,3,1,0.0007639419404125,mat,syn,False,nonada,nonada,nonada
808CT,808.0,CT,2,7,1,0.0007639419404125,mat,nonsyn,False,nonada,nonada,nonada
809CA,809.0,CA,2,7,1,0.0007639419404125,mat,nonsyn,False,nonada,nonada,nonada
809CT,809.0,CT,2,7,1,0.0007639419404125,mat,nonsyn,False,nonada,nonada,nonada
810TC,810.0,TC,2,3,2,0.001527883880825,mat,syn,False,nonada,nonada,nonada
810TC,810.0,TC,2,7,1,0.0007639419404125,mat,syn,False,nonada,nonada,nonada
810TC,810.0,TC,3,3,1,0.0007639419404125,mat,syn,False,nonada,nonada,nonada
810TG,810.0,TG,1,7,1,0.0007639419404125,mat,syn,False,nonada,nonada,nonada
811AG,811.0,AG,2,7,1,0.0007639419404125,mat,nonsyn,False,nonada,nonada,nonada
811AT,811.0,AT,2,3,1,0.0007639419404125,mat,nonsyn,False,nonada,nonada,nonada
812TC,812.0,TC,1,3,1,0.0007639419404125,mat,nonsyn,False,nonada,nonada,nonada
812TC,812.0,TC,2,3,1,0.0007639419404125,mat,nonsyn,False,nonada,nonada,nonada
812TC,812.0,TC,2,10,1,0.0007639419404125,mat,nonsyn,False,nonada,nonada,nonada
813GA,813.0,GA,1,7,1,0.0007639419404125,mat,nonsyn,False,nonada,nonada,nonada
813GA,813.0,GA,3,3,2,0.001527883880825,mat,nonsyn,False,nonada,nonada,nonada
814AC,814.0,AC,3,7,2,0.001527883880825,mat,syn,False,nonada,nonada,nonada
815GA,815.0,GA,2,7,1,0.0007639419404125,mat,nonsyn,False,nonada,nonada,nonada
815GC,815.0,GC,3,10,1,0.0007639419404125,mat,nonsyn,False,nonada,nonada,nonada
816AG,816.0,AG,1,3,2,0.001527883880825,mat,syn,False,nonada,nonada,nonada
816AG,816.0,AG,2,3,1,0.0007639419404125,mat,syn,False,nonada,nonada,nonada
816AG,816.0,AG,2,10,1,0.0007639419404125,mat,syn,False,nonada,nonada,nonada
816AG,816.0,AG,3,3,1,0.0007639419404125,mat,syn,False,nonada,nonada,nonada
816AG,816.0,AG,3,7,2,0.001527883880825,mat,syn,False,nonada,nonada,nonada
817GA,817.0,GA,2,3,1,0.0007639419404125,mat,nonsyn,False,nonada,nonada,nonada
817GA,817.0,GA,3,10,1,0.0007639419404125,mat,nonsyn,False,nonada,nonada,nonada
818CT,818.0,CT,2,10,1,0.0007639419404125,mat,nonsyn,False,nonada,nonada,nonada
819CA,819.0,CA,2,10,1,0.0007639419404125,mat,syn,False,nonada,nonada,nonada
820GA,820.0,GA,1,7,1,0.0007639419404125,mat,nonsyn,False,nonada,nonada,nonada
820GA,820.0,GA,2,3,1,0.0007639419404125,mat,nonsyn,False,nonada,nonada,nonada
820GA,820.0,GA,2,7,4,0.0030557677616501,mat,nonsyn,False,nonada,nonada,nonada
820GA,820.0,GA,2,10,1,0.0007639419404125,mat,nonsyn,False,nonada,nonada,nonada
820GA,820.0,GA,3,7,1,0.0007639419404125,mat,nonsyn,False,nonada,nonada,nonada
820GA,820.0,GA,3,10,1,0.0007639419404125,mat,nonsyn,False,nonada,nonada,nonada
820GC,820.0,GC,2,3,1,0.0007639419404125,mat,nonsyn,False,nonada,nonada,nonada
821TC,821.0,TC,1,7,1,0.0007639419404125,mat,nonsyn,False,nonada,nonada,nonada
821TC,821.0,TC,2,10,1,0.0007639419404125,mat,nonsyn,False,nonada,nonada,nonada
821TC,821.0,TC,3,7,2,0.001527883880825,mat,nonsyn,False,nonada,nonada,nonada
822AG,822.0,AG,1,10,2,0.001527883880825,mat,syn,False,nonada,nonada,nonada
822AG,822.0,AG,2,10,1,0.0007639419404125,mat,syn,False,nonada,nonada,nonada
823CT,823.0,CT,1,10,1,0.0007639419404125,mat,nonsyn,False,nonada,nonada,nonada
823CT,823.0,CT,3,3,1,0.0007639419404125,mat,nonsyn,False,nonada,nonada,nonada
823CT,823.0,CT,3,10,1,0.0007639419404125,mat,nonsyn,False,nonada,nonada,nonada
824GA,824.0,GA,1,7,1,0.0007639419404125,mat,nonsyn,False,nonada,nonada,nonada
824GA,824.0,GA,2,3,1,0.0007639419404125,mat,nonsyn,False,nonada,nonada,nonada
825TC,825.0,TC,1,7,1,0.0007639419404125,mat,syn,False,nonada,nonada,nonada
825TC,825.0,TC,1,10,2,0.001527883880825,mat,syn,False,nonada,nonada,nonada
825TC,825.0,TC,2,10,1,0.0007639419404125,mat,syn,False,nonada,nonada,nonada
825TC,825.0,TC,3,3,1,0.0007639419404125,mat,syn,False,nonada,nonada,nonada
825TC,825.0,TC,3,7,1,0.0007639419404125,mat,syn,False,nonada,nonada,nonada
827AG,827.0,AG,2,10,1,0.0007639419404125,mat,nonsyn,False,nonada,nonada,nonada
828GA,828.0,GA,1,3,1,0.0007639419404125,mat,syn,False,nonada,nonada,nonada
828GA,828.0,GA,1,10,1,0.0007639419404125,mat,syn,False,nonada,nonada,nonada
828GA,828.0,GA,2,7,1,0.0007639419404125,mat,syn,False,nonada,nonada,nonada
828GA,828.0,GA,2,10,2,0.001527883880825,mat,syn,False,nonada,nonada,nonada
828GA,828.0,GA,3,3,1,0.0007639419404125,mat,syn,False,nonada,nonada,nonada
828GT,828.0,GT,2,3,1,0.0007639419404125,mat,nonsyn,False,nonada,nonada,nonada
829GA,829.0,GA,2,3,1,0.0007639419404125,mat,nonsyn,False,nonada,nonada,nonada
829GA,829.0,GA,3,3,1,0.0007639419404125,mat,nonsyn,False,nonada,nonada,nonada
829GA,829.0,GA,3,7,1,0.0007639419404125,mat,nonsyn,False,nonada,nonada,nonada
829GC,829.0,GC,1,7,1,0.0007639419404125,mat,nonsyn,False,nonada,nonada,nonada
829GT,829.0,GT,2,10,1,0.0007639419404125,mat,nonsyn,False,nonada,nonada,nonada
830TA,830.0,TA,3,10,1,0.0007639419404125,mat,nonsyn,False,nonada,nonada,nonada
830TC,830.0,TC,1,7,1,0.0007639419404125,mat,nonsyn,False,nonada,nonada,nonada
831CT,831.0,CT,1,3,2,0.001527883880825,mat,syn,False,nonada,nonada,nonada
831CT,831.0,CT,1,10,2,0.001527883880825,mat,syn,False,nonada,nonada,nonada
831CT,831.0,CT,3,3,2,0.001527883880825,mat,syn,False,nonada,nonada,nonada
831CT,831.0,CT,3,7,2,0.001527883880825,mat,syn,False,nonada,nonada,nonada
832GA,832.0,GA,1,7,2,0.001527883880825,mat,nonsyn,False,nonada,nonada,nonada
832GA,832.0,GA,1,10,1,0.0007639419404125,mat,nonsyn,False,nonada,nonada,nonada
832GA,832.0,GA,2,7,1,0.0007639419404125,mat,nonsyn,False,nonada,nonada,nonada
832GA,832.0,GA,3,3,1,0.0007639419404125,mat,nonsyn,False,nonada,nonada,nonada
832GT,832.0,GT,1,3,1,0.0007639419404125,mat,nonsyn,False,nonada,nonada,nonada
832GT,832.0,GT,3,7,1,0.0007639419404125,mat,nonsyn,False,nonada,nonada,nonada
833GA,833.0,GA,1,3,1,0.0007639419404125,mat,nonsyn,False,nonada,nonada,nonada
833GA,833.0,GA,1,7,1,0.0007639419404125,mat,nonsyn,False,nonada,nonada,nonada
833GA,833.0,GA,3,3,1,0.0007639419404125,mat,nonsyn,False,nonada,nonada,nonada
833GA,833.0,GA,3,7,1,0.0007639419404125,mat,nonsyn,False,nonada,nonada,nonada
834TC,834.0,TC,2,3,2,0.001527883880825,mat,syn,False,nonada,nonada,nonada
834TC,834.0,TC,2,10,2,0.001527883880825,mat,syn,False,nonada,nonada,nonada
834TC,834.0,TC,3,7,1,0.0007639419404125,mat,syn,False,nonada,nonada,nonada
835AG,835.0,AG,1,3,1,0.0007639419404125,mat,nonsyn,False,nonada,nonada,nonada
835AG,835.0,AG,2,3,1,0.0007639419404125,mat,nonsyn,False,nonada,nonada,nonada
836CT,836.0,CT,3,7,1,0.0007639419404125,mat,nonsyn,False,nonada,nonada,nonada
837TC,837.0,TC,1,3,1,0.0007639419404125,mat,syn,False,nonada,nonada,nonada
837TC,837.0,TC,1,7,1,0.0007639419404125,mat,syn,False,nonada,nonada,nonada
837TC,837.0,TC,2,7,1,0.0007639419404125,mat,syn,False,nonada,nonada,nonada
839AG,839.0,AG,1,10,1,0.0007639419404125,mat,nonsyn,False,nonada,nonada,nonada
840CT,840.0,CT,1,3,1,0.0007639419404125,mat,syn,False,nonada,nonada,nonada
840CT,840.0,CT,2,3,2,0.001527883880825,mat,syn,False,nonada,nonada,nonada
840CT,840.0,CT,2,7,1,0.0007639419404125,mat,syn,False,nonada,nonada,nonada
840CT,840.0,CT,3,10,2,0.001527883880825,mat,syn,False,nonada,nonada,nonada
841AG,841.0,AG,1,7,3,0.0022918258212375,mat,nonsyn,False,nonada,nonada,nonada
841AG,841.0,AG,1,10,2,0.001527883880825,mat,nonsyn,False,nonada,nonada,nonada
841AG,841.0,AG,2,7,1,0.0007639419404125,mat,nonsyn,False,nonada,nonada,nonada
841AG,841.0,AG,2,10,1,0.0007639419404125,mat,nonsyn,False,nonada,nonada,nonada
841AG,841.0,AG,3,3,1,0.0007639419404125,mat,nonsyn,False,nonada,nonada,nonada
841AG,841.0,AG,3,10,3,0.0022918258212375,mat,nonsyn,False,nonada,nonada,nonada
842TC,842.0,TC,1,7,1,0.0007639419404125,mat,nonsyn,False,nonada,nonada,nonada
842TC,842.0,TC,1,10,2,0.001527883880825,mat,nonsyn,False,nonada,nonada,nonada
842TC,842.0,TC,2,7,1,0.0007639419404125,mat,nonsyn,False,nonada,nonada,nonada
842TC,842.0,TC,2,10,1,0.0007639419404125,mat,nonsyn,False,nonada,nonada,nonada
843CT,843.0,CT,1,7,1,0.0007639419404125,mat,syn,False,nonada,nonada,nonada
843CT,843.0,CT,2,7,4,0.0030557677616501,mat,syn,False,nonada,nonada,nonada
843CT,843.0,CT,3,10,2,0.001527883880825,mat,syn,False,nonada,nonada,nonada
844AC,844.0,AC,1,10,1,0.0007639419404125,mat,nonsyn,False,nonada,nonada,nonada
844AG,844.0,AG,1,10,1,0.0007639419404125,mat,nonsyn,False,nonada,nonada,nonada
844AG,844.0,AG,3,10,1,0.0007639419404125,mat,nonsyn,False,nonada,nonada,nonada
845AG,845.0,AG,1,7,2,0.001527883880825,mat,nonsyn,False,nonada,nonada,nonada
845AG,845.0,AG,2,7,2,0.001527883880825,mat,nonsyn,False,nonada,nonada,nonada
845AG,845.0,AG,2,10,2,0.001527883880825,mat,nonsyn,False,nonada,nonada,nonada
845AT,845.0,AT,2,3,1,0.0007639419404125,mat,nonsyn,False,nonada,nonada,nonada
846GA,846.0,GA,1,3,1,0.0007639419404125,mat,syn,False,nonada,nonada,nonada
846GA,846.0,GA,1,7,1,0.0007639419404125,mat,syn,False,nonada,nonada,nonada
846GA,846.0,GA,1,10,1,0.0007639419404125,mat,syn,False,nonada,nonada,nonada
846GA,846.0,GA,2,10,2,0.001527883880825,mat,syn,False,nonada,nonada,nonada
846GA,846.0,GA,3,3,1,0.0007639419404125,mat,syn,False,nonada,nonada,nonada
846GA,846.0,GA,3,7,1,0.0007639419404125,mat,syn,False,nonada,nonada,nonada
846GC,846.0,GC,1,3,1,0.0007639419404125,mat,nonsyn,False,nonada,nonada,nonada
846GT,846.0,GT,1,10,1,0.0007639419404125,mat,nonsyn,False,nonada,nonada,nonada
846GT,846.0,GT,2,3,1,0.0007639419404125,mat,nonsyn,False,nonada,nonada,nonada
847TC,847.0,TC,1,3,1,0.0007639419404125,mat,syn,False,nonada,nonada,nonada
848TC,848.0,TC,1,7,1,0.0007639419404125,mat,nonsyn,False,nonada,nonada,nonada
849AG,849.0,AG,1,10,1,0.0007639419404125,mat,syn,False,nonada,nonada,nonada
851AG,851.0,AG,3,10,1,0.0007639419404125,mat,nonsyn,False,nonada,nonada,nonada
851AT,851.0,AT,2,3,2,0.001527883880825,mat,nonsyn,False,nonada,nonada,nonada
852TC,852.0,TC,1,10,3,0.0022918258212375,mat,syn,False,nonada,nonada,nonada
852TC,852.0,TC,2,3,1,0.0007639419404125,mat,syn,False,nonada,nonada,nonada
852TC,852.0,TC,2,7,1,0.0007639419404125,mat,syn,False,nonada,nonada,nonada
852TC,852.0,TC,3,3,2,0.001527883880825,mat,syn,False,nonada,nonada,nonada
853GA,853.0,GA,1,3,2,0.001527883880825,mat,nonsyn,False,nonada,nonada,nonada
853GA,853.0,GA,2,7,1,0.0007639419404125,mat,nonsyn,False,nonada,nonada,nonada
853GT,853.0,GT,1,7,1,0.0007639419404125,mat,nonsyn,False,nonada,nonada,nonada
854GA,854.0,GA,3,3,1,0.0007639419404125,mat,nonsyn,False,nonada,nonada,nonada
855CA,855.0,CA,1,7,1,0.0007639419404125,mat,syn,False,nonada,nonada,nonada
855CT,855.0,CT,1,10,1,0.0007639419404125,mat,syn,False,nonada,nonada,nonada
856CT,856.0,CT,3,10,1,0.0007639419404125,mat,nonsyn,False,nonada,nonada,nonada
857GA,857.0,GA,1,3,2,0.001527883880825,mat,nonsyn,False,nonada,nonada,nonada
857GA,857.0,GA,1,10,3,0.0022918258212375,mat,nonsyn,False,nonada,nonada,nonada
857GA,857.0,GA,2,3,1,0.0007639419404125,mat,nonsyn,False,nonada,nonada,nonada
857GA,857.0,GA,2,10,2,0.001527883880825,mat,nonsyn,False,nonada,nonada,nonada
857GA,857.0,GA,3,7,1,0.0007639419404125,mat,nonsyn,False,nonada,nonada,nonada
857GA,857.0,GA,3,10,2,0.001527883880825,mat,nonsyn,False,nonada,nonada,nonada
858TC,858.0,TC,1,3,1,0.0007639419404125,mat,syn,False,nonada,nonada,nonada
858TC,858.0,TC,1,7,3,0.0022918258212375,mat,syn,False,nonada,nonada,nonada
858TC,858.0,TC,1,10,1,0.0007639419404125,mat,syn,False,nonada,nonada,nonada
858TC,858.0,TC,2,3,1,0.0007639419404125,mat,syn,False,nonada,nonada,nonada
858TC,858.0,TC,3,3,2,0.001527883880825,mat,syn,False,nonada,nonada,nonada
858TC,858.0,TC,3,7,1,0.0007639419404125,mat,syn,False,nonada,nonada,nonada
858TC,858.0,TC,3,10,4,0.0030557677616501,mat,syn,False,nonada,nonada,nonada
858TG,858.0,TG,2,3,1,0.0007639419404125,mat,syn,False,nonada,nonada,nonada
858TG,858.0,TG,3,10,1,0.0007639419404125,mat,syn,False,nonada,nonada,nonada
859CA,859.0,CA,1,7,1,0.0007639419404125,mat,nonsyn,False,nonada,nonada,nonada
859CA,859.0,CA,3,7,1,0.0007639419404125,mat,nonsyn,False,nonada,nonada,nonada
859CT,859.0,CT,2,7,1,0.0007639419404125,mat,syn,False,nonada,nonada,nonada
859CT,859.0,CT,3,7,1,0.0007639419404125,mat,syn,False,nonada,nonada,nonada
859CT,859.0,CT,3,10,2,0.001527883880825,mat,syn,False,nonada,nonada,nonada
860TC,860.0,TC,2,10,1,0.0007639419404125,mat,nonsyn,False,nonada,nonada,nonada
860TC,860.0,TC,3,7,1,0.0007639419404125,mat,nonsyn,False,nonada,nonada,nonada
860TG,860.0,TG,2,10,1,0.0007639419404125,mat,nonsyn,False,nonada,nonada,nonada
861GA,861.0,GA,1,7,1,0.0007639419404125,mat,syn,False,nonada,nonada,nonada
861GA,861.0,GA,2,3,1,0.0007639419404125,mat,syn,False,nonada,nonada,nonada
861GA,861.0,GA,2,7,2,0.001527883880825,mat,syn,False,nonada,nonada,nonada
861GA,861.0,GA,3,7,2,0.001527883880825,mat,syn,False,nonada,nonada,nonada
861GT,861.0,GT,1,10,1,0.0007639419404125,mat,syn,False,nonada,nonada,nonada
861GT,861.0,GT,3,3,1,0.0007639419404125,mat,syn,False,nonada,nonada,nonada
862TC,862.0,TC,1,3,1,0.0007639419404125,mat,nonsyn,False,nonada,nonada,nonada
862TC,862.0,TC,1,7,1,0.0007639419404125,mat,nonsyn,False,nonada,nonada,nonada
862TC,862.0,TC,1,10,3,0.0022918258212375,mat,nonsyn,False,nonada,nonada,nonada
862TC,862.0,TC,2,3,2,0.001527883880825,mat,nonsyn,False,nonada,nonada,nonada
862TC,862.0,TC,2,7,1,0.0007639419404125,mat,nonsyn,False,nonada,nonada,nonada
862TC,862.0,TC,2,10,2,0.001527883880825,mat,nonsyn,False,nonada,nonada,nonada
862TC,862.0,TC,3,3,1,0.0007639419404125,mat,nonsyn,False,nonada,nonada,nonada
862TC,862.0,TC,3,7,3,0.0022918258212375,mat,nonsyn,False,nonada,nonada,nonada
863CT,863.0,CT,1,7,2,0.001527883880825,mat,nonsyn,False,nonada,nonada,nonada
863CT,863.0,CT,1,10,2,0.001527883880825,mat,nonsyn,False,nonada,nonada,nonada
863CT,863.0,CT,2,7,2,0.001527883880825,mat,nonsyn,False,nonada,nonada,nonada
863CT,863.0,CT,3,7,3,0.0022918258212375,mat,nonsyn,False,nonada,nonada,nonada
864GA,864.0,GA,1,3,1,0.0007639419404125,mat,syn,False,nonada,nonada,nonada
864GA,864.0,GA,1,10,3,0.0022918258212375,mat,syn,False,nonada,nonada,nonada
864GA,864.0,GA,2,7,1,0.0007639419404125,mat,syn,False,nonada,nonada,nonada
864GA,864.0,GA,2,10,1,0.0007639419404125,mat,syn,False,nonada,nonada,nonada
865TC,865.0,TC,1,3,1,0.0007639419404125,mat,nonsyn,False,nonada,nonada,nonada
865TC,865.0,TC,2,10,1,0.0007639419404125,mat,nonsyn,False,nonada,nonada,nonada
865TC,865.0,TC,3,3,1,0.0007639419404125,mat,nonsyn,False,nonada,nonada,nonada
865TC,865.0,TC,3,7,1,0.0007639419404125,mat,nonsyn,False,nonada,nonada,nonada
866AG,866.0,AG,2,3,1,0.0007639419404125,mat,nonsyn,False,nonada,nonada,nonada
867TC,867.0,TC,1,10,1,0.0007639419404125,mat,syn,False,nonada,nonada,nonada
867TC,867.0,TC,2,3,3,0.0022918258212375,mat,syn,False,nonada,nonada,nonada
869CA,869.0,CA,2,3,1,0.0007639419404125,mat,nonsyn,False,nonada,nonada,nonada
869CT,869.0,CT,2,7,2,0.001527883880825,mat,nonsyn,False,nonada,nonada,nonada
869CT,869.0,CT,3,3,1,0.0007639419404125,mat,nonsyn,False,nonada,nonada,nonada
870AG,870.0,AG,1,7,1,0.0007639419404125,mat,syn,False,nonada,nonada,nonada
870AG,870.0,AG,1,10,1,0.0007639419404125,mat,syn,False,nonada,nonada,nonada
870AG,870.0,AG,2,3,1,0.0007639419404125,mat,syn,False,nonada,nonada,nonada
870AG,870.0,AG,2,7,1,0.0007639419404125,mat,syn,False,nonada,nonada,nonada
871GA,871.0,GA,1,3,1,0.0007639419404125,mat,nonsyn,False,nonada,nonada,nonada
871GA,871.0,GA,1,7,2,0.001527883880825,mat,nonsyn,False,nonada,nonada,nonada
871GA,871.0,GA,1,10,1,0.0007639419404125,mat,nonsyn,False,nonada,nonada,nonada
871GA,871.0,GA,2,3,1,0.0007639419404125,mat,nonsyn,False,nonada,nonada,nonada
871GA,871.0,GA,2,7,3,0.0022918258212375,mat,nonsyn,False,nonada,nonada,nonada
871GA,871.0,GA,2,10,1,0.0007639419404125,mat,nonsyn,False,nonada,nonada,nonada
871GA,871.0,GA,3,3,3,0.0022918258212375,mat,nonsyn,False,nonada,nonada,nonada
871GA,871.0,GA,3,7,3,0.0022918258212375,mat,nonsyn,False,nonada,nonada,nonada
872CT,872.0,CT,1,10,1,0.0007639419404125,mat,nonsyn,False,nonada,nonada,nonada
872CT,872.0,CT,2,10,1,0.0007639419404125,mat,nonsyn,False,nonada,nonada,nonada
873TC,873.0,TC,2,3,1,0.0007639419404125,mat,syn,False,nonada,nonada,nonada
873TC,873.0,TC,2,10,2,0.001527883880825,mat,syn,False,nonada,nonada,nonada
873TG,873.0,TG,3,10,1,0.0007639419404125,mat,syn,False,nonada,nonada,nonada
874GA,874.0,GA,1,3,1,0.0007639419404125,mat,nonsyn,False,nonada,nonada,nonada
874GA,874.0,GA,2,3,1,0.0007639419404125,mat,nonsyn,False,nonada,nonada,nonada
874GA,874.0,GA,2,7,2,0.001527883880825,mat,nonsyn,False,nonada,nonada,nonada
874GA,874.0,GA,2,10,1,0.0007639419404125,mat,nonsyn,False,nonada,nonada,nonada
874GA,874.0,GA,3,3,4,0.0030557677616501,mat,nonsyn,False,nonada,nonada,nonada
874GT,874.0,GT,2,7,1,0.0007639419404125,mat,nonsyn,False,nonada,nonada,nonada
874GT,874.0,GT,2,10,1,0.0007639419404125,mat,nonsyn,False,nonada,nonada,nonada
875CA,875.0,CA,2,3,1,0.0007639419404125,mat,nonsyn,False,nonada,nonada,nonada
875CT,875.0,CT,3,3,1,0.0007639419404125,mat,nonsyn,False,nonada,nonada,nonada
875CT,875.0,CT,3,10,1,0.0007639419404125,mat,nonsyn,False,nonada,nonada,nonada
876AG,876.0,AG,1,3,1,0.0007639419404125,mat,syn,False,nonada,nonada,nonada
877AG,877.0,AG,1,3,1,0.0007639419404125,mat,nonsyn,False,nonada,nonada,nonada
877AG,877.0,AG,2,7,1,0.0007639419404125,mat,nonsyn,False,nonada,nonada,nonada
878AG,878.0,AG,1,3,1,0.0007639419404125,mat,nonsyn,False,nonada,nonada,nonada
878AG,878.0,AG,1,10,1,0.0007639419404125,mat,nonsyn,False,nonada,nonada,nonada
878AG,878.0,AG,3,7,1,0.0007639419404125,mat,nonsyn,False,nonada,nonada,nonada
878AG,878.0,AG,3,10,1,0.0007639419404125,mat,nonsyn,False,nonada,nonada,nonada
879CT,879.0,CT,1,10,2,0.001527883880825,mat,syn,False,nonada,nonada,nonada
879CT,879.0,CT,2,3,1,0.0007639419404125,mat,syn,False,nonada,nonada,nonada
879CT,879.0,CT,2,10,1,0.0007639419404125,mat,syn,False,nonada,nonada,nonada
880TC,880.0,TC,1,7,1,0.0007639419404125,mat,nonsyn,False,nonada,nonada,nonada
880TC,880.0,TC,2,3,1,0.0007639419404125,mat,nonsyn,False,nonada,nonada,nonada
880TC,880.0,TC,3,7,3,0.0022918258212375,mat,nonsyn,False,nonada,nonada,nonada
881TC,881.0,TC,2,3,1,0.0007639419404125,mat,nonsyn,False,nonada,nonada,nonada
881TC,881.0,TC,2,7,1,0.0007639419404125,mat,nonsyn,False,nonada,nonada,nonada
881TC,881.0,TC,2,10,1,0.0007639419404125,mat,nonsyn,False,nonada,nonada,nonada
881TC,881.0,TC,3,7,1,0.0007639419404125,mat,nonsyn,False,nonada,nonada,nonada
881TC,881.0,TC,3,10,1,0.0007639419404125,mat,nonsyn,False,nonada,nonada,nonada
882CT,882.0,CT,2,7,1,0.0007639419404125,mat,syn,False,nonada,nonada,nonada
884AG,884.0,AG,2,3,1,0.0007639419404125,mat,nonsyn,False,nonada,nonada,nonada
885GA,885.0,GA,2,3,1,0.0007639419404125,mat,syn,False,nonada,nonada,nonada
885GA,885.0,GA,2,10,1,0.0007639419404125,mat,syn,False,nonada,nonada,nonada
885GT,885.0,GT,2,7,1,0.0007639419404125,mat,nonsyn,False,nonada,nonada,nonada
885GT,885.0,GT,3,7,1,0.0007639419404125,mat,nonsyn,False,nonada,nonada,nonada
886AG,886.0,AG,1,10,1,0.0007639419404125,mat,nonsyn,False,nonada,nonada,nonada
886AG,886.0,AG,2,7,2,0.001527883880825,mat,nonsyn,False,nonada,nonada,nonada
887CA,887.0,CA,2,3,1,0.0007639419404125,mat,nonsyn,False,nonada,nonada,nonada
887CT,887.0,CT,1,10,1,0.0007639419404125,mat,nonsyn,False,nonada,nonada,nonada
887CT,887.0,CT,2,10,1,0.0007639419404125,mat,nonsyn,False,nonada,nonada,nonada
888AG,888.0,AG,1,3,1,0.0007639419404125,mat,syn,False,nonada,nonada,nonada
888AG,888.0,AG,1,7,1,0.0007639419404125,mat,syn,False,nonada,nonada,nonada
888AG,888.0,AG,1,10,1,0.0007639419404125,mat,syn,False,nonada,nonada,nonada
888AG,888.0,AG,2,10,1,0.0007639419404125,mat,syn,False,nonada,nonada,nonada
888AG,888.0,AG,3,3,2,0.001527883880825,mat,syn,False,nonada,nonada,nonada
888AG,888.0,AG,3,10,1,0.0007639419404125,mat,syn,False,nonada,nonada,nonada
888AT,888.0,AT,2,3,1,0.0007639419404125,mat,syn,False,nonada,nonada,nonada
889AG,889.0,AG,1,7,1,0.0007639419404125,mat,nonsyn,False,nonada,nonada,nonada
889AG,889.0,AG,3,10,1,0.0007639419404125,mat,nonsyn,False,nonada,nonada,nonada
889AT,889.0,AT,3,7,1,0.0007639419404125,mat,nonsyn,False,nonada,nonada,nonada
890CA,890.0,CA,3,10,1,0.0007639419404125,mat,nonsyn,False,nonada,nonada,nonada
890CT,890.0,CT,1,10,2,0.001527883880825,mat,nonsyn,False,nonada,nonada,nonada
890CT,890.0,CT,2,3,1,0.0007639419404125,mat,nonsyn,False,nonada,nonada,nonada
891GA,891.0,GA,3,10,1,0.0007639419404125,mat,syn,False,nonada,nonada,nonada
891GT,891.0,GT,3,7,1,0.0007639419404125,mat,syn,False,nonada,nonada,nonada
892TC,892.0,TC,1,3,1,0.0007639419404125,mat,nonsyn,False,nonada,nonada,nonada
892TC,892.0,TC,1,10,1,0.0007639419404125,mat,nonsyn,False,nonada,nonada,nonada
892TC,892.0,TC,2,3,1,0.0007639419404125,mat,nonsyn,False,nonada,nonada,nonada
892TC,892.0,TC,2,7,2,0.001527883880825,mat,nonsyn,False,nonada,nonada,nonada
892TC,892.0,TC,3,3,1,0.0007639419404125,mat,nonsyn,False,nonada,nonada,nonada
892TC,892.0,TC,3,10,1,0.0007639419404125,mat,nonsyn,False,nonada,nonada,nonada
892TG,892.0,TG,1,10,1,0.0007639419404125,mat,nonsyn,False,nonada,nonada,nonada
892TG,892.0,TG,3,3,1,0.0007639419404125,mat,nonsyn,False,nonada,nonada,nonada
892TG,892.0,TG,3,10,1,0.0007639419404125,mat,nonsyn,False,nonada,nonada,nonada
893GA,893.0,GA,1,10,1,0.0007639419404125,mat,nonsyn,False,nonada,nonada,nonada
893GA,893.0,GA,2,7,1,0.0007639419404125,mat,nonsyn,False,nonada,nonada,nonada
893GT,893.0,GT,1,3,1,0.0007639419404125,mat,nonsyn,False,nonada,nonada,nonada
894CT,894.0,CT,1,3,2,0.001527883880825,mat,syn,False,nonada,nonada,nonada
894CT,894.0,CT,1,7,1,0.0007639419404125,mat,syn,False,nonada,nonada,nonada
894CT,894.0,CT,1,10,1,0.0007639419404125,mat,syn,False,nonada,nonada,nonada
895AG,895.0,AG,1,3,1,0.0007639419404125,mat,nonsyn,False,nonada,nonada,nonada
895AG,895.0,AG,2,10,1,0.0007639419404125,mat,nonsyn,False,nonada,nonada,nonada
895AG,895.0,AG,3,7,1,0.0007639419404125,mat,nonsyn,False,nonada,nonada,nonada
897CT,897.0,CT,1,10,1,0.0007639419404125,mat,syn,False,nonada,nonada,nonada
897CT,897.0,CT,2,3,1,0.0007639419404125,mat,syn,False,nonada,nonada,nonada
897CT,897.0,CT,2,7,1,0.0007639419404125,mat,syn,False,nonada,nonada,nonada
897CT,897.0,CT,3,3,1,0.0007639419404125,mat,syn,False,nonada,nonada,nonada
897CT,897.0,CT,3,10,1,0.0007639419404125,mat,syn,False,nonada,nonada,nonada
898AG,898.0,AG,1,10,1,0.0007639419404125,mat,nonsyn,False,nonada,nonada,nonada
898AT,898.0,AT,2,10,1,0.0007639419404125,mat,nonsyn,False,nonada,nonada,nonada
899TA,899.0,TA,2,3,1,0.0007639419404125,mat,nonsyn,False,nonada,nonada,nonada
899TC,899.0,TC,2,3,1,0.0007639419404125,mat,nonsyn,False,nonada,nonada,nonada
899TC,899.0,TC,2,7,1,0.0007639419404125,mat,nonsyn,False,nonada,nonada,nonada
899TC,899.0,TC,2,10,1,0.0007639419404125,mat,nonsyn,False,nonada,nonada,nonada
902CT,902.0,CT,1,10,1,0.0007639419404125,mat,nonsyn,False,nonada,nonada,nonada
902CT,902.0,CT,3,3,1,0.0007639419404125,mat,nonsyn,False,nonada,nonada,nonada
903GA,903.0,GA,1,3,1,0.0007639419404125,mat,syn,False,nonada,nonada,nonada
903GA,903.0,GA,1,7,2,0.001527883880825,mat,syn,False,nonada,nonada,nonada
903GA,903.0,GA,1,10,2,0.001527883880825,mat,syn,False,nonada,nonada,nonada
903GA,903.0,GA,2,3,2,0.001527883880825,mat,syn,False,nonada,nonada,nonada
903GA,903.0,GA,2,10,1,0.0007639419404125,mat,syn,False,nonada,nonada,nonada
903GA,903.0,GA,3,3,2,0.001527883880825,mat,syn,False,nonada,nonada,nonada
903GA,903.0,GA,3,10,1,0.0007639419404125,mat,syn,False,nonada,nonada,nonada
903GC,903.0,GC,1,3,1,0.0007639419404125,mat,syn,False,nonada,nonada,nonada
904CA,904.0,CA,2,3,1,0.0007639419404125,mat,syn,False,nonada,nonada,nonada
904CT,904.0,CT,1,3,1,0.0007639419404125,mat,nonsyn,True,nonada,nonada,nonada
904CT,904.0,CT,1,7,1,0.0007639419404125,mat,nonsyn,True,nonada,nonada,nonada
905GA,905.0,GA,3,3,1,0.0007639419404125,mat,nonsyn,False,nonada,nonada,nonada
905GT,905.0,GT,2,10,1,0.0007639419404125,mat,nonsyn,False,nonada,nonada,nonada
907CA,907.0,CA,2,3,1,0.0007639419404125,mat,nonsyn,False,nonada,nonada,nonada
907CT,907.0,CT,1,3,1,0.0007639419404125,mat,nonsyn,False,nonada,nonada,nonada
907CT,907.0,CT,2,7,1,0.0007639419404125,mat,nonsyn,False,nonada,nonada,nonada
908GA,908.0,GA,1,3,1,0.0007639419404125,mat,nonsyn,False,nonada,nonada,nonada
908GA,908.0,GA,1,7,1,0.0007639419404125,mat,nonsyn,False,nonada,nonada,nonada
908GA,908.0,GA,1,10,2,0.001527883880825,mat,nonsyn,False,nonada,nonada,nonada
908GA,908.0,GA,2,10,1,0.0007639419404125,mat,nonsyn,False,nonada,nonada,nonada
908GA,908.0,GA,3,3,1,0.0007639419404125,mat,nonsyn,False,nonada,nonada,nonada
908GA,908.0,GA,3,7,1,0.0007639419404125,mat,nonsyn,False,nonada,nonada,nonada
908GA,908.0,GA,3,10,1,0.0007639419404125,mat,nonsyn,False,nonada,nonada,nonada
908GT,908.0,GT,1,3,1,0.0007639419404125,mat,nonsyn,False,nonada,nonada,nonada
908GT,908.0,GT,1,10,1,0.0007639419404125,mat,nonsyn,False,nonada,nonada,nonada
908GT,908.0,GT,2,7,1,0.0007639419404125,mat,nonsyn,False,nonada,nonada,nonada
909TC,909.0,TC,1,3,1,0.0007639419404125,mat,syn,False,nonada,nonada,nonada
909TC,909.0,TC,1,7,3,0.0022918258212375,mat,syn,False,nonada,nonada,nonada
909TC,909.0,TC,2,7,2,0.001527883880825,mat,syn,False,nonada,nonada,nonada
909TG,909.0,TG,2,7,1,0.0007639419404125,mat,syn,False,nonada,nonada,nonada
912CT,912.0,CT,3,3,1,0.0007639419404125,mat,syn,False,nonada,nonada,nonada
913GA,913.0,GA,2,10,1,0.0007639419404125,mat,nonsyn,False,nonada,nonada,nonada
913GA,913.0,GA,3,3,1,0.0007639419404125,mat,nonsyn,False,nonada,nonada,nonada
914TC,914.0,TC,1,7,1,0.0007639419404125,mat,nonsyn,False,nonada,nonada,nonada
914TC,914.0,TC,1,10,1,0.0007639419404125,mat,nonsyn,False,nonada,nonada,nonada
915GA,915.0,GA,2,7,1,0.0007639419404125,mat,syn,False,nonada,nonada,nonada
916AG,916.0,AG,3,7,1,0.0007639419404125,mat,nonsyn,False,nonada,nonada,nonada
916AG,916.0,AG,3,10,1,0.0007639419404125,mat,nonsyn,False,nonada,nonada,nonada
916AT,916.0,AT,1,10,1,0.0007639419404125,mat,nonsyn,False,nonada,nonada,nonada
917TC,917.0,TC,2,7,1,0.0007639419404125,mat,nonsyn,False,nonada,nonada,nonada
917TC,917.0,TC,3,3,1,0.0007639419404125,mat,nonsyn,False,nonada,nonada,nonada
918AG,918.0,AG,1,10,1,0.0007639419404125,mat,nonsyn,False,nonada,nonada,nonada
918AG,918.0,AG,3,7,1,0.0007639419404125,mat,nonsyn,False,nonada,nonada,nonada
919TC,919.0,TC,2,3,1,0.0007639419404125,mat,nonsyn,False,nonada,nonada,nonada
919TC,919.0,TC,3,10,1,0.0007639419404125,mat,nonsyn,False,nonada,nonada,nonada
920GA,920.0,GA,2,3,1,0.0007639419404125,mat,nonsyn,True,nonada,nonada,nonada
921GA,921.0,GA,1,7,1,0.0007639419404125,mat,nonsyn,True,nonada,nonada,nonada
921GA,921.0,GA,1,10,1,0.0007639419404125,mat,nonsyn,True,nonada,nonada,nonada
921GA,921.0,GA,3,7,1,0.0007639419404125,mat,nonsyn,True,nonada,nonada,nonada
921GT,921.0,GT,1,7,1,0.0007639419404125,mat,nonsyn,False,nonada,nonada,nonada
921GT,921.0,GT,2,7,1,0.0007639419404125,mat,nonsyn,False,nonada,nonada,nonada
921GT,921.0,GT,3,3,2,0.001527883880825,mat,nonsyn,False,nonada,nonada,nonada
921GT,921.0,GT,3,7,1,0.0007639419404125,mat,nonsyn,False,nonada,nonada,nonada
921GT,921.0,GT,3,10,1,0.0007639419404125,mat,nonsyn,False,nonada,nonada,nonada
922TC,922.0,TC,1,10,2,0.001527883880825,mat,nonsyn,False,nonada,nonada,nonada
922TC,922.0,TC,3,7,1,0.0007639419404125,mat,nonsyn,False,nonada,nonada,nonada
923TC,923.0,TC,1,3,1,0.0007639419404125,mat,nonsyn,False,nonada,nonada,nonada
923TG,923.0,TG,3,3,1,0.0007639419404125,mat,nonsyn,False,nonada,nonada,nonada
924TC,924.0,TC,1,7,2,0.001527883880825,mat,syn,False,nonada,nonada,nonada
924TC,924.0,TC,2,7,1,0.0007639419404125,mat,syn,False,nonada,nonada,nonada
925TC,925.0,TC,1,10,1,0.0007639419404125,mat,nonsyn,False,nonada,nonada,nonada
925TC,925.0,TC,3,3,1,0.0007639419404125,mat,nonsyn,False,nonada,nonada,nonada
925TC,925.0,TC,3,7,1,0.0007639419404125,mat,nonsyn,False,nonada,nonada,nonada
926AG,926.0,AG,3,7,1,0.0007639419404125,mat,nonsyn,False,nonada,nonada,nonada
926AT,926.0,AT,2,7,1,0.0007639419404125,mat,nonsyn,False,nonada,nonada,nonada
927CT,927.0,CT,1,3,1,0.0007639419404125,mat,syn,False,nonada,nonada,nonada
927CT,927.0,CT,1,7,1,0.0007639419404125,mat,syn,False,nonada,nonada,nonada
927CT,927.0,CT,2,10,1,0.0007639419404125,mat,syn,False,nonada,nonada,nonada
928AG,928.0,AG,1,7,1,0.0007639419404125,mat,nonsyn,False,nonada,nonada,nonada
928AG,928.0,AG,3,3,1,0.0007639419404125,mat,nonsyn,False,nonada,nonada,nonada
929TA,929.0,TA,1,10,1,0.0007639419404125,mat,nonsyn,False,nonada,nonada,nonada
929TC,929.0,TC,1,7,1,0.0007639419404125,mat,nonsyn,False,nonada,nonada,nonada
930AG,930.0,AG,1,7,1,0.0007639419404125,mat,nonsyn,False,nonada,nonada,nonada
930AG,930.0,AG,2,7,1,0.0007639419404125,mat,nonsyn,False,nonada,nonada,nonada
930AG,930.0,AG,3,3,1,0.0007639419404125,mat,nonsyn,False,nonada,nonada,nonada
930AG,930.0,AG,3,10,1,0.0007639419404125,mat,nonsyn,False,nonada,nonada,nonada
930AT,930.0,AT,1,3,1,0.0007639419404125,mat,syn,False,nonada,nonada,nonada
932AG,932.0,AG,1,3,1,0.0007639419404125,mat,nonsyn,False,nonada,nonada,nonada
932AG,932.0,AG,2,7,2,0.001527883880825,mat,nonsyn,False,nonada,nonada,nonada
932AG,932.0,AG,2,10,1,0.0007639419404125,mat,nonsyn,False,nonada,nonada,nonada
932AT,932.0,AT,2,3,1,0.0007639419404125,mat,nonsyn,False,nonada,nonada,nonada
933CT,933.0,CT,1,3,1,0.0007639419404125,mat,syn,False,nonada,nonada,nonada
933CT,933.0,CT,1,7,1,0.0007639419404125,mat,syn,False,nonada,nonada,nonada
933CT,933.0,CT,3,3,1,0.0007639419404125,mat,syn,False,nonada,nonada,nonada
933CT,933.0,CT,3,7,1,0.0007639419404125,mat,syn,False,nonada,nonada,nonada
933CT,933.0,CT,3,10,2,0.001527883880825,mat,syn,False,nonada,nonada,nonada
934GA,934.0,GA,1,3,1,0.0007639419404125,mat,nonsyn,False,nonada,nonada,nonada
934GA,934.0,GA,3,3,2,0.001527883880825,mat,nonsyn,False,nonada,nonada,nonada
935AG,935.0,AG,1,7,1,0.0007639419404125,mat,nonsyn,False,nonada,nonada,nonada
936TC,936.0,TC,1,3,1,0.0007639419404125,mat,syn,False,nonada,nonada,nonada
936TC,936.0,TC,3,3,1,0.0007639419404125,mat,syn,False,nonada,nonada,nonada
936TG,936.0,TG,2,10,1,0.0007639419404125,mat,nonsyn,False,nonada,nonada,nonada
937GA,937.0,GA,1,3,1,0.0007639419404125,mat,nonsyn,False,nonada,nonada,nonada
937GA,937.0,GA,2,3,1,0.0007639419404125,mat,nonsyn,False,nonada,nonada,nonada
937GA,937.0,GA,3,3,1,0.0007639419404125,mat,nonsyn,False,nonada,nonada,nonada
937GA,937.0,GA,3,7,1,0.0007639419404125,mat,nonsyn,False,nonada,nonada,nonada
937GT,937.0,GT,3,7,1,0.0007639419404125,mat,nonsyn,False,nonada,nonada,nonada
937GT,937.0,GT,3,10,1,0.0007639419404125,mat,nonsyn,False,nonada,nonada,nonada
938CT,938.0,CT,1,3,1,0.0007639419404125,mat,nonsyn,False,nonada,nonada,nonada
938CT,938.0,CT,1,7,1,0.0007639419404125,mat,nonsyn,False,nonada,nonada,nonada
938CT,938.0,CT,3,3,2,0.001527883880825,mat,nonsyn,False,nonada,nonada,nonada
938CT,938.0,CT,3,7,1,0.0007639419404125,mat,nonsyn,False,nonada,nonada,nonada
939AG,939.0,AG,1,7,1,0.0007639419404125,mat,syn,False,nonada,nonada,nonada
939AG,939.0,AG,2,7,1,0.0007639419404125,mat,syn,False,nonada,nonada,nonada
939AG,939.0,AG,3,7,1,0.0007639419404125,mat,syn,False,nonada,nonada,nonada
939AG,939.0,AG,3,10,1,0.0007639419404125,mat,syn,False,nonada,nonada,nonada
941GA,941.0,GA,2,10,1,0.0007639419404125,mat,nonsyn,False,nonada,nonada,nonada
941GA,941.0,GA,3,7,1,0.0007639419404125,mat,nonsyn,False,nonada,nonada,nonada
941GT,941.0,GT,2,3,1,0.0007639419404125,mat,nonsyn,False,nonada,nonada,nonada
942TC,942.0,TC,1,10,2,0.001527883880825,mat,syn,False,nonada,nonada,nonada
942TC,942.0,TC,2,7,1,0.0007639419404125,mat,syn,False,nonada,nonada,nonada
942TC,942.0,TC,2,10,1,0.0007639419404125,mat,syn,False,nonada,nonada,nonada
942TC,942.0,TC,3,10,1,0.0007639419404125,mat,syn,False,nonada,nonada,nonada
942TG,942.0,TG,2,10,1,0.0007639419404125,mat,syn,False,nonada,nonada,nonada
943TC,943.0,TC,1,3,1,0.0007639419404125,mat,syn,False,nonada,nonada,nonada
943TC,943.0,TC,1,10,1,0.0007639419404125,mat,syn,False,nonada,nonada,nonada
943TC,943.0,TC,3,7,4,0.0030557677616501,mat,syn,False,nonada,nonada,nonada
943TC,943.0,TC,3,10,1,0.0007639419404125,mat,syn,False,nonada,nonada,nonada
943TG,943.0,TG,3,10,1,0.0007639419404125,mat,nonsyn,False,nonada,nonada,nonada
944TC,944.0,TC,2,3,1,0.0007639419404125,mat,nonsyn,False,nonada,nonada,nonada
945GA,945.0,GA,2,3,1,0.0007639419404125,mat,syn,False,nonada,nonada,nonada
945GA,945.0,GA,2,7,1,0.0007639419404125,mat,syn,False,nonada,nonada,nonada
945GA,945.0,GA,2,10,1,0.0007639419404125,mat,syn,False,nonada,nonada,nonada
945GA,945.0,GA,3,3,1,0.0007639419404125,mat,syn,False,nonada,nonada,nonada
945GA,945.0,GA,3,10,1,0.0007639419404125,mat,syn,False,nonada,nonada,nonada
945GT,945.0,GT,3,10,1,0.0007639419404125,mat,nonsyn,False,nonada,nonada,nonada
946GA,946.0,GA,1,3,3,0.0022918258212375,mat,nonsyn,False,nonada,nonada,nonada
946GA,946.0,GA,1,10,1,0.0007639419404125,mat,nonsyn,False,nonada,nonada,nonada
946GA,946.0,GA,2,7,1,0.0007639419404125,mat,nonsyn,False,nonada,nonada,nonada
946GA,946.0,GA,2,10,1,0.0007639419404125,mat,nonsyn,False,nonada,nonada,nonada
946GA,946.0,GA,3,7,2,0.001527883880825,mat,nonsyn,False,nonada,nonada,nonada
946GA,946.0,GA,3,10,1,0.0007639419404125,mat,nonsyn,False,nonada,nonada,nonada
946GT,946.0,GT,2,10,1,0.0007639419404125,mat,nonsyn,False,nonada,nonada,nonada
946GT,946.0,GT,3,3,1,0.0007639419404125,mat,nonsyn,False,nonada,nonada,nonada
947CT,947.0,CT,1,7,2,0.001527883880825,mat,nonsyn,False,nonada,nonada,nonada
947CT,947.0,CT,1,10,1,0.0007639419404125,mat,nonsyn,False,nonada,nonada,nonada
947CT,947.0,CT,2,3,1,0.0007639419404125,mat,nonsyn,False,nonada,nonada,nonada
947CT,947.0,CT,2,10,1,0.0007639419404125,mat,nonsyn,False,nonada,nonada,nonada
948AC,948.0,AC,1,7,1,0.0007639419404125,mat,syn,False,nonada,nonada,nonada
948AC,948.0,AC,2,10,1,0.0007639419404125,mat,syn,False,nonada,nonada,nonada
948AG,948.0,AG,1,3,1,0.0007639419404125,mat,syn,False,nonada,nonada,nonada
948AG,948.0,AG,1,7,1,0.0007639419404125,mat,syn,False,nonada,nonada,nonada
948AG,948.0,AG,1,10,1,0.0007639419404125,mat,syn,False,nonada,nonada,nonada
948AG,948.0,AG,2,10,1,0.0007639419404125,mat,syn,False,nonada,nonada,nonada
948AG,948.0,AG,3,10,2,0.001527883880825,mat,syn,False,nonada,nonada,nonada
949TC,949.0,TC,3,7,1,0.0007639419404125,mat,nonsyn,False,nonada,nonada,nonada
950GA,950.0,GA,2,7,1,0.0007639419404125,mat,nonsyn,True,nonada,nonada,nonada
950GA,950.0,GA,3,3,1,0.0007639419404125,mat,nonsyn,True,nonada,nonada,nonada
950GT,950.0,GT,3,7,1,0.0007639419404125,mat,nonsyn,False,nonada,nonada,nonada
951GA,951.0,GA,1,7,1,0.0007639419404125,mat,nonsyn,True,nonada,nonada,nonada
951GA,951.0,GA,2,3,2,0.001527883880825,mat,nonsyn,True,nonada,nonada,nonada
951GT,951.0,GT,1,10,1,0.0007639419404125,mat,nonsyn,False,nonada,nonada,nonada
952TC,952.0,TC,1,3,2,0.001527883880825,mat,syn,False,nonada,nonada,nonada
952TC,952.0,TC,1,10,1,0.0007639419404125,mat,syn,False,nonada,nonada,nonada
952TC,952.0,TC,3,7,1,0.0007639419404125,mat,syn,False,nonada,nonada,nonada
952TG,952.0,TG,3,7,1,0.0007639419404125,mat,nonsyn,False,nonada,nonada,nonada
953TC,953.0,TC,2,7,1,0.0007639419404125,mat,nonsyn,False,nonada,nonada,nonada
953TC,953.0,TC,3,7,1,0.0007639419404125,mat,nonsyn,False,nonada,nonada,nonada
954GA,954.0,GA,3,3,1,0.0007639419404125,mat,syn,False,nonada,nonada,nonada
956CT,956.0,CT,1,10,1,0.0007639419404125,mat,nonsyn,False,nonada,nonada,nonada
956CT,956.0,CT,3,10,1,0.0007639419404125,mat,nonsyn,False,nonada,nonada,nonada
958TC,958.0,TC,1,3,1,0.0007639419404125,mat,nonsyn,False,nonada,nonada,nonada
958TC,958.0,TC,2,7,2,0.001527883880825,mat,nonsyn,False,nonada,nonada,nonada
960TA,960.0,TA,1,7,1,0.0007639419404125,mat,syn,False,nonada,nonada,nonada
960TC,960.0,TC,1,7,1,0.0007639419404125,mat,syn,False,nonada,nonada,nonada
960TC,960.0,TC,2,3,3,0.0022918258212375,mat,syn,False,nonada,nonada,nonada
960TC,960.0,TC,2,7,1,0.0007639419404125,mat,syn,False,nonada,nonada,nonada
960TC,960.0,TC,3,3,2,0.001527883880825,mat,syn,False,nonada,nonada,nonada
960TC,960.0,TC,3,7,2,0.001527883880825,mat,syn,False,nonada,nonada,nonada
960TC,960.0,TC,3,10,2,0.001527883880825,mat,syn,False,nonada,nonada,nonada
961CA,961.0,CA,1,10,1,0.0007639419404125,mat,nonsyn,False,nonada,nonada,nonada
961CT,961.0,CT,1,3,1,0.0007639419404125,mat,syn,False,nonada,nonada,nonada
961CT,961.0,CT,1,10,2,0.001527883880825,mat,syn,False,nonada,nonada,nonada
961CT,961.0,CT,2,3,1,0.0007639419404125,mat,syn,False,nonada,nonada,nonada
961CT,961.0,CT,3,7,1,0.0007639419404125,mat,syn,False,nonada,nonada,nonada
961CT,961.0,CT,3,10,4,0.0030557677616501,mat,syn,False,nonada,nonada,nonada
962TC,962.0,TC,2,3,1,0.0007639419404125,mat,nonsyn,False,nonada,nonada,nonada
962TC,962.0,TC,2,7,1,0.0007639419404125,mat,nonsyn,False,nonada,nonada,nonada
962TC,962.0,TC,3,3,1,0.0007639419404125,mat,nonsyn,False,nonada,nonada,nonada
963AC,963.0,AC,1,7,1,0.0007639419404125,mat,syn,False,nonada,nonada,nonada
963AG,963.0,AG,2,7,1,0.0007639419404125,mat,syn,False,nonada,nonada,nonada
963AG,963.0,AG,3,3,1,0.0007639419404125,mat,syn,False,nonada,nonada,nonada
964GA,964.0,GA,1,3,1,0.0007639419404125,mat,nonsyn,False,nonada,nonada,nonada
964GA,964.0,GA,1,7,1,0.0007639419404125,mat,nonsyn,False,nonada,nonada,nonada
964GA,964.0,GA,1,10,1,0.0007639419404125,mat,nonsyn,False,nonada,nonada,nonada
964GA,964.0,GA,2,3,2,0.001527883880825,mat,nonsyn,False,nonada,nonada,nonada
964GA,964.0,GA,3,3,1,0.0007639419404125,mat,nonsyn,False,nonada,nonada,nonada
965GA,965.0,GA,1,10,1,0.0007639419404125,mat,nonsyn,False,nonada,nonada,nonada
966TC,966.0,TC,1,10,1,0.0007639419404125,mat,syn,False,nonada,nonada,nonada
966TC,966.0,TC,2,3,1,0.0007639419404125,mat,syn,False,nonada,nonada,nonada
966TC,966.0,TC,2,10,1,0.0007639419404125,mat,syn,False,nonada,nonada,nonada
966TC,966.0,TC,3,10,2,0.001527883880825,mat,syn,False,nonada,nonada,nonada
966TG,966.0,TG,1,7,1,0.0007639419404125,mat,syn,False,nonada,nonada,nonada
966TG,966.0,TG,1,10,1,0.0007639419404125,mat,syn,False,nonada,nonada,nonada
967AG,967.0,AG,3,3,1,0.0007639419404125,mat,nonsyn,False,nonada,nonada,nonada
968TC,968.0,TC,1,3,1,0.0007639419404125,mat,nonsyn,False,nonada,nonada,nonada
968TC,968.0,TC,2,7,2,0.001527883880825,mat,nonsyn,False,nonada,nonada,nonada
969CA,969.0,CA,2,3,1,0.0007639419404125,mat,syn,False,nonada,nonada,nonada
969CT,969.0,CT,2,7,1,0.0007639419404125,mat,syn,False,nonada,nonada,nonada
969CT,969.0,CT,3,7,1,0.0007639419404125,mat,syn,False,nonada,nonada,nonada
970TC,970.0,TC,1,10,2,0.001527883880825,mat,syn,False,nonada,nonada,nonada
970TC,970.0,TC,2,3,2,0.001527883880825,mat,syn,False,nonada,nonada,nonada
970TC,970.0,TC,2,7,1,0.0007639419404125,mat,syn,False,nonada,nonada,nonada
971TA,971.0,TA,1,7,1,0.0007639419404125,mat,nonsyn,True,nonada,nonada,nonada
971TC,971.0,TC,2,3,1,0.0007639419404125,mat,nonsyn,False,nonada,nonada,nonada
971TC,971.0,TC,3,7,1,0.0007639419404125,mat,nonsyn,False,nonada,nonada,nonada
971TG,971.0,TG,1,3,1,0.0007639419404125,mat,nonsyn,False,nonada,nonada,nonada
972GA,972.0,GA,1,7,1,0.0007639419404125,mat,syn,False,nonada,nonada,nonada
972GA,972.0,GA,2,3,1,0.0007639419404125,mat,syn,False,nonada,nonada,nonada
972GA,972.0,GA,2,7,2,0.001527883880825,mat,syn,False,nonada,nonada,nonada
972GA,972.0,GA,3,7,2,0.001527883880825,mat,syn,False,nonada,nonada,nonada
973AG,973.0,AG,1,10,1,0.0007639419404125,mat,nonsyn,False,nonada,nonada,nonada
973AG,973.0,AG,2,3,1,0.0007639419404125,mat,nonsyn,False,nonada,nonada,nonada
973AG,973.0,AG,2,7,1,0.0007639419404125,mat,nonsyn,False,nonada,nonada,nonada
973AG,973.0,AG,3,7,1,0.0007639419404125,mat,nonsyn,False,nonada,nonada,nonada
974AC,974.0,AC,1,10,1,0.0007639419404125,mat,nonsyn,False,nonada,nonada,nonada
974AC,974.0,AC,2,3,1,0.0007639419404125,mat,nonsyn,False,nonada,nonada,nonada
974AC,974.0,AC,3,10,1,0.0007639419404125,mat,nonsyn,False,nonada,nonada,nonada
974AG,974.0,AG,1,3,1,0.0007639419404125,mat,nonsyn,False,nonada,nonada,nonada
974AG,974.0,AG,1,7,1,0.0007639419404125,mat,nonsyn,False,nonada,nonada,nonada
974AT,974.0,AT,1,10,1,0.0007639419404125,mat,nonsyn,False,nonada,nonada,nonada
975CA,975.0,CA,1,10,1,0.0007639419404125,mat,nonsyn,False,nonada,nonada,nonada
975CA,975.0,CA,2,10,1,0.0007639419404125,mat,nonsyn,False,nonada,nonada,nonada
975CT,975.0,CT,2,7,1,0.0007639419404125,mat,syn,False,nonada,nonada,nonada
976CT,976.0,CT,3,3,2,0.001527883880825,mat,nonsyn,False,nonada,nonada,nonada
978AG,978.0,AG,1,3,1,0.0007639419404125,mat,syn,False,nonada,nonada,nonada
978AG,978.0,AG,1,7,1,0.0007639419404125,mat,syn,False,nonada,nonada,nonada
978AG,978.0,AG,2,3,1,0.0007639419404125,mat,syn,False,nonada,nonada,nonada
978AG,978.0,AG,2,7,1,0.0007639419404125,mat,syn,False,nonada,nonada,nonada
978AG,978.0,AG,2,10,1,0.0007639419404125,mat,syn,False,nonada,nonada,nonada
978AG,978.0,AG,3,3,1,0.0007639419404125,mat,syn,False,nonada,nonada,nonada
978AG,978.0,AG,3,7,1,0.0007639419404125,mat,syn,False,nonada,nonada,nonada
978AT,978.0,AT,2,3,1,0.0007639419404125,mat,syn,False,nonada,nonada,nonada
978AT,978.0,AT,2,10,1,0.0007639419404125,mat,syn,False,nonada,nonada,nonada
979CT,979.0,CT,2,7,1,0.0007639419404125,mat,syn,False,nonada,nonada,nonada
980TC,980.0,TC,1,3,1,0.0007639419404125,mat,nonsyn,False,nonada,nonada,nonada
981AG,981.0,AG,1,7,1,0.0007639419404125,mat,syn,False,nonada,nonada,nonada
981AG,981.0,AG,2,10,2,0.001527883880825,mat,syn,False,nonada,nonada,nonada
981AT,981.0,AT,2,10,1,0.0007639419404125,mat,syn,False,nonada,nonada,nonada
981AT,981.0,AT,3,7,1,0.0007639419404125,mat,syn,False,nonada,nonada,nonada
982GA,982.0,GA,1,3,2,0.001527883880825,mat,nonsyn,False,nonada,nonada,nonada
982GA,982.0,GA,1,7,2,0.001527883880825,mat,nonsyn,False,nonada,nonada,nonada
982GA,982.0,GA,2,7,1,0.0007639419404125,mat,nonsyn,False,nonada,nonada,nonada
982GA,982.0,GA,3,10,1,0.0007639419404125,mat,nonsyn,False,nonada,nonada,nonada
983GA,983.0,GA,1,10,1,0.0007639419404125,mat,nonsyn,False,nonada,nonada,nonada
983GA,983.0,GA,2,7,1,0.0007639419404125,mat,nonsyn,False,nonada,nonada,nonada
983GT,983.0,GT,1,10,1,0.0007639419404125,mat,nonsyn,False,nonada,nonada,nonada
984TC,984.0,TC,1,7,1,0.0007639419404125,mat,syn,False,nonada,nonada,nonada
985AG,985.0,AG,1,3,1,0.0007639419404125,mat,nonsyn,False,nonada,nonada,nonada
985AG,985.0,AG,1,10,1,0.0007639419404125,mat,nonsyn,False,nonada,nonada,nonada
985AG,985.0,AG,3,7,1,0.0007639419404125,mat,nonsyn,False,nonada,nonada,nonada
985AT,985.0,AT,1,3,1,0.0007639419404125,mat,nonsyn,False,nonada,nonada,nonada
986TC,986.0,TC,2,10,1,0.0007639419404125,mat,nonsyn,False,nonada,nonada,nonada
986TC,986.0,TC,3,7,1,0.0007639419404125,mat,nonsyn,False,nonada,nonada,nonada
987AT,987.0,AT,3,3,1,0.0007639419404125,mat,syn,False,nonada,nonada,nonada
988GA,988.0,GA,1,3,1,0.0007639419404125,mat,nonsyn,False,nonada,nonada,nonada
988GA,988.0,GA,1,10,1,0.0007639419404125,mat,nonsyn,False,nonada,nonada,nonada
988GA,988.0,GA,3,7,1,0.0007639419404125,mat,nonsyn,False,nonada,nonada,nonada
988GA,988.0,GA,3,10,1,0.0007639419404125,mat,nonsyn,False,nonada,nonada,nonada
989TC,989.0,TC,1,3,3,0.0022918258212375,mat,nonsyn,False,nonada,nonada,nonada
989TC,989.0,TC,1,7,1,0.0007639419404125,mat,nonsyn,False,nonada,nonada,nonada
989TC,989.0,TC,3,7,1,0.0007639419404125,mat,nonsyn,False,nonada,nonada,nonada
989TC,989.0,TC,3,10,2,0.001527883880825,mat,nonsyn,False,nonada,nonada,nonada
989TG,989.0,TG,3,3,1,0.0007639419404125,mat,nonsyn,False,nonada,nonada,nonada
990GA,990.0,GA,2,7,1,0.0007639419404125,mat,syn,False,nonada,nonada,nonada
991TA,991.0,TA,1,3,1,0.0007639419404125,mat,nonsyn,False,nonada,nonada,nonada
991TC,991.0,TC,3,3,3,0.0022918258212375,mat,nonsyn,False,nonada,nonada,nonada
991TG,991.0,TG,2,7,1,0.0007639419404125,mat,nonsyn,False,nonada,nonada,nonada
992GT,992.0,GT,2,7,1,0.0007639419404125,mat,nonsyn,False,nonada,nonada,nonada
993GA,993.0,GA,1,3,1,0.0007639419404125,mat,nonsyn,True,nonada,nonada,nonada
994GA,994.0,GA,1,3,2,0.001527883880825,mat,nonsyn,False,nonada,nonada,nonada
994GA,994.0,GA,1,7,4,0.0030557677616501,mat,nonsyn,False,nonada,nonada,nonada
994GA,994.0,GA,1,10,2,0.001527883880825,mat,nonsyn,False,nonada,nonada,nonada
994GA,994.0,GA,2,3,2,0.001527883880825,mat,nonsyn,False,nonada,nonada,nonada
994GA,994.0,GA,2,7,4,0.0030557677616501,mat,nonsyn,False,nonada,nonada,nonada
994GA,994.0,GA,2,10,1,0.0007639419404125,mat,nonsyn,False,nonada,nonada,nonada
994GA,994.0,GA,3,3,2,0.001527883880825,mat,nonsyn,False,nonada,nonada,nonada
994GA,994.0,GA,3,7,1,0.0007639419404125,mat,nonsyn,False,nonada,nonada,nonada
994GA,994.0,GA,3,10,2,0.001527883880825,mat,nonsyn,False,nonada,nonada,nonada
995AG,995.0,AG,2,3,2,0.001527883880825,mat,nonsyn,False,nonada,nonada,nonada
995AG,995.0,AG,2,7,1,0.0007639419404125,mat,nonsyn,False,nonada,nonada,nonada
995AG,995.0,AG,3,3,1,0.0007639419404125,mat,nonsyn,False,nonada,nonada,nonada
996AG,996.0,AG,1,7,2,0.001527883880825,mat,syn,False,nonada,nonada,nonada
996AG,996.0,AG,2,7,1,0.0007639419404125,mat,syn,False,nonada,nonada,nonada
996AG,996.0,AG,2,10,1,0.0007639419404125,mat,syn,False,nonada,nonada,nonada
996AG,996.0,AG,3,10,1,0.0007639419404125,mat,syn,False,nonada,nonada,nonada
998AG,998.0,AG,1,7,1,0.0007639419404125,mat,nonsyn,False,nonada,nonada,nonada
998AG,998.0,AG,1,10,1,0.0007639419404125,mat,nonsyn,False,nonada,nonada,nonada
998AG,998.0,AG,2,7,2,0.001527883880825,mat,nonsyn,False,nonada,nonada,nonada
999GA,999.0,GA,1,3,1,0.0007639419404125,mat,syn,False,nonada,nonada,nonada
999GA,999.0,GA,1,10,1,0.0007639419404125,mat,syn,False,nonada,nonada,nonada
999GA,999.0,GA,2,3,1,0.0007639419404125,mat,syn,False,nonada,nonada,nonada
999GA,999.0,GA,2,7,2,0.001527883880825,mat,syn,False,nonada,nonada,nonada
999GA,999.0,GA,2,10,1,0.0007639419404125,mat,syn,False,nonada,nonada,nonada
999GA,999.0,GA,3,10,2,0.001527883880825,mat,syn,False,nonada,nonada,nonada
