mut_name,position,mutation,line,passage,read_count,freq,protein,syn_nonsyn,stop_codon,adaptive_moi10,weak_adaptive_moi10,adaptive_2plus_lines_def
1000GA,1000.0,GA,H,10,1,0.0007639419404125,mat,nonsyn,False,nonada,nonada,nonada
1001TC,1001.0,TC,G,10,1,0.0007639419404125,mat,nonsyn,False,nonada,nonada,nonada
1002GC,1002.0,GC,G,10,1,0.0007639419404125,mat,syn,False,nonada,nonada,nonada
1004CT,1004.0,CT,E,10,5,0.0038197097020626,mat,nonsyn,False,nonada,nonada,nonada
1004CT,1004.0,CT,G,10,9,0.0068754774637127,mat,nonsyn,False,nonada,nonada,nonada
1004CT,1004.0,CT,H,10,6,0.0045836516424751,mat,nonsyn,False,nonada,nonada,nonada
1005TC,1005.0,TC,G,10,2,0.001527883880825,mat,syn,False,nonada,nonada,nonada
1006TC,1006.0,TC,E,10,1,0.0007639419404125,mat,nonsyn,False,nonada,nonada,nonada
1007TG,1007.0,TG,H,10,1,0.0007639419404125,mat,nonsyn,False,nonada,nonada,nonada
1010CT,1010.0,CT,E,10,1,0.0007639419404125,mat,nonsyn,False,nonada,nonada,nonada
1014CT,1014.0,CT,H,10,1,0.0007639419404125,mat,syn,False,nonada,nonada,nonada
1015GA,1015.0,GA,G,10,1,0.0007639419404125,mat,nonsyn,False,nonada,nonada,nonada
1017TC,1017.0,TC,H,10,1,0.0007639419404125,mat,syn,False,nonada,nonada,nonada
1019TC,1019.0,TC,G,10,3,0.0022918258212375,mat,nonsyn,False,nonada,nonada,nonada
1021GA,1021.0,GA,E,10,1,0.0007639419404125,mat,nonsyn,False,nonada,nonada,nonada
1023CT,1023.0,CT,G,10,2,0.001527883880825,mat,syn,False,nonada,nonada,nonada
1026GA,1026.0,GA,G,10,1,0.0007639419404125,mat,nonsyn,True,nonada,nonada,nonada
1027CT,1027.0,CT,E,10,1,0.0007639419404125,mat,nonsyn,False,nonada,nonada,nonada
1028TC,1028.0,TC,G,10,1,0.0007639419404125,mat,nonsyn,False,nonada,nonada,nonada
1029CT,1029.0,CT,E,10,2,0.001527883880825,mat,syn,False,nonada,nonada,nonada
1029CT,1029.0,CT,G,10,1,0.0007639419404125,mat,syn,False,nonada,nonada,nonada
1030CT,1030.0,CT,G,10,1,0.0007639419404125,mat,syn,False,nonada,nonada,nonada
1031TC,1031.0,TC,H,10,1,0.0007639419404125,mat,nonsyn,False,nonada,nonada,nonada
1032AC,1032.0,AC,E,10,1,0.0007639419404125,mat,syn,False,nonada,nonada,nonada
1032AG,1032.0,AG,H,10,1,0.0007639419404125,mat,syn,False,nonada,nonada,nonada
1033CT,1033.0,CT,G,10,1,0.0007639419404125,mat,nonsyn,False,nonada,nonada,nonada
1035TC,1035.0,TC,E,10,2,0.001527883880825,mat,syn,False,nonada,nonada,nonada
1036GA,1036.0,GA,H,10,1,0.0007639419404125,mat,nonsyn,False,nonada,nonada,nonada
1037TC,1037.0,TC,G,10,2,0.001527883880825,mat,nonsyn,False,nonada,nonada,nonada
1037TC,1037.0,TC,H,10,1,0.0007639419404125,mat,nonsyn,False,nonada,nonada,nonada
1038AG,1038.0,AG,E,10,2,0.001527883880825,mat,syn,False,nonada,nonada,nonada
1038AG,1038.0,AG,H,10,1,0.0007639419404125,mat,syn,False,nonada,nonada,nonada
1039GA,1039.0,GA,G,10,1,0.0007639419404125,mat,nonsyn,False,nonada,nonada,nonada
1040GA,1040.0,GA,H,10,1,0.0007639419404125,mat,nonsyn,False,nonada,nonada,nonada
1040GT,1040.0,GT,G,10,1,0.0007639419404125,mat,nonsyn,False,nonada,nonada,nonada
1041TC,1041.0,TC,E,10,1,0.0007639419404125,mat,syn,False,nonada,nonada,nonada
1041TC,1041.0,TC,G,10,2,0.001527883880825,mat,syn,False,nonada,nonada,nonada
1041TG,1041.0,TG,E,10,1,0.0007639419404125,mat,syn,False,nonada,nonada,nonada
1042AG,1042.0,AG,G,10,1,0.0007639419404125,mat,nonsyn,False,nonada,nonada,nonada
1043AG,1043.0,AG,G,10,1,0.0007639419404125,mat,nonsyn,False,nonada,nonada,nonada
1046TC,1046.0,TC,H,10,1,0.0007639419404125,mat,nonsyn,False,nonada,nonada,nonada
1047GA,1047.0,GA,E,10,1,0.0007639419404125,mat,nonsyn,False,nonada,nonada,nonada
1047GA,1047.0,GA,G,10,1,0.0007639419404125,mat,nonsyn,False,nonada,nonada,nonada
1050CA,1050.0,CA,G,10,1,0.0007639419404125,mat,syn,False,nonada,nonada,nonada
1050CT,1050.0,CT,E,10,1,0.0007639419404125,mat,syn,False,nonada,nonada,nonada
1050CT,1050.0,CT,G,10,4,0.0030557677616501,mat,syn,False,nonada,nonada,nonada
1052AG,1052.0,AG,H,10,1,0.0007639419404125,mat,nonsyn,False,nonada,nonada,nonada
1053GA,1053.0,GA,G,10,1,0.0007639419404125,mat,syn,False,nonada,nonada,nonada
1053GA,1053.0,GA,H,10,1,0.0007639419404125,mat,syn,False,nonada,nonada,nonada
1055GA,1055.0,GA,G,10,1,0.0007639419404125,mat,nonsyn,False,nonada,nonada,nonada
1055GT,1055.0,GT,H,10,1,0.0007639419404125,mat,nonsyn,False,nonada,nonada,nonada
1056CA,1056.0,CA,G,10,1,0.0007639419404125,mat,syn,False,nonada,nonada,nonada
1056CT,1056.0,CT,E,10,1,0.0007639419404125,mat,syn,False,nonada,nonada,nonada
1056CT,1056.0,CT,G,10,1,0.0007639419404125,mat,syn,False,nonada,nonada,nonada
1057CA,1057.0,CA,E,10,1,0.0007639419404125,mat,nonsyn,False,nonada,nonada,nonada
1058TC,1058.0,TC,E,10,1,0.0007639419404125,mat,nonsyn,False,nonada,nonada,nonada
1059TC,1059.0,TC,E,10,1,0.0007639419404125,mat,syn,False,nonada,nonada,nonada
1059TC,1059.0,TC,H,10,1,0.0007639419404125,mat,syn,False,nonada,nonada,nonada
1061CA,1061.0,CA,H,10,1,0.0007639419404125,mat,nonsyn,False,nonada,nonada,nonada
1061CG,1061.0,CG,H,10,1,0.0007639419404125,mat,nonsyn,False,nonada,nonada,nonada
1061CT,1061.0,CT,G,10,1,0.0007639419404125,mat,nonsyn,False,nonada,nonada,nonada
1062GA,1062.0,GA,E,10,2,0.001527883880825,mat,syn,False,nonada,nonada,nonada
1062GA,1062.0,GA,G,10,1,0.0007639419404125,mat,syn,False,nonada,nonada,nonada
1062GT,1062.0,GT,E,10,1,0.0007639419404125,mat,syn,False,nonada,nonada,nonada
1065CT,1065.0,CT,G,10,1,0.0007639419404125,mat,syn,False,nonada,nonada,nonada
1067CT,1067.0,CT,E,10,2,0.001527883880825,mat,nonsyn,False,nonada,nonada,nonada
1067CT,1067.0,CT,H,10,1,0.0007639419404125,mat,nonsyn,False,nonada,nonada,nonada
1068CA,1068.0,CA,H,10,2,0.001527883880825,mat,syn,False,nonada,nonada,nonada
1068CT,1068.0,CT,E,10,1,0.0007639419404125,mat,syn,False,nonada,nonada,nonada
1068CT,1068.0,CT,G,10,1,0.0007639419404125,mat,syn,False,nonada,nonada,nonada
1069GC,1069.0,GC,H,10,1,0.0007639419404125,mat,nonsyn,False,nonada,nonada,nonada
1070TG,1070.0,TG,E,10,2,0.001527883880825,mat,nonsyn,False,nonada,nonada,nonada
1070TG,1070.0,TG,G,10,2,0.001527883880825,mat,nonsyn,False,nonada,nonada,nonada
1070TG,1070.0,TG,H,10,5,0.0038197097020626,mat,nonsyn,False,nonada,nonada,nonada
1071GA,1071.0,GA,E,10,2,0.001527883880825,mat,syn,False,nonada,nonada,nonada
1071GT,1071.0,GT,G,10,1,0.0007639419404125,mat,syn,False,nonada,nonada,nonada
1072GA,1072.0,GA,E,10,2,0.001527883880825,mat,nonsyn,False,nonada,nonada,nonada
1072GA,1072.0,GA,G,10,1,0.0007639419404125,mat,nonsyn,False,nonada,nonada,nonada
1072GA,1072.0,GA,H,10,1,0.0007639419404125,mat,nonsyn,False,nonada,nonada,nonada
1073GC,1073.0,GC,E,10,1,0.0007639419404125,mat,nonsyn,False,nonada,nonada,nonada
1074AG,1074.0,AG,E,10,1,0.0007639419404125,mat,syn,False,nonada,nonada,nonada
1074AG,1074.0,AG,H,10,1,0.0007639419404125,mat,syn,False,nonada,nonada,nonada
1075TC,1075.0,TC,G,10,1,0.0007639419404125,mat,nonsyn,False,nonada,nonada,nonada
1075TG,1075.0,TG,G,10,1,0.0007639419404125,mat,nonsyn,False,nonada,nonada,nonada
1076GA,1076.0,GA,E,10,1,0.0007639419404125,mat,nonsyn,False,nonada,nonada,nonada
1077CT,1077.0,CT,E,10,1,0.0007639419404125,mat,syn,False,nonada,nonada,nonada
1077CT,1077.0,CT,G,10,1,0.0007639419404125,mat,syn,False,nonada,nonada,nonada
1078TC,1078.0,TC,G,10,1,0.0007639419404125,mat,nonsyn,False,nonada,nonada,nonada
1078TC,1078.0,TC,H,10,1,0.0007639419404125,mat,nonsyn,False,nonada,nonada,nonada
1079CA,1079.0,CA,H,10,1,0.0007639419404125,mat,nonsyn,False,nonada,nonada,nonada
1080CT,1080.0,CT,G,10,2,0.001527883880825,mat,syn,False,nonada,nonada,nonada
1081TC,1081.0,TC,E,10,1,0.0007639419404125,mat,nonsyn,False,nonada,nonada,nonada
1081TC,1081.0,TC,G,10,1,0.0007639419404125,mat,nonsyn,False,nonada,nonada,nonada
1083CT,1083.0,CT,E,10,1,0.0007639419404125,mat,syn,False,nonada,nonada,nonada
1084AG,1084.0,AG,E,10,20,0.0152788388082505,mat,nonsyn,False,nonada,nonada,nonada
1085TC,1085.0,TC,E,10,1,0.0007639419404125,mat,nonsyn,False,nonada,nonada,nonada
1086GA,1086.0,GA,E,10,4,0.0030557677616501,mat,nonsyn,False,nonada,nonada,nonada
1086GA,1086.0,GA,G,10,2,0.001527883880825,mat,nonsyn,False,nonada,nonada,nonada
1086GA,1086.0,GA,H,10,1,0.0007639419404125,mat,nonsyn,False,nonada,nonada,nonada
1087TA,1087.0,TA,E,10,1,0.0007639419404125,mat,nonsyn,False,nonada,nonada,nonada
1087TC,1087.0,TC,E,10,1,0.0007639419404125,mat,nonsyn,False,nonada,nonada,nonada
1087TC,1087.0,TC,G,10,1,0.0007639419404125,mat,nonsyn,False,nonada,nonada,nonada
1087TC,1087.0,TC,H,10,1,0.0007639419404125,mat,nonsyn,False,nonada,nonada,nonada
1088CT,1088.0,CT,H,10,1,0.0007639419404125,mat,nonsyn,False,nonada,nonada,nonada
1089AG,1089.0,AG,E,10,8,0.0061115355233002,mat,syn,False,nonada,nonada,nonada
1090GA,1090.0,GA,E,10,1,0.0007639419404125,mat,nonsyn,False,nonada,nonada,nonada
1090GA,1090.0,GA,G,10,1,0.0007639419404125,mat,nonsyn,False,nonada,nonada,nonada
1092AG,1092.0,AG,E,10,2,0.001527883880825,mat,syn,False,nonada,nonada,nonada
1092AG,1092.0,AG,G,10,3,0.0022918258212375,mat,syn,False,nonada,nonada,nonada
1092AG,1092.0,AG,H,10,2,0.001527883880825,mat,syn,False,nonada,nonada,nonada
1093AG,1093.0,AG,G,10,1,0.0007639419404125,mat,nonsyn,False,nonada,nonada,nonada
1094CT,1094.0,CT,E,10,1,0.0007639419404125,mat,nonsyn,False,nonada,nonada,nonada
1097TC,1097.0,TC,G,10,1,0.0007639419404125,mat,nonsyn,False,nonada,nonada,nonada
1098TC,1098.0,TC,G,10,2,0.001527883880825,mat,syn,False,nonada,nonada,nonada
1098TC,1098.0,TC,H,10,1,0.0007639419404125,mat,syn,False,nonada,nonada,nonada
1099AG,1099.0,AG,G,10,1,0.0007639419404125,mat,nonsyn,False,nonada,nonada,nonada
1100CT,1100.0,CT,H,10,1,0.0007639419404125,mat,nonsyn,False,nonada,nonada,nonada
1101TG,1101.0,TG,E,10,1,0.0007639419404125,mat,syn,False,nonada,nonada,nonada
1102GA,1102.0,GA,E,10,1,0.0007639419404125,mat,nonsyn,False,nonada,nonada,nonada
1103AG,1103.0,AG,E,10,1,0.0007639419404125,mat,nonsyn,False,nonada,nonada,nonada
1103AT,1103.0,AT,H,10,1,0.0007639419404125,mat,nonsyn,False,nonada,nonada,nonada
1104CT,1104.0,CT,H,10,1,0.0007639419404125,mat,syn,False,nonada,nonada,nonada
1105GT,1105.0,GT,G,10,2,0.001527883880825,mat,nonsyn,False,nonada,nonada,nonada
1105GT,1105.0,GT,H,10,1,0.0007639419404125,mat,nonsyn,False,nonada,nonada,nonada
1106TA,1106.0,TA,E,10,1,0.0007639419404125,mat,nonsyn,False,nonada,nonada,nonada
1107AG,1107.0,AG,G,10,3,0.0022918258212375,mat,syn,False,nonada,nonada,nonada
1108AG,1108.0,AG,G,10,1,0.0007639419404125,mat,nonsyn,False,nonada,nonada,nonada
1110AG,1110.0,AG,E,10,1,0.0007639419404125,mat,nonsyn,False,nonada,nonada,nonada
1110AG,1110.0,AG,G,10,1,0.0007639419404125,mat,nonsyn,False,nonada,nonada,nonada
1110AG,1110.0,AG,H,10,1,0.0007639419404125,mat,nonsyn,False,nonada,nonada,nonada
1110AT,1110.0,AT,G,10,1,0.0007639419404125,mat,syn,False,nonada,nonada,nonada
1112CT,1112.0,CT,H,10,1,0.0007639419404125,mat,nonsyn,False,nonada,nonada,nonada
1114GA,1114.0,GA,E,10,1,0.0007639419404125,mat,nonsyn,False,nonada,nonada,nonada
1114GA,1114.0,GA,G,10,1,0.0007639419404125,mat,nonsyn,False,nonada,nonada,nonada
1115GT,1115.0,GT,G,10,1,0.0007639419404125,mat,nonsyn,False,nonada,nonada,nonada
1120TC,1120.0,TC,E,10,1,0.0007639419404125,mat,nonsyn,False,nonada,nonada,nonada
1120TC,1120.0,TC,G,10,1,0.0007639419404125,mat,nonsyn,False,nonada,nonada,nonada
1120TG,1120.0,TG,H,10,1,0.0007639419404125,mat,nonsyn,False,nonada,nonada,nonada
1121CT,1121.0,CT,G,10,1,0.0007639419404125,mat,nonsyn,False,nonada,nonada,nonada
1122CA,1122.0,CA,E,10,1,0.0007639419404125,mat,syn,False,nonada,nonada,nonada
1123AC,1123.0,AC,H,10,1,0.0007639419404125,mat,nonsyn,False,nonada,nonada,nonada
1123AG,1123.0,AG,E,10,1,0.0007639419404125,mat,nonsyn,False,nonada,nonada,nonada
1124TG,1124.0,TG,E,10,1,0.0007639419404125,mat,nonsyn,False,nonada,nonada,nonada
1125CT,1125.0,CT,E,10,2,0.001527883880825,mat,syn,False,nonada,nonada,nonada
1126AG,1126.0,AG,E,10,3,0.0022918258212375,mat,nonsyn,False,nonada,nonada,nonada
1126AG,1126.0,AG,G,10,1,0.0007639419404125,mat,nonsyn,False,nonada,nonada,nonada
1126AG,1126.0,AG,H,10,1,0.0007639419404125,mat,nonsyn,False,nonada,nonada,nonada
1128AG,1128.0,AG,E,10,1,0.0007639419404125,mat,nonsyn,False,nonada,nonada,nonada
1129AG,1129.0,AG,E,10,1,0.0007639419404125,mat,nonsyn,False,nonada,nonada,nonada
1129AG,1129.0,AG,G,10,1,0.0007639419404125,mat,nonsyn,False,nonada,nonada,nonada
1131CT,1131.0,CT,E,10,1,0.0007639419404125,mat,syn,False,nonada,nonada,nonada
1131CT,1131.0,CT,G,10,1,0.0007639419404125,mat,syn,False,nonada,nonada,nonada
1132GA,1132.0,GA,G,10,1,0.0007639419404125,mat,nonsyn,False,nonada,nonada,nonada
1132GA,1132.0,GA,H,10,1,0.0007639419404125,mat,nonsyn,False,nonada,nonada,nonada
1135GA,1135.0,GA,E,10,2,0.001527883880825,mat,nonsyn,False,nonada,nonada,nonada
1135GA,1135.0,GA,G,10,1,0.0007639419404125,mat,nonsyn,False,nonada,nonada,nonada
1138GA,1138.0,GA,E,10,2,0.001527883880825,mat,nonsyn,False,nonada,nonada,nonada
1138GA,1138.0,GA,H,10,1,0.0007639419404125,mat,nonsyn,False,nonada,nonada,nonada
1138GT,1138.0,GT,H,10,1,0.0007639419404125,mat,nonsyn,False,nonada,nonada,nonada
1139CT,1139.0,CT,G,10,2,0.001527883880825,mat,nonsyn,False,nonada,nonada,nonada
1141CT,1141.0,CT,G,10,1,0.0007639419404125,mat,nonsyn,False,nonada,nonada,nonada
1141CT,1141.0,CT,H,10,1,0.0007639419404125,mat,nonsyn,False,nonada,nonada,nonada
1142CT,1142.0,CT,H,10,1,0.0007639419404125,mat,nonsyn,False,nonada,nonada,nonada
1143CT,1143.0,CT,E,10,2,0.001527883880825,mat,syn,False,nonada,nonada,nonada
1143CT,1143.0,CT,G,10,2,0.001527883880825,mat,syn,False,nonada,nonada,nonada
1144TC,1144.0,TC,E,10,1,0.0007639419404125,mat,nonsyn,False,nonada,nonada,nonada
1146CG,1146.0,CG,E,10,1,0.0007639419404125,mat,nonsyn,True,nonada,nonada,nonada
1146CG,1146.0,CG,G,10,2,0.001527883880825,mat,nonsyn,True,nonada,nonada,nonada
1146CT,1146.0,CT,E,10,2,0.001527883880825,mat,syn,False,nonada,nonada,nonada
1146CT,1146.0,CT,G,10,1,0.0007639419404125,mat,syn,False,nonada,nonada,nonada
1148GA,1148.0,GA,H,10,1,0.0007639419404125,mat,nonsyn,False,nonada,nonada,nonada
1149GA,1149.0,GA,E,10,1,0.0007639419404125,mat,syn,False,nonada,nonada,nonada
1149GA,1149.0,GA,G,10,1,0.0007639419404125,mat,syn,False,nonada,nonada,nonada
1149GA,1149.0,GA,H,10,1,0.0007639419404125,mat,syn,False,nonada,nonada,nonada
1151GT,1151.0,GT,E,10,2,0.001527883880825,mat,nonsyn,False,nonada,nonada,nonada
1153AG,1153.0,AG,G,10,3,0.0022918258212375,mat,nonsyn,False,nonada,nonada,nonada
1153AG,1153.0,AG,H,10,1,0.0007639419404125,mat,nonsyn,False,nonada,nonada,nonada
1153AT,1153.0,AT,G,10,1,0.0007639419404125,mat,nonsyn,False,nonada,nonada,nonada
1154CA,1154.0,CA,G,10,1,0.0007639419404125,mat,nonsyn,False,nonada,nonada,nonada
1154CT,1154.0,CT,H,10,1,0.0007639419404125,mat,nonsyn,False,nonada,nonada,nonada
1155TC,1155.0,TC,G,10,1,0.0007639419404125,mat,syn,False,nonada,nonada,nonada
1155TG,1155.0,TG,E,10,1,0.0007639419404125,mat,syn,False,nonada,nonada,nonada
1156GA,1156.0,GA,G,10,1,0.0007639419404125,mat,nonsyn,False,nonada,nonada,nonada
1156GC,1156.0,GC,G,10,1,0.0007639419404125,mat,nonsyn,False,nonada,nonada,nonada
1156GT,1156.0,GT,H,10,1,0.0007639419404125,mat,nonsyn,False,nonada,nonada,nonada
1157TC,1157.0,TC,G,10,2,0.001527883880825,mat,nonsyn,False,nonada,nonada,nonada
1157TG,1157.0,TG,E,10,1,0.0007639419404125,mat,nonsyn,False,nonada,nonada,nonada
1157TG,1157.0,TG,G,10,1,0.0007639419404125,mat,nonsyn,False,nonada,nonada,nonada
1157TG,1157.0,TG,H,10,1,0.0007639419404125,mat,nonsyn,False,nonada,nonada,nonada
1159GA,1159.0,GA,H,10,1,0.0007639419404125,mat,nonsyn,False,nonada,nonada,nonada
1161GA,1161.0,GA,E,10,1,0.0007639419404125,mat,syn,False,nonada,nonada,nonada
1162AG,1162.0,AG,E,10,2,0.001527883880825,mat,nonsyn,False,nonada,nonada,nonada
1162AG,1162.0,AG,H,10,1,0.0007639419404125,mat,nonsyn,False,nonada,nonada,nonada
1164AG,1164.0,AG,H,10,1,0.0007639419404125,mat,syn,False,nonada,nonada,nonada
1166AG,1166.0,AG,E,10,1,0.0007639419404125,mat,nonsyn,False,nonada,nonada,nonada
1167GA,1167.0,GA,H,10,1,0.0007639419404125,mat,syn,False,nonada,nonada,nonada
1170CT,1170.0,CT,G,10,1,0.0007639419404125,mat,syn,False,nonada,nonada,nonada
1171AG,1171.0,AG,E,10,1,0.0007639419404125,mat,nonsyn,False,nonada,nonada,nonada
1171AG,1171.0,AG,G,10,2,0.001527883880825,mat,nonsyn,False,nonada,nonada,nonada
1172CT,1172.0,CT,G,10,2,0.001527883880825,mat,nonsyn,False,nonada,nonada,nonada
1173TA,1173.0,TA,E,10,1,0.0007639419404125,mat,syn,False,nonada,nonada,nonada
1173TC,1173.0,TC,E,10,1,0.0007639419404125,mat,syn,False,nonada,nonada,nonada
1173TC,1173.0,TC,G,10,1,0.0007639419404125,mat,syn,False,nonada,nonada,nonada
1174GA,1174.0,GA,G,10,1,0.0007639419404125,mat,nonsyn,False,nonada,nonada,nonada
1174GA,1174.0,GA,H,10,1,0.0007639419404125,mat,nonsyn,False,nonada,nonada,nonada
1175CT,1175.0,CT,E,10,2,0.001527883880825,mat,nonsyn,False,nonada,nonada,nonada
1175CT,1175.0,CT,H,10,1,0.0007639419404125,mat,nonsyn,False,nonada,nonada,nonada
1176TC,1176.0,TC,G,10,1,0.0007639419404125,mat,syn,False,nonada,nonada,nonada
1177AG,1177.0,AG,E,10,1,0.0007639419404125,mat,nonsyn,False,nonada,nonada,nonada
1179GC,1179.0,GC,E,10,1,0.0007639419404125,mat,nonsyn,False,nonada,nonada,nonada
1180GA,1180.0,GA,E,10,1,0.0007639419404125,mat,nonsyn,False,nonada,nonada,nonada
1183CA,1183.0,CA,E,10,4,0.0030557677616501,mat,nonsyn,False,nonada,nonada,nonada
1183CA,1183.0,CA,G,10,3,0.0022918258212375,mat,nonsyn,False,nonada,nonada,nonada
1183CA,1183.0,CA,H,10,4,0.0030557677616501,mat,nonsyn,False,nonada,nonada,nonada
1184AG,1184.0,AG,G,10,2,0.001527883880825,mat,nonsyn,False,nonada,nonada,nonada
1184AT,1184.0,AT,E,10,1,0.0007639419404125,mat,nonsyn,False,nonada,nonada,nonada
1184AT,1184.0,AT,G,10,1,0.0007639419404125,mat,nonsyn,False,nonada,nonada,nonada
1185AC,1185.0,AC,E,10,1,0.0007639419404125,mat,nonsyn,False,nonada,nonada,nonada
1185AG,1185.0,AG,G,10,3,0.0022918258212375,mat,syn,False,nonada,nonada,nonada
1187TA,1187.0,TA,H,10,1,0.0007639419404125,mat,nonsyn,False,nonada,nonada,nonada
1187TC,1187.0,TC,G,10,1,0.0007639419404125,mat,nonsyn,False,nonada,nonada,nonada
1189TC,1189.0,TC,G,10,1,0.0007639419404125,mat,nonsyn,False,nonada,nonada,nonada
1191AG,1191.0,AG,H,10,3,0.0022918258212375,mat,syn,False,nonada,nonada,nonada
1192GA,1192.0,GA,E,10,1,0.0007639419404125,mat,nonsyn,False,nonada,nonada,nonada
1192GA,1192.0,GA,G,10,1,0.0007639419404125,mat,nonsyn,False,nonada,nonada,nonada
1192GA,1192.0,GA,H,10,1,0.0007639419404125,mat,nonsyn,False,nonada,nonada,nonada
1193CT,1193.0,CT,E,10,1,0.0007639419404125,mat,nonsyn,False,nonada,nonada,nonada
1194CG,1194.0,CG,E,10,1,0.0007639419404125,mat,syn,False,nonada,nonada,nonada
1197GA,1197.0,GA,H,10,1,0.0007639419404125,mat,nonsyn,False,nonada,nonada,nonada
1197GT,1197.0,GT,E,10,1,0.0007639419404125,mat,nonsyn,False,nonada,nonada,nonada
1198CA,1198.0,CA,E,10,1,0.0007639419404125,mat,nonsyn,False,nonada,nonada,nonada
1198CT,1198.0,CT,G,10,2,0.001527883880825,mat,nonsyn,False,nonada,nonada,nonada
1198CT,1198.0,CT,H,10,1,0.0007639419404125,mat,nonsyn,False,nonada,nonada,nonada
1199AG,1199.0,AG,H,10,1,0.0007639419404125,mat,nonsyn,False,nonada,nonada,nonada
1199AT,1199.0,AT,H,10,1,0.0007639419404125,mat,nonsyn,False,nonada,nonada,nonada
1200TC,1200.0,TC,G,10,1,0.0007639419404125,mat,syn,False,nonada,nonada,nonada
1203AG,1203.0,AG,H,10,1,0.0007639419404125,mat,syn,False,nonada,nonada,nonada
1206GA,1206.0,GA,E,10,1,0.0007639419404125,mat,syn,False,nonada,nonada,nonada
1206GA,1206.0,GA,H,10,2,0.001527883880825,mat,syn,False,nonada,nonada,nonada
1207GA,1207.0,GA,G,10,1,0.0007639419404125,mat,nonsyn,False,nonada,nonada,nonada
1207GA,1207.0,GA,H,10,2,0.001527883880825,mat,nonsyn,False,nonada,nonada,nonada
1208TC,1208.0,TC,E,10,1,0.0007639419404125,mat,nonsyn,False,nonada,nonada,nonada
1209AG,1209.0,AG,E,10,1,0.0007639419404125,mat,syn,False,nonada,nonada,nonada
1209AG,1209.0,AG,H,10,1,0.0007639419404125,mat,syn,False,nonada,nonada,nonada
1211AG,1211.0,AG,E,10,1,0.0007639419404125,mat,nonsyn,False,nonada,nonada,nonada
1211AG,1211.0,AG,H,10,1,0.0007639419404125,mat,nonsyn,False,nonada,nonada,nonada
1212AC,1212.0,AC,G,10,1,0.0007639419404125,mat,nonsyn,False,nonada,nonada,nonada
1212AG,1212.0,AG,E,10,1,0.0007639419404125,mat,syn,False,nonada,nonada,nonada
1213TC,1213.0,TC,E,10,1,0.0007639419404125,mat,nonsyn,False,nonada,nonada,nonada
1215CT,1215.0,CT,G,10,1,0.0007639419404125,mat,syn,False,nonada,nonada,nonada
1216GA,1216.0,GA,E,10,1,0.0007639419404125,mat,nonsyn,False,nonada,nonada,nonada
1216GA,1216.0,GA,H,10,1,0.0007639419404125,mat,nonsyn,False,nonada,nonada,nonada
1217TC,1217.0,TC,G,10,1,0.0007639419404125,mat,nonsyn,False,nonada,nonada,nonada
1218AG,1218.0,AG,G,10,1,0.0007639419404125,mat,syn,False,nonada,nonada,nonada
1219TC,1219.0,TC,E,10,1,0.0007639419404125,mat,nonsyn,False,nonada,nonada,nonada
1220GA,1220.0,GA,E,10,1,0.0007639419404125,mat,nonsyn,True,nonada,nonada,nonada
1220GA,1220.0,GA,G,10,2,0.001527883880825,mat,nonsyn,True,nonada,nonada,nonada
1220GT,1220.0,GT,G,10,1,0.0007639419404125,mat,nonsyn,False,nonada,nonada,nonada
1221GA,1221.0,GA,E,10,1,0.0007639419404125,mat,nonsyn,True,nonada,nonada,nonada
1221GC,1221.0,GC,G,10,1,0.0007639419404125,mat,nonsyn,False,nonada,nonada,nonada
1221GT,1221.0,GT,E,10,1,0.0007639419404125,mat,nonsyn,False,nonada,nonada,nonada
1227AC,1227.0,AC,G,10,1,0.0007639419404125,mat,syn,False,nonada,nonada,nonada
1227AG,1227.0,AG,E,10,2,0.001527883880825,mat,syn,False,nonada,nonada,nonada
1228AG,1228.0,AG,E,10,1,0.0007639419404125,mat,nonsyn,False,nonada,nonada,nonada
1228AG,1228.0,AG,G,10,1,0.0007639419404125,mat,nonsyn,False,nonada,nonada,nonada
1228AG,1228.0,AG,H,10,1,0.0007639419404125,mat,nonsyn,False,nonada,nonada,nonada
1229CG,1229.0,CG,E,10,1,0.0007639419404125,mat,nonsyn,False,nonada,nonada,nonada
1233CT,1233.0,CT,G,10,1,0.0007639419404125,mat,syn,False,nonada,nonada,nonada
1234GA,1234.0,GA,E,10,2,0.001527883880825,mat,nonsyn,False,nonada,nonada,nonada
1234GA,1234.0,GA,G,10,1,0.0007639419404125,mat,nonsyn,False,nonada,nonada,nonada
1234GA,1234.0,GA,H,10,1,0.0007639419404125,mat,nonsyn,False,nonada,nonada,nonada
1235CT,1235.0,CT,E,10,2,0.001527883880825,mat,nonsyn,False,nonada,nonada,nonada
1235CT,1235.0,CT,G,10,2,0.001527883880825,mat,nonsyn,False,nonada,nonada,nonada
1235CT,1235.0,CT,H,10,1,0.0007639419404125,mat,nonsyn,False,nonada,nonada,nonada
1236GA,1236.0,GA,E,10,2,0.001527883880825,mat,syn,False,nonada,nonada,nonada
1236GA,1236.0,GA,G,10,1,0.0007639419404125,mat,syn,False,nonada,nonada,nonada
1236GA,1236.0,GA,H,10,3,0.0022918258212375,mat,syn,False,nonada,nonada,nonada
1237TC,1237.0,TC,H,10,1,0.0007639419404125,mat,nonsyn,False,nonada,nonada,nonada
1240GA,1240.0,GA,E,10,1,0.0007639419404125,mat,nonsyn,False,nonada,nonada,nonada
1240GA,1240.0,GA,G,10,1,0.0007639419404125,mat,nonsyn,False,nonada,nonada,nonada
1240GT,1240.0,GT,E,10,1,0.0007639419404125,mat,nonsyn,False,nonada,nonada,nonada
1242AG,1242.0,AG,E,10,2,0.001527883880825,mat,syn,False,nonada,nonada,nonada
1243AG,1243.0,AG,G,10,1,0.0007639419404125,mat,nonsyn,False,nonada,nonada,nonada
1244AG,1244.0,AG,H,10,1,0.0007639419404125,mat,nonsyn,False,nonada,nonada,nonada
1246TG,1246.0,TG,G,10,1,0.0007639419404125,mat,nonsyn,False,nonada,nonada,nonada
1246TG,1246.0,TG,H,10,2,0.001527883880825,mat,nonsyn,False,nonada,nonada,nonada
1248TC,1248.0,TC,E,10,1,0.0007639419404125,mat,syn,False,nonada,nonada,nonada
1248TC,1248.0,TC,G,10,1,0.0007639419404125,mat,syn,False,nonada,nonada,nonada
1248TC,1248.0,TC,H,10,1,0.0007639419404125,mat,syn,False,nonada,nonada,nonada
1250CT,1250.0,CT,E,10,12,0.0091673032849503,mat,nonsyn,False,nonada,nonada,nonada
1250CT,1250.0,CT,G,10,15,0.0114591291061879,mat,nonsyn,False,nonada,nonada,nonada
1250CT,1250.0,CT,H,10,4,0.0030557677616501,mat,nonsyn,False,nonada,nonada,nonada
1251TC,1251.0,TC,E,10,1,0.0007639419404125,mat,syn,False,nonada,nonada,nonada
1252TC,1252.0,TC,H,10,1,0.0007639419404125,mat,nonsyn,False,nonada,nonada,nonada
1252TG,1252.0,TG,G,10,1,0.0007639419404125,mat,nonsyn,False,nonada,nonada,nonada
1253TA,1253.0,TA,G,10,1,0.0007639419404125,mat,nonsyn,False,nonada,nonada,nonada
1254CT,1254.0,CT,E,10,1,0.0007639419404125,mat,syn,False,nonada,nonada,nonada
1254CT,1254.0,CT,H,10,1,0.0007639419404125,mat,syn,False,nonada,nonada,nonada
1255TC,1255.0,TC,G,10,1,0.0007639419404125,mat,nonsyn,False,nonada,nonada,nonada
1257GA,1257.0,GA,G,10,1,0.0007639419404125,mat,syn,False,nonada,nonada,nonada
1258AG,1258.0,AG,E,10,1,0.0007639419404125,mat,nonsyn,False,nonada,nonada,nonada
1260GA,1260.0,GA,G,10,1,0.0007639419404125,mat,nonsyn,False,nonada,nonada,nonada
1260GC,1260.0,GC,G,10,1,0.0007639419404125,mat,nonsyn,False,nonada,nonada,nonada
1260GC,1260.0,GC,H,10,1,0.0007639419404125,mat,nonsyn,False,nonada,nonada,nonada
1260GT,1260.0,GT,G,10,1,0.0007639419404125,mat,nonsyn,False,nonada,nonada,nonada
1261GA,1261.0,GA,E,10,1,0.0007639419404125,mat,nonsyn,False,nonada,nonada,nonada
1261GA,1261.0,GA,G,10,2,0.001527883880825,mat,nonsyn,False,nonada,nonada,nonada
1261GA,1261.0,GA,H,10,1,0.0007639419404125,mat,nonsyn,False,nonada,nonada,nonada
1262TC,1262.0,TC,E,10,9,0.0068754774637127,mat,nonsyn,False,nonada,nonada,nonada
1262TC,1262.0,TC,H,10,1,0.0007639419404125,mat,nonsyn,False,nonada,nonada,nonada
1265AG,1265.0,AG,E,10,1,0.0007639419404125,mat,nonsyn,False,nonada,nonada,nonada
1266TC,1266.0,TC,H,10,1,0.0007639419404125,mat,syn,False,nonada,nonada,nonada
1267AG,1267.0,AG,E,10,1,0.0007639419404125,mat,nonsyn,False,nonada,nonada,nonada
1269CT,1269.0,CT,H,10,1,0.0007639419404125,mat,syn,False,nonada,nonada,nonada
1270TC,1270.0,TC,E,10,1,0.0007639419404125,mat,syn,False,nonada,nonada,nonada
1272AG,1272.0,AG,G,10,1,0.0007639419404125,mat,syn,False,nonada,nonada,nonada
1272AG,1272.0,AG,H,10,1,0.0007639419404125,mat,syn,False,nonada,nonada,nonada
1274AT,1274.0,AT,G,10,1,0.0007639419404125,mat,nonsyn,False,nonada,nonada,nonada
1275TC,1275.0,TC,G,10,3,0.0022918258212375,mat,syn,False,nonada,nonada,nonada
1277CT,1277.0,CT,G,10,1,0.0007639419404125,mat,nonsyn,False,nonada,nonada,nonada
1279TC,1279.0,TC,H,10,1,0.0007639419404125,mat,syn,False,nonada,nonada,nonada
1281AG,1281.0,AG,E,10,1,0.0007639419404125,mat,syn,False,nonada,nonada,nonada
1281AG,1281.0,AG,H,10,1,0.0007639419404125,mat,syn,False,nonada,nonada,nonada
1282GA,1282.0,GA,E,10,1,0.0007639419404125,mat,nonsyn,False,nonada,nonada,nonada
1282GT,1282.0,GT,E,10,1,0.0007639419404125,mat,nonsyn,False,nonada,nonada,nonada
1282GT,1282.0,GT,G,10,1,0.0007639419404125,mat,nonsyn,False,nonada,nonada,nonada
1283CT,1283.0,CT,G,10,1,0.0007639419404125,mat,nonsyn,False,nonada,nonada,nonada
1284AT,1284.0,AT,E,10,1,0.0007639419404125,mat,syn,False,nonada,nonada,nonada
1286TC,1286.0,TC,G,10,1,0.0007639419404125,mat,nonsyn,False,nonada,nonada,nonada
1287AG,1287.0,AG,E,10,1,0.0007639419404125,mat,syn,False,nonada,nonada,nonada
1288AG,1288.0,AG,G,10,1,0.0007639419404125,mat,nonsyn,False,nonada,nonada,nonada
1289TC,1289.0,TC,E,10,1,0.0007639419404125,mat,nonsyn,False,nonada,nonada,nonada
1289TC,1289.0,TC,G,10,1,0.0007639419404125,mat,nonsyn,False,nonada,nonada,nonada
1290CT,1290.0,CT,E,10,4,0.0030557677616501,mat,syn,False,nonada,nonada,nonada
1290CT,1290.0,CT,G,10,1,0.0007639419404125,mat,syn,False,nonada,nonada,nonada
1291AG,1291.0,AG,E,10,1,0.0007639419404125,mat,nonsyn,False,nonada,nonada,nonada
1292GA,1292.0,GA,E,10,1,0.0007639419404125,mat,nonsyn,False,nonada,nonada,nonada
1292GT,1292.0,GT,H,10,1,0.0007639419404125,mat,nonsyn,False,nonada,nonada,nonada
1293GA,1293.0,GA,E,10,1,0.0007639419404125,mat,syn,False,nonada,nonada,nonada
1293GA,1293.0,GA,G,10,2,0.001527883880825,mat,syn,False,nonada,nonada,nonada
1295AG,1295.0,AG,H,10,1,0.0007639419404125,mat,nonsyn,False,nonada,nonada,nonada
1296AG,1296.0,AG,H,10,3,0.0022918258212375,mat,syn,False,nonada,nonada,nonada
1297CG,1297.0,CG,G,10,1,0.0007639419404125,mat,nonsyn,False,nonada,nonada,nonada
1297CG,1297.0,CG,H,10,1,0.0007639419404125,mat,nonsyn,False,nonada,nonada,nonada
1297CT,1297.0,CT,H,10,1,0.0007639419404125,mat,nonsyn,False,nonada,nonada,nonada
1300CT,1300.0,CT,H,10,1,0.0007639419404125,mat,nonsyn,False,nonada,nonada,nonada
1301TC,1301.0,TC,H,10,1,0.0007639419404125,mat,nonsyn,False,nonada,nonada,nonada
1303TC,1303.0,TC,E,10,1,0.0007639419404125,mat,nonsyn,False,nonada,nonada,nonada
1304CA,1304.0,CA,E,10,1,0.0007639419404125,mat,nonsyn,False,nonada,nonada,nonada
1306AC,1306.0,AC,H,10,1,0.0007639419404125,mat,syn,False,nonada,nonada,nonada
1306AT,1306.0,AT,E,10,1,0.0007639419404125,mat,nonsyn,True,nonada,nonada,nonada
1307GT,1307.0,GT,G,10,1,0.0007639419404125,mat,nonsyn,False,nonada,nonada,nonada
1308AG,1308.0,AG,E,10,1,0.0007639419404125,mat,syn,False,nonada,nonada,nonada
1308AG,1308.0,AG,H,10,4,0.0030557677616501,mat,syn,False,nonada,nonada,nonada
130GA,130.0,GA,E,10,138,0.1054239877769289,mat,nonsyn,False,nonada,nonada,nonada
130GA,130.0,GA,G,10,2,0.001527883880825,mat,nonsyn,False,nonada,nonada,nonada
130GT,130.0,GT,G,10,1,0.0007639419404125,mat,nonsyn,False,nonada,nonada,nonada
131TG,131.0,TG,G,10,1,0.0007639419404125,mat,nonsyn,False,nonada,nonada,nonada
132GA,132.0,GA,G,10,1,0.0007639419404125,mat,syn,False,nonada,nonada,nonada
132GC,132.0,GC,E,10,1,0.0007639419404125,mat,syn,False,nonada,nonada,nonada
1335AG,1335.0,AG,E,10,1,0.0007639419404125,cp,nonsyn,False,nonada,nonada,nonada
1335AG,1335.0,AG,G,10,1,0.0007639419404125,cp,nonsyn,False,nonada,nonada,nonada
1337GA,1337.0,GA,E,10,1,0.0007639419404125,cp,nonsyn,False,nonada,nonada,nonada
1337GA,1337.0,GA,H,10,2,0.001527883880825,cp,nonsyn,False,nonada,nonada,nonada
1341TC,1341.0,TC,E,10,1,0.0007639419404125,cp,nonsyn,False,nonada,nonada,nonada
1343TC,1343.0,TC,H,10,1,0.0007639419404125,cp,syn,False,nonada,nonada,nonada
1346CT,1346.0,CT,G,10,1,0.0007639419404125,cp,syn,False,nonada,nonada,nonada
1346CT,1346.0,CT,H,10,1,0.0007639419404125,cp,syn,False,nonada,nonada,nonada
1347TC,1347.0,TC,H,10,1,0.0007639419404125,cp,nonsyn,False,nonada,nonada,nonada
1347TG,1347.0,TG,E,10,1,0.0007639419404125,cp,nonsyn,False,nonada,nonada,nonada
1348TC,1348.0,TC,G,10,2,0.001527883880825,cp,nonsyn,False,nonada,nonada,nonada
1348TC,1348.0,TC,H,10,1,0.0007639419404125,cp,nonsyn,False,nonada,nonada,nonada
1349TC,1349.0,TC,G,10,1,0.0007639419404125,cp,syn,False,nonada,nonada,nonada
1352TG,1352.0,TG,H,10,1,0.0007639419404125,cp,syn,False,nonada,nonada,nonada
1353CT,1353.0,CT,H,10,1,0.0007639419404125,cp,nonsyn,True,nonada,nonada,nonada
1358CT,1358.0,CT,E,10,1,0.0007639419404125,cp,syn,False,nonada,nonada,nonada
1358CT,1358.0,CT,G,10,4,0.0030557677616501,cp,syn,False,nonada,nonada,nonada
1358CT,1358.0,CT,H,10,1,0.0007639419404125,cp,syn,False,nonada,nonada,nonada
1359GA,1359.0,GA,H,10,1,0.0007639419404125,cp,nonsyn,False,nonada,nonada,nonada
1359GT,1359.0,GT,G,10,1,0.0007639419404125,cp,nonsyn,False,nonada,nonada,nonada
1361TC,1361.0,TC,H,10,1,0.0007639419404125,cp,syn,False,nonada,nonada,nonada
1362CG,1362.0,CG,E,10,1,0.0007639419404125,cp,nonsyn,False,nonada,nonada,nonada
1363TA,1363.0,TA,E,10,1,0.0007639419404125,cp,nonsyn,False,nonada,nonada,nonada
1363TC,1363.0,TC,G,10,1,0.0007639419404125,cp,nonsyn,False,nonada,nonada,nonada
1364CT,1364.0,CT,G,10,1,0.0007639419404125,cp,syn,False,nonada,nonada,nonada
1368GA,1368.0,GA,E,10,1,0.0007639419404125,cp,nonsyn,False,nonada,nonada,nonada
136GA,136.0,GA,E,10,1,0.0007639419404125,mat,nonsyn,False,nonada,nonada,nonada
1370CT,1370.0,CT,E,10,1,0.0007639419404125,cp,syn,False,nonada,nonada,nonada
1370CT,1370.0,CT,G,10,1,0.0007639419404125,cp,syn,False,nonada,nonada,nonada
1372AT,1372.0,AT,H,10,1,0.0007639419404125,cp,nonsyn,False,nonada,nonada,nonada
1374GA,1374.0,GA,G,10,1,0.0007639419404125,cp,nonsyn,False,nonada,nonada,nonada
1374GC,1374.0,GC,G,10,1,0.0007639419404125,cp,nonsyn,False,nonada,nonada,nonada
1374GT,1374.0,GT,G,10,1,0.0007639419404125,cp,nonsyn,False,nonada,nonada,nonada
1375GA,1375.0,GA,G,10,1,0.0007639419404125,cp,nonsyn,False,nonada,nonada,nonada
1376CT,1376.0,CT,E,10,1,0.0007639419404125,cp,syn,False,nonada,nonada,nonada
1376CT,1376.0,CT,G,10,1,0.0007639419404125,cp,syn,False,nonada,nonada,nonada
1377GC,1377.0,GC,G,10,1,0.0007639419404125,cp,nonsyn,False,nonada,nonada,nonada
137CT,137.0,CT,G,10,1,0.0007639419404125,mat,nonsyn,False,nonada,nonada,nonada
1385CT,1385.0,CT,E,10,1,0.0007639419404125,cp,syn,False,nonada,nonada,nonada
1385CT,1385.0,CT,G,10,2,0.001527883880825,cp,syn,False,nonada,nonada,nonada
1385CT,1385.0,CT,H,10,2,0.001527883880825,cp,syn,False,nonada,nonada,nonada
1386GA,1386.0,GA,G,10,2,0.001527883880825,cp,nonsyn,False,nonada,nonada,nonada
1387AT,1387.0,AT,G,10,1,0.0007639419404125,cp,nonsyn,False,nonada,nonada,nonada
1388CT,1388.0,CT,E,10,1,0.0007639419404125,cp,syn,False,nonada,nonada,nonada
1389GA,1389.0,GA,H,10,1,0.0007639419404125,cp,nonsyn,False,nonada,nonada,nonada
1389GT,1389.0,GT,H,10,1,0.0007639419404125,cp,nonsyn,False,nonada,nonada,nonada
138TC,138.0,TC,E,10,3,0.0022918258212375,mat,syn,False,nonada,nonada,nonada
138TC,138.0,TC,G,10,1,0.0007639419404125,mat,syn,False,nonada,nonada,nonada
138TC,138.0,TC,H,10,3,0.0022918258212375,mat,syn,False,nonada,nonada,nonada
1390TC,1390.0,TC,E,10,2,0.001527883880825,cp,nonsyn,False,nonada,nonada,nonada
1390TC,1390.0,TC,H,10,1,0.0007639419404125,cp,nonsyn,False,nonada,nonada,nonada
1391GC,1391.0,GC,G,10,1,0.0007639419404125,cp,syn,False,nonada,nonada,nonada
1392AG,1392.0,AG,E,10,2,0.001527883880825,cp,nonsyn,False,nonada,nonada,nonada
1392AG,1392.0,AG,G,10,3,0.0022918258212375,cp,nonsyn,False,nonada,nonada,nonada
1392AG,1392.0,AG,H,10,2,0.001527883880825,cp,nonsyn,False,nonada,nonada,nonada
1392AT,1392.0,AT,E,10,1,0.0007639419404125,cp,nonsyn,False,nonada,nonada,nonada
1392AT,1392.0,AT,G,10,1,0.0007639419404125,cp,nonsyn,False,nonada,nonada,nonada
1394TC,1394.0,TC,E,10,1,0.0007639419404125,cp,syn,False,nonada,nonada,nonada
1394TC,1394.0,TC,G,10,1,0.0007639419404125,cp,syn,False,nonada,nonada,nonada
1396TC,1396.0,TC,G,10,1,0.0007639419404125,cp,nonsyn,False,nonada,nonada,nonada
1397CT,1397.0,CT,E,10,1,0.0007639419404125,cp,syn,False,nonada,nonada,nonada
1397CT,1397.0,CT,G,10,1,0.0007639419404125,cp,syn,False,nonada,nonada,nonada
1397CT,1397.0,CT,H,10,2,0.001527883880825,cp,syn,False,nonada,nonada,nonada
1398GA,1398.0,GA,G,10,1,0.0007639419404125,cp,nonsyn,False,nonada,nonada,nonada
1398GC,1398.0,GC,E,10,1,0.0007639419404125,cp,nonsyn,False,nonada,nonada,nonada
1398GC,1398.0,GC,G,10,2,0.001527883880825,cp,nonsyn,False,nonada,nonada,nonada
1399CT,1399.0,CT,E,10,1,0.0007639419404125,cp,nonsyn,False,nonada,nonada,nonada
139TG,139.0,TG,G,10,1,0.0007639419404125,mat,nonsyn,False,nonada,nonada,nonada
1400CT,1400.0,CT,G,10,2,0.001527883880825,cp,syn,False,nonada,nonada,nonada
1403AG,1403.0,AG,E,10,1,0.0007639419404125,cp,syn,False,nonada,nonada,nonada
1404AG,1404.0,AG,G,10,1,0.0007639419404125,cp,nonsyn,False,nonada,nonada,nonada
1404AG,1404.0,AG,H,10,1,0.0007639419404125,cp,nonsyn,False,nonada,nonada,nonada
1410TC,1410.0,TC,E,10,1,0.0007639419404125,cp,nonsyn,False,nonada,nonada,nonada
1411TC,1411.0,TC,G,10,1,0.0007639419404125,cp,nonsyn,False,nonada,nonada,nonada
1412CA,1412.0,CA,E,10,1,0.0007639419404125,cp,nonsyn,False,nonada,nonada,nonada
1413GA,1413.0,GA,G,10,1,0.0007639419404125,cp,nonsyn,False,nonada,nonada,nonada
1413GC,1413.0,GC,G,10,1,0.0007639419404125,cp,nonsyn,False,nonada,nonada,nonada
1414CT,1414.0,CT,H,10,1,0.0007639419404125,cp,nonsyn,False,nonada,nonada,nonada
1417AG,1417.0,AG,G,10,1,0.0007639419404125,cp,nonsyn,False,nonada,nonada,nonada
1418CT,1418.0,CT,E,10,1,0.0007639419404125,cp,syn,False,nonada,nonada,nonada
1418CT,1418.0,CT,G,10,1,0.0007639419404125,cp,syn,False,nonada,nonada,nonada
1418CT,1418.0,CT,H,10,1,0.0007639419404125,cp,syn,False,nonada,nonada,nonada
1419GA,1419.0,GA,G,10,1,0.0007639419404125,cp,nonsyn,False,nonada,nonada,nonada
1419GT,1419.0,GT,H,10,1,0.0007639419404125,cp,nonsyn,False,nonada,nonada,nonada
141TC,141.0,TC,E,10,1,0.0007639419404125,mat,syn,False,nonada,nonada,nonada
1421GA,1421.0,GA,H,10,1,0.0007639419404125,cp,syn,False,nonada,nonada,nonada
1422GA,1422.0,GA,G,10,1,0.0007639419404125,cp,nonsyn,False,nonada,nonada,nonada
1425GA,1425.0,GA,H,10,1,0.0007639419404125,cp,nonsyn,False,nonada,nonada,nonada
1427TC,1427.0,TC,E,10,1,0.0007639419404125,cp,syn,False,nonada,nonada,nonada
1427TC,1427.0,TC,G,10,1,0.0007639419404125,cp,syn,False,nonada,nonada,nonada
1427TG,1427.0,TG,E,10,2,0.001527883880825,cp,syn,False,nonada,nonada,nonada
1428GA,1428.0,GA,E,10,1,0.0007639419404125,cp,nonsyn,False,nonada,nonada,nonada
1428GA,1428.0,GA,G,10,1,0.0007639419404125,cp,nonsyn,False,nonada,nonada,nonada
142AG,142.0,AG,E,10,1,0.0007639419404125,mat,nonsyn,False,nonada,nonada,nonada
1436CA,1436.0,CA,H,10,1,0.0007639419404125,cp,syn,False,nonada,nonada,nonada
1436CT,1436.0,CT,G,10,1,0.0007639419404125,cp,syn,False,nonada,nonada,nonada
1436CT,1436.0,CT,H,10,2,0.001527883880825,cp,syn,False,nonada,nonada,nonada
1438GA,1438.0,GA,G,10,1,0.0007639419404125,cp,nonsyn,False,nonada,nonada,nonada
1439CT,1439.0,CT,E,10,1,0.0007639419404125,cp,syn,False,nonada,nonada,nonada
1439CT,1439.0,CT,H,10,1,0.0007639419404125,cp,syn,False,nonada,nonada,nonada
1440TC,1440.0,TC,E,10,1,0.0007639419404125,cp,nonsyn,False,nonada,nonada,nonada
1440TG,1440.0,TG,G,10,1,0.0007639419404125,cp,nonsyn,False,nonada,nonada,nonada
1440TG,1440.0,TG,H,10,1,0.0007639419404125,cp,nonsyn,False,nonada,nonada,nonada
1442TC,1442.0,TC,G,10,1,0.0007639419404125,cp,syn,False,nonada,nonada,nonada
1443AG,1443.0,AG,G,10,1,0.0007639419404125,cp,nonsyn,False,nonada,nonada,nonada
1444AG,1444.0,AG,G,10,1,0.0007639419404125,cp,nonsyn,False,nonada,nonada,nonada
1445CT,1445.0,CT,G,10,1,0.0007639419404125,cp,syn,False,nonada,nonada,nonada
1445CT,1445.0,CT,H,10,2,0.001527883880825,cp,syn,False,nonada,nonada,nonada
1446TG,1446.0,TG,E,10,2,0.001527883880825,cp,nonsyn,False,nonada,nonada,nonada
1447CA,1447.0,CA,H,10,1,0.0007639419404125,cp,nonsyn,True,nonada,nonada,nonada
1449CT,1449.0,CT,G,10,1,0.0007639419404125,cp,nonsyn,False,nonada,nonada,nonada
144TC,144.0,TC,E,10,1,0.0007639419404125,mat,syn,False,nonada,nonada,nonada
144TC,144.0,TC,H,10,1,0.0007639419404125,mat,syn,False,nonada,nonada,nonada
1450GA,1450.0,GA,H,10,1,0.0007639419404125,cp,nonsyn,False,nonada,nonada,nonada
1451TC,1451.0,TC,E,10,1,0.0007639419404125,cp,syn,False,nonada,nonada,nonada
1451TC,1451.0,TC,H,10,1,0.0007639419404125,cp,syn,False,nonada,nonada,nonada
1451TG,1451.0,TG,H,10,2,0.001527883880825,cp,syn,False,nonada,nonada,nonada
1452TG,1452.0,TG,H,10,1,0.0007639419404125,cp,nonsyn,False,nonada,nonada,nonada
1453CT,1453.0,CT,E,10,1,0.0007639419404125,cp,nonsyn,False,nonada,nonada,nonada
1457GA,1457.0,GA,H,10,1,0.0007639419404125,cp,syn,False,nonada,nonada,nonada
1458GC,1458.0,GC,G,10,1,0.0007639419404125,cp,nonsyn,False,nonada,nonada,nonada
145AG,145.0,AG,G,10,1,0.0007639419404125,mat,nonsyn,False,nonada,nonada,nonada
1460TC,1460.0,TC,E,10,1,0.0007639419404125,cp,syn,False,nonada,nonada,nonada
1461TA,1461.0,TA,H,10,1,0.0007639419404125,cp,nonsyn,False,nonada,nonada,nonada
1461TC,1461.0,TC,H,10,3,0.0022918258212375,cp,nonsyn,False,nonada,nonada,nonada
1462AG,1462.0,AG,E,10,1,0.0007639419404125,cp,nonsyn,False,nonada,nonada,nonada
1463CA,1463.0,CA,H,10,1,0.0007639419404125,cp,nonsyn,True,nonada,nonada,nonada
1463CT,1463.0,CT,E,10,2,0.001527883880825,cp,syn,False,nonada,nonada,nonada
1465AG,1465.0,AG,E,10,2,0.001527883880825,cp,nonsyn,False,nonada,nonada,nonada
1466AG,1466.0,AG,E,10,1,0.0007639419404125,cp,syn,False,nonada,nonada,nonada
1466AG,1466.0,AG,G,10,1,0.0007639419404125,cp,syn,False,nonada,nonada,nonada
1466AG,1466.0,AG,H,10,1,0.0007639419404125,cp,syn,False,nonada,nonada,nonada
1467GA,1467.0,GA,E,10,1,0.0007639419404125,cp,nonsyn,False,nonada,nonada,nonada
1468TC,1468.0,TC,E,10,1,0.0007639419404125,cp,nonsyn,False,nonada,nonada,nonada
1469AC,1469.0,AC,H,10,1,0.0007639419404125,cp,syn,False,nonada,nonada,nonada
1469AG,1469.0,AG,E,10,1,0.0007639419404125,cp,syn,False,nonada,nonada,nonada
1469AG,1469.0,AG,H,10,2,0.001527883880825,cp,syn,False,nonada,nonada,nonada
146CA,146.0,CA,H,10,2,0.001527883880825,mat,nonsyn,False,nonada,nonada,nonada
146CT,146.0,CT,E,10,1,0.0007639419404125,mat,nonsyn,False,nonada,nonada,nonada
1470AG,1470.0,AG,G,10,1,0.0007639419404125,cp,nonsyn,False,nonada,nonada,nonada
1472CT,1472.0,CT,E,10,1,0.0007639419404125,cp,syn,False,nonada,nonada,nonada
1473TC,1473.0,TC,E,10,1,0.0007639419404125,cp,nonsyn,False,nonada,nonada,nonada
1475TC,1475.0,TC,G,10,1,0.0007639419404125,cp,syn,False,nonada,nonada,nonada
1475TC,1475.0,TC,H,10,1,0.0007639419404125,cp,syn,False,nonada,nonada,nonada
1478CT,1478.0,CT,E,10,1,0.0007639419404125,cp,syn,False,nonada,nonada,nonada
1479GA,1479.0,GA,G,10,1,0.0007639419404125,cp,nonsyn,False,nonada,nonada,nonada
1479GT,1479.0,GT,G,10,1,0.0007639419404125,cp,nonsyn,False,nonada,nonada,nonada
147CA,147.0,CA,H,10,2,0.001527883880825,mat,syn,False,nonada,nonada,nonada
1480TA,1480.0,TA,H,10,1,0.0007639419404125,cp,nonsyn,False,nonada,nonada,nonada
1481TC,1481.0,TC,G,10,1,0.0007639419404125,cp,syn,False,nonada,nonada,nonada
1483GA,1483.0,GA,G,10,1,0.0007639419404125,cp,nonsyn,False,nonada,nonada,nonada
1483GT,1483.0,GT,G,10,1,0.0007639419404125,cp,nonsyn,False,nonada,nonada,nonada
1484TC,1484.0,TC,E,10,1,0.0007639419404125,cp,syn,False,nonada,nonada,nonada
1484TC,1484.0,TC,G,10,1,0.0007639419404125,cp,syn,False,nonada,nonada,nonada
1485CG,1485.0,CG,E,10,1,0.0007639419404125,cp,nonsyn,False,nonada,nonada,nonada
1487GA,1487.0,GA,G,10,1,0.0007639419404125,cp,syn,False,nonada,nonada,nonada
1489GA,1489.0,GA,G,10,1,0.0007639419404125,cp,nonsyn,False,nonada,nonada,nonada
1490CT,1490.0,CT,G,10,3,0.0022918258212375,cp,syn,False,nonada,nonada,nonada
1490CT,1490.0,CT,H,10,1,0.0007639419404125,cp,syn,False,nonada,nonada,nonada
1491TC,1491.0,TC,E,10,1,0.0007639419404125,cp,nonsyn,False,nonada,nonada,nonada
1491TC,1491.0,TC,H,10,1,0.0007639419404125,cp,nonsyn,False,nonada,nonada,nonada
1492CT,1492.0,CT,E,10,1,0.0007639419404125,cp,nonsyn,False,nonada,nonada,nonada
1492CT,1492.0,CT,H,10,1,0.0007639419404125,cp,nonsyn,False,nonada,nonada,nonada
1494GA,1494.0,GA,H,10,1,0.0007639419404125,cp,nonsyn,False,nonada,nonada,nonada
1496GA,1496.0,GA,G,10,3,0.0022918258212375,cp,syn,False,nonada,nonada,nonada
1496GA,1496.0,GA,H,10,1,0.0007639419404125,cp,syn,False,nonada,nonada,nonada
1497CT,1497.0,CT,E,10,1,0.0007639419404125,cp,nonsyn,True,nonada,nonada,nonada
149TC,149.0,TC,E,10,1,0.0007639419404125,mat,nonsyn,False,nonada,nonada,nonada
149TC,149.0,TC,G,10,2,0.001527883880825,mat,nonsyn,False,nonada,nonada,nonada
149TG,149.0,TG,G,10,1,0.0007639419404125,mat,nonsyn,False,nonada,nonada,nonada
1503CG,1503.0,CG,G,10,1,0.0007639419404125,cp,nonsyn,False,nonada,nonada,nonada
1503CG,1503.0,CG,H,10,1,0.0007639419404125,cp,nonsyn,False,nonada,nonada,nonada
1504GA,1504.0,GA,E,10,1,0.0007639419404125,cp,nonsyn,False,nonada,nonada,nonada
1504GA,1504.0,GA,G,10,3,0.0022918258212375,cp,nonsyn,False,nonada,nonada,nonada
1504GT,1504.0,GT,E,10,1,0.0007639419404125,cp,nonsyn,False,nonada,nonada,nonada
1508AG,1508.0,AG,E,10,1,0.0007639419404125,cp,syn,False,nonada,nonada,nonada
1509TC,1509.0,TC,H,10,1,0.0007639419404125,cp,nonsyn,False,nonada,nonada,nonada
150TC,150.0,TC,G,10,2,0.001527883880825,mat,syn,False,nonada,nonada,nonada
1511CT,1511.0,CT,G,10,1,0.0007639419404125,cp,syn,False,nonada,nonada,nonada
1511CT,1511.0,CT,H,10,1,0.0007639419404125,cp,syn,False,nonada,nonada,nonada
1513CT,1513.0,CT,H,10,2,0.001527883880825,cp,nonsyn,False,nonada,nonada,nonada
1514CT,1514.0,CT,E,10,2,0.001527883880825,cp,syn,False,nonada,nonada,nonada
1514CT,1514.0,CT,G,10,4,0.0030557677616501,cp,syn,False,nonada,nonada,nonada
1514CT,1514.0,CT,H,10,2,0.001527883880825,cp,syn,False,nonada,nonada,nonada
1517CA,1517.0,CA,E,10,1,0.0007639419404125,cp,syn,False,nonada,nonada,nonada
1517CA,1517.0,CA,G,10,2,0.001527883880825,cp,syn,False,nonada,nonada,nonada
1517CA,1517.0,CA,H,10,1,0.0007639419404125,cp,syn,False,nonada,nonada,nonada
1517CT,1517.0,CT,E,10,8,0.0061115355233002,cp,syn,False,nonada,nonada,nonada
1517CT,1517.0,CT,G,10,3,0.0022918258212375,cp,syn,False,nonada,nonada,nonada
1517CT,1517.0,CT,H,10,4,0.0030557677616501,cp,syn,False,nonada,nonada,nonada
1520AG,1520.0,AG,H,10,1,0.0007639419404125,cp,syn,False,nonada,nonada,nonada
1521GA,1521.0,GA,G,10,2,0.001527883880825,cp,nonsyn,False,nonada,nonada,nonada
1522TC,1522.0,TC,G,10,1,0.0007639419404125,cp,nonsyn,False,nonada,nonada,nonada
1523CA,1523.0,CA,E,10,1,0.0007639419404125,cp,syn,False,nonada,nonada,nonada
1523CT,1523.0,CT,E,10,5,0.0038197097020626,cp,syn,False,nonada,nonada,nonada
1523CT,1523.0,CT,G,10,1,0.0007639419404125,cp,syn,False,nonada,nonada,nonada
1523CT,1523.0,CT,H,10,1,0.0007639419404125,cp,syn,False,nonada,nonada,nonada
1524GC,1524.0,GC,G,10,1,0.0007639419404125,cp,nonsyn,False,nonada,nonada,nonada
1524GT,1524.0,GT,G,10,1,0.0007639419404125,cp,nonsyn,True,nonada,nonada,nonada
1525AT,1525.0,AT,H,10,1,0.0007639419404125,cp,nonsyn,False,nonada,nonada,nonada
1526GA,1526.0,GA,E,10,1,0.0007639419404125,cp,syn,False,nonada,nonada,nonada
1526GA,1526.0,GA,H,10,1,0.0007639419404125,cp,syn,False,nonada,nonada,nonada
1527GT,1527.0,GT,G,10,1,0.0007639419404125,cp,nonsyn,False,nonada,nonada,nonada
1528TG,1528.0,TG,G,10,1,0.0007639419404125,cp,nonsyn,False,nonada,nonada,nonada
1529GA,1529.0,GA,G,10,1,0.0007639419404125,cp,syn,False,nonada,nonada,nonada
1532TC,1532.0,TC,E,10,2,0.001527883880825,cp,syn,False,nonada,nonada,nonada
1532TG,1532.0,TG,H,10,1,0.0007639419404125,cp,syn,False,nonada,nonada,nonada
1533AG,1533.0,AG,E,10,1,0.0007639419404125,cp,nonsyn,False,nonada,nonada,nonada
1533AT,1533.0,AT,E,10,1,0.0007639419404125,cp,nonsyn,True,nonada,nonada,nonada
1535AG,1535.0,AG,G,10,1,0.0007639419404125,cp,syn,False,nonada,nonada,nonada
1535AG,1535.0,AG,H,10,1,0.0007639419404125,cp,syn,False,nonada,nonada,nonada
1536GC,1536.0,GC,G,10,1,0.0007639419404125,cp,nonsyn,False,nonada,nonada,nonada
1536GT,1536.0,GT,H,10,1,0.0007639419404125,cp,nonsyn,False,nonada,nonada,nonada
1537TC,1537.0,TC,E,10,1,0.0007639419404125,cp,nonsyn,False,nonada,nonada,nonada
1537TG,1537.0,TG,E,10,2,0.001527883880825,cp,nonsyn,False,nonada,nonada,nonada
1537TG,1537.0,TG,H,10,3,0.0022918258212375,cp,nonsyn,False,nonada,nonada,nonada
1538GA,1538.0,GA,H,10,1,0.0007639419404125,cp,syn,False,nonada,nonada,nonada
1538GT,1538.0,GT,G,10,1,0.0007639419404125,cp,syn,False,nonada,nonada,nonada
1539GA,1539.0,GA,E,10,1,0.0007639419404125,cp,nonsyn,False,nonada,nonada,nonada
1539GA,1539.0,GA,G,10,1,0.0007639419404125,cp,nonsyn,False,nonada,nonada,nonada
153TC,153.0,TC,H,10,2,0.001527883880825,mat,syn,False,nonada,nonada,nonada
1541AG,1541.0,AG,E,10,1,0.0007639419404125,cp,syn,False,nonada,nonada,nonada
1541AG,1541.0,AG,H,10,1,0.0007639419404125,cp,syn,False,nonada,nonada,nonada
1542AG,1542.0,AG,E,10,1,0.0007639419404125,cp,nonsyn,False,nonada,nonada,nonada
1544CT,1544.0,CT,E,10,2,0.001527883880825,cp,syn,False,nonada,nonada,nonada
1544CT,1544.0,CT,G,10,1,0.0007639419404125,cp,syn,False,nonada,nonada,nonada
1544CT,1544.0,CT,H,10,2,0.001527883880825,cp,syn,False,nonada,nonada,nonada
1547GA,1547.0,GA,G,10,2,0.001527883880825,cp,syn,False,nonada,nonada,nonada
1547GT,1547.0,GT,G,10,1,0.0007639419404125,cp,nonsyn,False,nonada,nonada,nonada
1548AG,1548.0,AG,E,10,1,0.0007639419404125,cp,nonsyn,False,nonada,nonada,nonada
1548AG,1548.0,AG,H,10,2,0.001527883880825,cp,nonsyn,False,nonada,nonada,nonada
1549CA,1549.0,CA,E,10,1,0.0007639419404125,cp,nonsyn,False,nonada,nonada,nonada
1549CA,1549.0,CA,G,10,1,0.0007639419404125,cp,nonsyn,False,nonada,nonada,nonada
1549CT,1549.0,CT,E,10,10,0.0076394194041252,cp,nonsyn,False,nonada,ada,nonada
1549CT,1549.0,CT,G,10,23,0.0175706646294881,cp,nonsyn,False,nonada,ada,ada
1549CT,1549.0,CT,H,10,17,0.0129870129870129,cp,nonsyn,False,nonada,ada,ada
154AG,154.0,AG,E,10,1,0.0007639419404125,mat,nonsyn,False,nonada,nonada,nonada
1550TC,1550.0,TC,E,10,2,0.001527883880825,cp,syn,False,nonada,nonada,nonada
1550TC,1550.0,TC,H,10,2,0.001527883880825,cp,syn,False,nonada,nonada,nonada
1550TG,1550.0,TG,G,10,1,0.0007639419404125,cp,syn,False,nonada,nonada,nonada
1551GA,1551.0,GA,E,10,2,0.001527883880825,cp,nonsyn,False,nonada,nonada,nonada
1552TC,1552.0,TC,E,10,2,0.001527883880825,cp,nonsyn,False,nonada,nonada,nonada
1552TC,1552.0,TC,G,10,3,0.0022918258212375,cp,nonsyn,False,nonada,nonada,nonada
1552TC,1552.0,TC,H,10,1,0.0007639419404125,cp,nonsyn,False,nonada,nonada,nonada
1553TC,1553.0,TC,E,10,1,0.0007639419404125,cp,syn,False,nonada,nonada,nonada
1553TC,1553.0,TC,G,10,2,0.001527883880825,cp,syn,False,nonada,nonada,nonada
1553TC,1553.0,TC,H,10,1,0.0007639419404125,cp,syn,False,nonada,nonada,nonada
1553TG,1553.0,TG,E,10,1,0.0007639419404125,cp,syn,False,nonada,nonada,nonada
1553TG,1553.0,TG,G,10,1,0.0007639419404125,cp,syn,False,nonada,nonada,nonada
1554GA,1554.0,GA,E,10,8,0.0061115355233002,cp,nonsyn,False,nonada,nonada,nonada
1554GA,1554.0,GA,G,10,6,0.0045836516424751,cp,nonsyn,False,nonada,nonada,nonada
1554GA,1554.0,GA,H,10,1,0.0007639419404125,cp,nonsyn,False,nonada,nonada,nonada
1556TC,1556.0,TC,E,10,2,0.001527883880825,cp,syn,False,nonada,nonada,nonada
1556TC,1556.0,TC,G,10,2,0.001527883880825,cp,syn,False,nonada,nonada,nonada
1556TG,1556.0,TG,G,10,1,0.0007639419404125,cp,syn,False,nonada,nonada,nonada
1558GT,1558.0,GT,H,10,1,0.0007639419404125,cp,nonsyn,False,nonada,nonada,nonada
1559TC,1559.0,TC,E,10,4,0.0030557677616501,cp,syn,False,nonada,nonada,nonada
1559TC,1559.0,TC,G,10,2,0.001527883880825,cp,syn,False,nonada,nonada,nonada
1559TG,1559.0,TG,H,10,1,0.0007639419404125,cp,syn,False,nonada,nonada,nonada
155GA,155.0,GA,E,10,1,0.0007639419404125,mat,nonsyn,False,nonada,nonada,nonada
155GA,155.0,GA,G,10,1,0.0007639419404125,mat,nonsyn,False,nonada,nonada,nonada
155GA,155.0,GA,H,10,2,0.001527883880825,mat,nonsyn,False,nonada,nonada,nonada
155GT,155.0,GT,G,10,1,0.0007639419404125,mat,nonsyn,False,nonada,nonada,nonada
1560GA,1560.0,GA,E,10,15,0.0114591291061879,cp,nonsyn,False,nonada,ada,ada
1560GA,1560.0,GA,G,10,51,0.0389610389610389,cp,nonsyn,False,nonada,ada,ada
1560GA,1560.0,GA,H,10,11,0.0084033613445378,cp,nonsyn,False,nonada,ada,nonada
1561TC,1561.0,TC,G,10,1,0.0007639419404125,cp,nonsyn,False,nonada,nonada,nonada
1563GT,1563.0,GT,E,10,1,0.0007639419404125,cp,nonsyn,True,nonada,nonada,nonada
1565GA,1565.0,GA,H,10,1,0.0007639419404125,cp,syn,False,nonada,nonada,nonada
1566CT,1566.0,CT,G,10,1,0.0007639419404125,cp,nonsyn,False,nonada,nonada,nonada
1568TC,1568.0,TC,H,10,1,0.0007639419404125,cp,syn,False,nonada,nonada,nonada
1568TG,1568.0,TG,H,10,1,0.0007639419404125,cp,syn,False,nonada,nonada,nonada
156GA,156.0,GA,E,10,5,0.0038197097020626,mat,syn,False,nonada,nonada,nonada
156GT,156.0,GT,E,10,1,0.0007639419404125,mat,nonsyn,False,nonada,nonada,nonada
1570CT,1570.0,CT,G,10,1,0.0007639419404125,cp,nonsyn,False,nonada,nonada,nonada
1571TA,1571.0,TA,H,10,1,0.0007639419404125,cp,syn,False,nonada,nonada,nonada
1571TC,1571.0,TC,G,10,1,0.0007639419404125,cp,syn,False,nonada,nonada,nonada
1571TC,1571.0,TC,H,10,1,0.0007639419404125,cp,syn,False,nonada,nonada,nonada
1572GA,1572.0,GA,G,10,1,0.0007639419404125,cp,nonsyn,False,nonada,nonada,nonada
1572GA,1572.0,GA,H,10,1,0.0007639419404125,cp,nonsyn,False,nonada,nonada,nonada
1572GC,1572.0,GC,H,10,1,0.0007639419404125,cp,nonsyn,False,nonada,nonada,nonada
1572GT,1572.0,GT,G,10,1,0.0007639419404125,cp,nonsyn,False,nonada,nonada,nonada
1574AG,1574.0,AG,E,10,2,0.001527883880825,cp,syn,False,nonada,nonada,nonada
1575GT,1575.0,GT,G,10,1,0.0007639419404125,cp,nonsyn,False,nonada,nonada,nonada
1577CG,1577.0,CG,E,10,1,0.0007639419404125,cp,syn,False,nonada,nonada,nonada
1577CT,1577.0,CT,G,10,2,0.001527883880825,cp,syn,False,nonada,nonada,nonada
1578GA,1578.0,GA,G,10,3,0.0022918258212375,cp,nonsyn,False,nonada,nonada,nonada
1578GA,1578.0,GA,H,10,1,0.0007639419404125,cp,nonsyn,False,nonada,nonada,nonada
157GA,157.0,GA,H,10,2,0.001527883880825,mat,nonsyn,False,nonada,nonada,nonada
1580AG,1580.0,AG,G,10,2,0.001527883880825,cp,syn,False,nonada,nonada,nonada
1581TG,1581.0,TG,E,10,1,0.0007639419404125,cp,nonsyn,False,nonada,nonada,nonada
1581TG,1581.0,TG,H,10,2,0.001527883880825,cp,nonsyn,False,nonada,nonada,nonada
1583GA,1583.0,GA,E,10,1,0.0007639419404125,cp,nonsyn,True,nonada,nonada,nonada
1584CA,1584.0,CA,E,10,1,0.0007639419404125,cp,nonsyn,False,nonada,nonada,nonada
1584CT,1584.0,CT,H,10,2,0.001527883880825,cp,nonsyn,False,nonada,nonada,nonada
1585GA,1585.0,GA,G,10,1,0.0007639419404125,cp,nonsyn,False,nonada,nonada,nonada
1586TC,1586.0,TC,E,10,1,0.0007639419404125,cp,syn,False,nonada,nonada,nonada
1586TC,1586.0,TC,G,10,1,0.0007639419404125,cp,syn,False,nonada,nonada,nonada
1586TC,1586.0,TC,H,10,1,0.0007639419404125,cp,syn,False,nonada,nonada,nonada
1586TG,1586.0,TG,E,10,1,0.0007639419404125,cp,syn,False,nonada,nonada,nonada
1590TC,1590.0,TC,E,10,1,0.0007639419404125,cp,nonsyn,False,nonada,nonada,nonada
1590TC,1590.0,TC,H,10,1,0.0007639419404125,cp,nonsyn,False,nonada,nonada,nonada
1591AC,1591.0,AC,H,10,1,0.0007639419404125,cp,nonsyn,False,nonada,nonada,nonada
1592CT,1592.0,CT,G,10,1,0.0007639419404125,cp,syn,False,nonada,nonada,nonada
1592CT,1592.0,CT,H,10,1,0.0007639419404125,cp,syn,False,nonada,nonada,nonada
1593TC,1593.0,TC,E,10,1,0.0007639419404125,cp,syn,False,nonada,nonada,nonada
1593TC,1593.0,TC,G,10,2,0.001527883880825,cp,syn,False,nonada,nonada,nonada
1594TA,1594.0,TA,E,10,2,0.001527883880825,cp,nonsyn,True,nonada,nonada,nonada
1595AG,1595.0,AG,E,10,1,0.0007639419404125,cp,syn,False,nonada,nonada,nonada
1595AG,1595.0,AG,G,10,1,0.0007639419404125,cp,syn,False,nonada,nonada,nonada
1597AT,1597.0,AT,G,10,1,0.0007639419404125,cp,nonsyn,False,nonada,nonada,nonada
1598TA,1598.0,TA,E,10,2,0.001527883880825,cp,nonsyn,False,nonada,nonada,nonada
1598TC,1598.0,TC,E,10,1,0.0007639419404125,cp,syn,False,nonada,nonada,nonada
1599AG,1599.0,AG,H,10,1,0.0007639419404125,cp,nonsyn,False,nonada,nonada,nonada
159GA,159.0,GA,G,10,1,0.0007639419404125,mat,syn,False,nonada,nonada,nonada
1600TC,1600.0,TC,H,10,1,0.0007639419404125,cp,nonsyn,False,nonada,nonada,nonada
1600TG,1600.0,TG,G,10,1,0.0007639419404125,cp,nonsyn,False,nonada,nonada,nonada
1601GT,1601.0,GT,G,10,1,0.0007639419404125,cp,nonsyn,False,nonada,nonada,nonada
1605CA,1605.0,CA,G,10,1,0.0007639419404125,cp,nonsyn,False,nonada,nonada,nonada
1605CT,1605.0,CT,E,10,1,0.0007639419404125,cp,syn,False,nonada,nonada,nonada
1607AG,1607.0,AG,G,10,1,0.0007639419404125,cp,syn,False,nonada,nonada,nonada
1609CA,1609.0,CA,E,10,1,0.0007639419404125,cp,nonsyn,False,nonada,nonada,nonada
1609CT,1609.0,CT,H,10,1,0.0007639419404125,cp,nonsyn,False,nonada,nonada,nonada
160AG,160.0,AG,G,10,1,0.0007639419404125,mat,nonsyn,False,nonada,nonada,nonada
1610CT,1610.0,CT,E,10,1,0.0007639419404125,cp,syn,False,nonada,nonada,nonada
1610CT,1610.0,CT,G,10,1,0.0007639419404125,cp,syn,False,nonada,nonada,nonada
1610CT,1610.0,CT,H,10,1,0.0007639419404125,cp,syn,False,nonada,nonada,nonada
1611AG,1611.0,AG,G,10,1,0.0007639419404125,cp,nonsyn,False,nonada,nonada,nonada
1612TG,1612.0,TG,H,10,1,0.0007639419404125,cp,nonsyn,False,nonada,nonada,nonada
1614CT,1614.0,CT,E,10,1,0.0007639419404125,cp,nonsyn,False,nonada,nonada,nonada
1615CA,1615.0,CA,E,10,2,0.001527883880825,cp,nonsyn,False,nonada,nonada,nonada
1615CA,1615.0,CA,G,10,2,0.001527883880825,cp,nonsyn,False,nonada,nonada,nonada
1615CA,1615.0,CA,H,10,2,0.001527883880825,cp,nonsyn,False,nonada,nonada,nonada
1617AG,1617.0,AG,H,10,1,0.0007639419404125,cp,nonsyn,False,nonada,nonada,nonada
1617AT,1617.0,AT,E,10,2,0.001527883880825,cp,nonsyn,False,nonada,nonada,nonada
1617AT,1617.0,AT,H,10,1,0.0007639419404125,cp,nonsyn,False,nonada,nonada,nonada
1619TC,1619.0,TC,G,10,1,0.0007639419404125,cp,syn,False,nonada,nonada,nonada
161AG,161.0,AG,E,10,24,0.0183346065699006,mat,nonsyn,False,nonada,nonada,nonada
1620TG,1620.0,TG,G,10,1,0.0007639419404125,cp,nonsyn,False,nonada,nonada,nonada
1620TG,1620.0,TG,H,10,1,0.0007639419404125,cp,nonsyn,False,nonada,nonada,nonada
1621TC,1621.0,TC,E,10,1,0.0007639419404125,cp,nonsyn,False,nonada,nonada,nonada
1622CT,1622.0,CT,H,10,1,0.0007639419404125,cp,syn,False,nonada,nonada,nonada
1623GA,1623.0,GA,E,10,1,0.0007639419404125,cp,nonsyn,False,nonada,nonada,nonada
1623GA,1623.0,GA,H,10,1,0.0007639419404125,cp,nonsyn,False,nonada,nonada,nonada
1625TC,1625.0,TC,E,10,1,0.0007639419404125,cp,syn,False,nonada,nonada,nonada
1625TC,1625.0,TC,G,10,1,0.0007639419404125,cp,syn,False,nonada,nonada,nonada
1625TC,1625.0,TC,H,10,1,0.0007639419404125,cp,syn,False,nonada,nonada,nonada
1625TG,1625.0,TG,E,10,1,0.0007639419404125,cp,syn,False,nonada,nonada,nonada
162CT,162.0,CT,E,10,3,0.0022918258212375,mat,syn,False,nonada,nonada,nonada
162CT,162.0,CT,H,10,1,0.0007639419404125,mat,syn,False,nonada,nonada,nonada
1631TC,1631.0,TC,E,10,1,0.0007639419404125,cp,syn,False,nonada,nonada,nonada
1631TC,1631.0,TC,G,10,1,0.0007639419404125,cp,syn,False,nonada,nonada,nonada
1631TC,1631.0,TC,H,10,1,0.0007639419404125,cp,syn,False,nonada,nonada,nonada
1631TG,1631.0,TG,G,10,1,0.0007639419404125,cp,nonsyn,False,nonada,nonada,nonada
1632TC,1632.0,TC,E,10,1,0.0007639419404125,cp,nonsyn,False,nonada,nonada,nonada
1632TG,1632.0,TG,G,10,2,0.001527883880825,cp,nonsyn,False,nonada,nonada,nonada
1635GT,1635.0,GT,E,10,1,0.0007639419404125,cp,nonsyn,False,nonada,nonada,nonada
1637CT,1637.0,CT,E,10,3,0.0022918258212375,cp,syn,False,nonada,nonada,nonada
163GA,163.0,GA,E,10,1,0.0007639419404125,mat,nonsyn,False,nonada,nonada,nonada
163GA,163.0,GA,G,10,1,0.0007639419404125,mat,nonsyn,False,nonada,nonada,nonada
1640CG,1640.0,CG,G,10,1,0.0007639419404125,cp,nonsyn,False,nonada,nonada,nonada
1640CT,1640.0,CT,G,10,1,0.0007639419404125,cp,syn,False,nonada,nonada,nonada
1642AC,1642.0,AC,H,10,2,0.001527883880825,cp,nonsyn,False,nonada,nonada,nonada
1642AG,1642.0,AG,E,10,2,0.001527883880825,cp,nonsyn,False,nonada,nonada,nonada
1642AG,1642.0,AG,G,10,1,0.0007639419404125,cp,nonsyn,False,nonada,nonada,nonada
1643GA,1643.0,GA,E,10,2,0.001527883880825,cp,syn,False,nonada,nonada,nonada
1644CT,1644.0,CT,H,10,1,0.0007639419404125,cp,nonsyn,False,nonada,nonada,nonada
1646TC,1646.0,TC,G,10,1,0.0007639419404125,cp,syn,False,nonada,nonada,nonada
1646TC,1646.0,TC,H,10,1,0.0007639419404125,cp,syn,False,nonada,nonada,nonada
1649TC,1649.0,TC,H,10,1,0.0007639419404125,cp,syn,False,nonada,nonada,nonada
1651TC,1651.0,TC,H,10,1,0.0007639419404125,cp,nonsyn,False,nonada,nonada,nonada
1652TC,1652.0,TC,E,10,1,0.0007639419404125,cp,syn,False,nonada,nonada,nonada
1652TC,1652.0,TC,G,10,3,0.0022918258212375,cp,syn,False,nonada,nonada,nonada
1654AG,1654.0,AG,G,10,1,0.0007639419404125,cp,nonsyn,False,nonada,nonada,nonada
1654AG,1654.0,AG,H,10,1,0.0007639419404125,cp,nonsyn,False,nonada,nonada,nonada
1655GA,1655.0,GA,E,10,1,0.0007639419404125,cp,syn,False,nonada,nonada,nonada
1655GT,1655.0,GT,E,10,1,0.0007639419404125,cp,nonsyn,False,nonada,nonada,nonada
1656GA,1656.0,GA,G,10,1,0.0007639419404125,cp,nonsyn,False,nonada,nonada,nonada
1656GC,1656.0,GC,G,10,1,0.0007639419404125,cp,nonsyn,False,nonada,nonada,nonada
1656GT,1656.0,GT,H,10,1,0.0007639419404125,cp,nonsyn,False,nonada,nonada,nonada
1657CA,1657.0,CA,H,10,1,0.0007639419404125,cp,nonsyn,False,nonada,nonada,nonada
1657CT,1657.0,CT,E,10,1,0.0007639419404125,cp,nonsyn,False,nonada,nonada,nonada
1658AG,1658.0,AG,E,10,9,0.0068754774637127,cp,syn,False,nonada,nonada,nonada
1658AG,1658.0,AG,G,10,9,0.0068754774637127,cp,syn,False,nonada,nonada,nonada
1658AG,1658.0,AG,H,10,2,0.001527883880825,cp,syn,False,nonada,nonada,nonada
165GA,165.0,GA,E,10,1,0.0007639419404125,mat,syn,False,nonada,nonada,nonada
165GC,165.0,GC,G,10,1,0.0007639419404125,mat,nonsyn,False,nonada,nonada,nonada
165GT,165.0,GT,E,10,1,0.0007639419404125,mat,nonsyn,False,nonada,nonada,nonada
1660TC,1660.0,TC,G,10,1,0.0007639419404125,cp,nonsyn,False,nonada,nonada,nonada
1660TG,1660.0,TG,E,10,1,0.0007639419404125,cp,nonsyn,False,nonada,nonada,nonada
1662CT,1662.0,CT,G,10,1,0.0007639419404125,cp,nonsyn,True,nonada,nonada,nonada
1663AG,1663.0,AG,E,10,1,0.0007639419404125,cp,nonsyn,False,nonada,nonada,nonada
1664AG,1664.0,AG,E,10,59,0.0450725744843391,cp,syn,False,ada,ada,ada
1664AG,1664.0,AG,G,10,196,0.1497326203208556,cp,syn,False,ada,ada,ada
1664AG,1664.0,AG,H,10,216,0.1650114591291062,cp,syn,False,ada,ada,ada
1665GA,1665.0,GA,G,10,1,0.0007639419404125,cp,nonsyn,False,nonada,nonada,nonada
1666GA,1666.0,GA,G,10,1,0.0007639419404125,cp,nonsyn,False,nonada,nonada,nonada
1666GA,1666.0,GA,H,10,1,0.0007639419404125,cp,nonsyn,False,nonada,nonada,nonada
1669TA,1669.0,TA,E,10,1,0.0007639419404125,cp,nonsyn,False,nonada,nonada,nonada
1671CA,1671.0,CA,G,10,1,0.0007639419404125,cp,nonsyn,False,nonada,nonada,nonada
1671CT,1671.0,CT,E,10,1,0.0007639419404125,cp,syn,False,nonada,nonada,nonada
1672TA,1672.0,TA,E,10,1,0.0007639419404125,cp,nonsyn,False,nonada,nonada,nonada
1672TA,1672.0,TA,G,10,1,0.0007639419404125,cp,nonsyn,False,nonada,nonada,nonada
1672TA,1672.0,TA,H,10,1,0.0007639419404125,cp,nonsyn,False,nonada,nonada,nonada
1672TC,1672.0,TC,E,10,1,0.0007639419404125,cp,nonsyn,False,nonada,nonada,nonada
1673AG,1673.0,AG,E,10,1,0.0007639419404125,cp,syn,False,nonada,nonada,nonada
1673AG,1673.0,AG,G,10,2,0.001527883880825,cp,syn,False,nonada,nonada,nonada
1673AG,1673.0,AG,H,10,2,0.001527883880825,cp,syn,False,nonada,nonada,nonada
1674AG,1674.0,AG,G,10,1,0.0007639419404125,cp,nonsyn,False,nonada,nonada,nonada
1675AG,1675.0,AG,E,10,1,0.0007639419404125,cp,nonsyn,False,nonada,nonada,nonada
1675AG,1675.0,AG,G,10,1,0.0007639419404125,cp,nonsyn,False,nonada,nonada,nonada
1676AG,1676.0,AG,G,10,1,0.0007639419404125,cp,syn,False,nonada,nonada,nonada
1676AT,1676.0,AT,H,10,1,0.0007639419404125,cp,nonsyn,False,nonada,nonada,nonada
1677GA,1677.0,GA,E,10,1,0.0007639419404125,cp,nonsyn,False,nonada,nonada,nonada
1677GA,1677.0,GA,H,10,1,0.0007639419404125,cp,nonsyn,False,nonada,nonada,nonada
1677GT,1677.0,GT,H,10,2,0.001527883880825,cp,nonsyn,False,nonada,nonada,nonada
1678AT,1678.0,AT,E,10,1,0.0007639419404125,cp,nonsyn,False,nonada,nonada,nonada
1678AT,1678.0,AT,E,10,1,0.0007639419404125,lys,nonsyn,False,nonada,nonada,nonada
1679TA,1679.0,TA,E,10,1,0.0007639419404125,cp,nonsyn,False,nonada,nonada,nonada
1679TA,1679.0,TA,E,10,1,0.0007639419404125,lys,nonsyn,False,nonada,nonada,nonada
1679TG,1679.0,TG,E,10,1,0.0007639419404125,cp,nonsyn,False,nonada,nonada,nonada
1679TG,1679.0,TG,E,10,1,0.0007639419404125,lys,nonsyn,False,nonada,nonada,nonada
1679TG,1679.0,TG,H,10,1,0.0007639419404125,cp,nonsyn,False,nonada,nonada,nonada
1679TG,1679.0,TG,H,10,1,0.0007639419404125,lys,nonsyn,False,nonada,nonada,nonada
167CT,167.0,CT,E,10,1,0.0007639419404125,mat,nonsyn,False,nonada,nonada,nonada
1681GA,1681.0,GA,E,10,1,0.0007639419404125,cp,nonsyn,False,nonada,nonada,nonada
1681GA,1681.0,GA,E,10,1,0.0007639419404125,lys,nonsyn,False,nonada,nonada,nonada
1681GA,1681.0,GA,G,10,1,0.0007639419404125,cp,nonsyn,False,nonada,nonada,nonada
1681GA,1681.0,GA,G,10,1,0.0007639419404125,lys,nonsyn,False,nonada,nonada,nonada
1681GT,1681.0,GT,E,10,1,0.0007639419404125,cp,nonsyn,False,nonada,nonada,nonada
1681GT,1681.0,GT,E,10,1,0.0007639419404125,lys,nonsyn,True,nonada,nonada,nonada
1683AC,1683.0,AC,E,10,1,0.0007639419404125,cp,nonsyn,False,nonada,nonada,nonada
1683AC,1683.0,AC,E,10,1,0.0007639419404125,lys,nonsyn,False,nonada,nonada,nonada
1683AC,1683.0,AC,G,10,1,0.0007639419404125,cp,nonsyn,False,nonada,nonada,nonada
1683AC,1683.0,AC,G,10,1,0.0007639419404125,lys,nonsyn,False,nonada,nonada,nonada
1685CT,1685.0,CT,G,10,1,0.0007639419404125,lys,nonsyn,False,nonada,nonada,nonada
1688GA,1688.0,GA,H,10,1,0.0007639419404125,lys,nonsyn,False,nonada,nonada,nonada
1688GC,1688.0,GC,E,10,36,0.027501909854851,lys,nonsyn,False,nonada,ada,ada
1688GC,1688.0,GC,G,10,48,0.0366692131398013,lys,nonsyn,False,nonada,ada,ada
1688GC,1688.0,GC,H,10,32,0.0244461420932009,lys,nonsyn,False,nonada,ada,ada
1688GT,1688.0,GT,E,10,438,0.3346065699006875,lys,nonsyn,False,ada,ada,ada
1688GT,1688.0,GT,G,10,334,0.2551566080977845,lys,nonsyn,False,ada,ada,ada
1688GT,1688.0,GT,H,10,193,0.147440794499618,lys,nonsyn,False,ada,ada,ada
1689AT,1689.0,AT,G,10,1,0.0007639419404125,cp,nonsyn,False,nonada,nonada,nonada
168CA,168.0,CA,E,10,1,0.0007639419404125,mat,syn,False,nonada,nonada,nonada
168CT,168.0,CT,G,10,1,0.0007639419404125,mat,syn,False,nonada,nonada,nonada
168CT,168.0,CT,H,10,2,0.001527883880825,mat,syn,False,nonada,nonada,nonada
1691TC,1691.0,TC,E,10,3,0.0022918258212375,lys,nonsyn,False,nonada,nonada,nonada
1692CT,1692.0,CT,G,10,1,0.0007639419404125,cp,nonsyn,False,nonada,nonada,nonada
1694CT,1694.0,CT,E,10,1,0.0007639419404125,lys,nonsyn,False,nonada,nonada,nonada
1694CT,1694.0,CT,H,10,1,0.0007639419404125,lys,nonsyn,False,nonada,nonada,nonada
1695TC,1695.0,TC,G,10,1,0.0007639419404125,cp,nonsyn,False,nonada,nonada,nonada
1696CT,1696.0,CT,G,10,1,0.0007639419404125,cp,nonsyn,False,nonada,nonada,nonada
1696CT,1696.0,CT,G,10,1,0.0007639419404125,lys,nonsyn,True,nonada,nonada,nonada
1697AG,1697.0,AG,G,10,1,0.0007639419404125,lys,nonsyn,False,nonada,nonada,nonada
1698GA,1698.0,GA,G,10,1,0.0007639419404125,cp,nonsyn,False,nonada,nonada,nonada
169TC,169.0,TC,E,10,1,0.0007639419404125,mat,nonsyn,False,nonada,nonada,nonada
169TC,169.0,TC,G,10,1,0.0007639419404125,mat,nonsyn,False,nonada,nonada,nonada
1702TG,1702.0,TG,H,10,1,0.0007639419404125,cp,nonsyn,False,nonada,nonada,nonada
1702TG,1702.0,TG,H,10,1,0.0007639419404125,lys,nonsyn,False,nonada,nonada,nonada
1703CT,1703.0,CT,H,10,1,0.0007639419404125,lys,nonsyn,False,nonada,nonada,nonada
1705CA,1705.0,CA,E,10,1,0.0007639419404125,cp,nonsyn,False,nonada,nonada,nonada
1705CA,1705.0,CA,E,10,1,0.0007639419404125,lys,nonsyn,False,nonada,nonada,nonada
1705CA,1705.0,CA,H,10,3,0.0022918258212375,cp,nonsyn,False,nonada,nonada,nonada
1705CA,1705.0,CA,H,10,3,0.0022918258212375,lys,nonsyn,False,nonada,nonada,nonada
1706AG,1706.0,AG,G,10,1,0.0007639419404125,lys,nonsyn,False,nonada,nonada,nonada
1706AG,1706.0,AG,H,10,1,0.0007639419404125,lys,nonsyn,False,nonada,nonada,nonada
1707GA,1707.0,GA,G,10,2,0.001527883880825,cp,nonsyn,False,nonada,nonada,nonada
1707GA,1707.0,GA,H,10,3,0.0022918258212375,cp,nonsyn,False,nonada,nonada,nonada
1709AG,1709.0,AG,E,10,1,0.0007639419404125,lys,nonsyn,False,nonada,nonada,nonada
1709AG,1709.0,AG,G,10,2,0.001527883880825,lys,nonsyn,False,nonada,nonada,nonada
170TC,170.0,TC,G,10,3,0.0022918258212375,mat,nonsyn,False,nonada,nonada,nonada
1710AT,1710.0,AT,G,10,1,0.0007639419404125,cp,nonsyn,False,nonada,nonada,nonada
1710AT,1710.0,AT,G,10,1,0.0007639419404125,lys,nonsyn,False,nonada,nonada,nonada
1712CT,1712.0,CT,G,10,1,0.0007639419404125,lys,nonsyn,False,nonada,nonada,nonada
1712CT,1712.0,CT,H,10,2,0.001527883880825,lys,nonsyn,False,nonada,nonada,nonada
1713TC,1713.0,TC,E,10,1,0.0007639419404125,cp,nonsyn,False,nonada,nonada,nonada
1713TC,1713.0,TC,G,10,1,0.0007639419404125,cp,nonsyn,False,nonada,nonada,nonada
1714CT,1714.0,CT,H,10,1,0.0007639419404125,cp,nonsyn,False,nonada,nonada,nonada
1714CT,1714.0,CT,H,10,1,0.0007639419404125,lys,nonsyn,False,nonada,nonada,nonada
1715CA,1715.0,CA,H,10,1,0.0007639419404125,lys,nonsyn,False,nonada,nonada,nonada
1715CG,1715.0,CG,E,10,1,0.0007639419404125,lys,nonsyn,False,nonada,nonada,nonada
1715CG,1715.0,CG,H,10,1,0.0007639419404125,lys,nonsyn,False,nonada,nonada,nonada
1715CT,1715.0,CT,G,10,1,0.0007639419404125,lys,nonsyn,False,nonada,nonada,nonada
1716GA,1716.0,GA,G,10,1,0.0007639419404125,cp,nonsyn,False,nonada,nonada,nonada
1718CG,1718.0,CG,H,10,1,0.0007639419404125,lys,nonsyn,False,nonada,nonada,nonada
1718CT,1718.0,CT,E,10,2,0.001527883880825,lys,nonsyn,False,nonada,nonada,nonada
1718CT,1718.0,CT,G,10,2,0.001527883880825,lys,nonsyn,False,nonada,nonada,nonada
1718CT,1718.0,CT,H,10,2,0.001527883880825,lys,nonsyn,False,nonada,nonada,nonada
1719AG,1719.0,AG,E,10,1,0.0007639419404125,cp,nonsyn,False,nonada,nonada,nonada
1719AT,1719.0,AT,E,10,1,0.0007639419404125,cp,nonsyn,False,nonada,nonada,nonada
1719AT,1719.0,AT,G,10,1,0.0007639419404125,cp,nonsyn,False,nonada,nonada,nonada
171CT,171.0,CT,E,10,1,0.0007639419404125,mat,syn,False,nonada,nonada,nonada
171CT,171.0,CT,G,10,1,0.0007639419404125,mat,syn,False,nonada,nonada,nonada
171CT,171.0,CT,H,10,1,0.0007639419404125,mat,syn,False,nonada,nonada,nonada
1724CT,1724.0,CT,E,10,3,0.0022918258212375,lys,nonsyn,False,nonada,nonada,nonada
1724CT,1724.0,CT,H,10,1,0.0007639419404125,lys,nonsyn,False,nonada,nonada,nonada
1726AG,1726.0,AG,E,10,1,0.0007639419404125,lys,nonsyn,False,nonada,nonada,nonada
1727AG,1727.0,AG,E,10,1,0.0007639419404125,lys,nonsyn,False,nonada,nonada,nonada
1727AG,1727.0,AG,G,10,1,0.0007639419404125,lys,nonsyn,False,nonada,nonada,nonada
1727AG,1727.0,AG,H,10,1,0.0007639419404125,lys,nonsyn,False,nonada,nonada,nonada
1728TA,1728.0,TA,G,10,1,0.0007639419404125,lys,nonsyn,False,nonada,nonada,nonada
1728TC,1728.0,TC,E,10,21,0.0160427807486631,lys,syn,False,nonada,ada,ada
1728TC,1728.0,TC,G,10,17,0.0129870129870129,lys,syn,False,nonada,ada,ada
1728TC,1728.0,TC,H,10,38,0.029029793735676,lys,syn,False,nonada,ada,ada
1729AG,1729.0,AG,G,10,1,0.0007639419404125,lys,nonsyn,False,nonada,nonada,nonada
172GA,172.0,GA,G,10,2,0.001527883880825,mat,nonsyn,False,nonada,nonada,nonada
1730GT,1730.0,GT,E,10,1,0.0007639419404125,lys,nonsyn,False,nonada,nonada,nonada
1730GT,1730.0,GT,G,10,1,0.0007639419404125,lys,nonsyn,False,nonada,nonada,nonada
1730GT,1730.0,GT,H,10,1,0.0007639419404125,lys,nonsyn,False,nonada,nonada,nonada
1731AG,1731.0,AG,E,10,1,0.0007639419404125,lys,syn,False,nonada,nonada,nonada
1732CT,1732.0,CT,E,10,2,0.001527883880825,lys,nonsyn,False,nonada,nonada,nonada
1732CT,1732.0,CT,G,10,2,0.001527883880825,lys,nonsyn,False,nonada,nonada,nonada
1733GA,1733.0,GA,G,10,10,0.0076394194041252,lys,nonsyn,False,nonada,nonada,nonada
1733GT,1733.0,GT,E,10,6,0.0045836516424751,lys,nonsyn,False,nonada,nonada,nonada
1733GT,1733.0,GT,G,10,17,0.0129870129870129,lys,nonsyn,False,nonada,nonada,nonada
1733GT,1733.0,GT,H,10,2,0.001527883880825,lys,nonsyn,False,nonada,nonada,nonada
1734CT,1734.0,CT,E,10,1,0.0007639419404125,lys,syn,False,nonada,nonada,nonada
1734CT,1734.0,CT,G,10,1,0.0007639419404125,lys,syn,False,nonada,nonada,nonada
1735CG,1735.0,CG,G,10,1,0.0007639419404125,lys,nonsyn,False,nonada,nonada,nonada
1735CT,1735.0,CT,E,10,87,0.0664629488158899,lys,nonsyn,False,ada,ada,ada
1735CT,1735.0,CT,G,10,102,0.0779220779220779,lys,nonsyn,False,ada,ada,ada
1735CT,1735.0,CT,H,10,67,0.0511841100076394,lys,nonsyn,False,ada,ada,ada
1736GA,1736.0,GA,G,10,2,0.001527883880825,lys,nonsyn,False,nonada,nonada,nonada
1737GA,1737.0,GA,G,10,1,0.0007639419404125,lys,syn,False,nonada,nonada,nonada
1737GA,1737.0,GA,H,10,1,0.0007639419404125,lys,syn,False,nonada,nonada,nonada
1737GC,1737.0,GC,E,10,4,0.0030557677616501,lys,syn,False,nonada,nonada,nonada
1737GT,1737.0,GT,G,10,1,0.0007639419404125,lys,syn,False,nonada,nonada,nonada
173TC,173.0,TC,E,10,1,0.0007639419404125,mat,nonsyn,False,nonada,nonada,nonada
1741TC,1741.0,TC,E,10,2,0.001527883880825,lys,nonsyn,False,nonada,nonada,nonada
1741TC,1741.0,TC,G,10,1,0.0007639419404125,lys,nonsyn,False,nonada,nonada,nonada
1741TC,1741.0,TC,H,10,1,0.0007639419404125,lys,nonsyn,False,nonada,nonada,nonada
1742TC,1742.0,TC,E,10,1,0.0007639419404125,lys,nonsyn,False,nonada,nonada,nonada
1742TC,1742.0,TC,G,10,2,0.001527883880825,lys,nonsyn,False,nonada,nonada,nonada
1742TC,1742.0,TC,H,10,1,0.0007639419404125,lys,nonsyn,False,nonada,nonada,nonada
1743CA,1743.0,CA,G,10,1,0.0007639419404125,lys,nonsyn,False,nonada,nonada,nonada
1743CT,1743.0,CT,H,10,1,0.0007639419404125,lys,syn,False,nonada,nonada,nonada
1744AG,1744.0,AG,E,10,822,0.6279602750190986,lys,nonsyn,False,ada,ada,ada
1744AG,1744.0,AG,G,10,628,0.479755538579068,lys,nonsyn,False,ada,ada,ada
1744AG,1744.0,AG,H,10,354,0.2704354469060351,lys,nonsyn,False,ada,ada,ada
1745AG,1745.0,AG,G,10,1,0.0007639419404125,lys,nonsyn,False,nonada,nonada,nonada
1746AG,1746.0,AG,E,10,1,0.0007639419404125,lys,syn,False,nonada,nonada,nonada
1746AG,1746.0,AG,G,10,2,0.001527883880825,lys,syn,False,nonada,nonada,nonada
1746AG,1746.0,AG,H,10,1,0.0007639419404125,lys,syn,False,nonada,nonada,nonada
1747CT,1747.0,CT,E,10,1,0.0007639419404125,lys,nonsyn,False,nonada,nonada,nonada
1747CT,1747.0,CT,G,10,1,0.0007639419404125,lys,nonsyn,False,nonada,nonada,nonada
1747CT,1747.0,CT,H,10,1,0.0007639419404125,lys,nonsyn,False,nonada,nonada,nonada
1749TG,1749.0,TG,H,10,1,0.0007639419404125,lys,nonsyn,False,nonada,nonada,nonada
174CA,174.0,CA,E,10,1,0.0007639419404125,mat,syn,False,nonada,nonada,nonada
174CG,174.0,CG,H,10,1,0.0007639419404125,mat,syn,False,nonada,nonada,nonada
174CT,174.0,CT,E,10,1,0.0007639419404125,mat,syn,False,nonada,nonada,nonada
174CT,174.0,CT,H,10,1,0.0007639419404125,mat,syn,False,nonada,nonada,nonada
1750GA,1750.0,GA,E,10,1,0.0007639419404125,lys,nonsyn,False,nonada,nonada,nonada
1750GA,1750.0,GA,G,10,1,0.0007639419404125,lys,nonsyn,False,nonada,nonada,nonada
1750GT,1750.0,GT,G,10,1,0.0007639419404125,lys,nonsyn,True,nonada,nonada,nonada
1751AG,1751.0,AG,E,10,1,0.0007639419404125,lys,nonsyn,False,nonada,nonada,nonada
1752GA,1752.0,GA,G,10,1,0.0007639419404125,lys,syn,False,nonada,nonada,nonada
1753GA,1753.0,GA,E,10,3,0.0022918258212375,lys,nonsyn,False,nonada,nonada,nonada
1754AG,1754.0,AG,G,10,1,0.0007639419404125,lys,nonsyn,False,nonada,nonada,nonada
1754AG,1754.0,AG,H,10,2,0.001527883880825,lys,nonsyn,False,nonada,nonada,nonada
1754AT,1754.0,AT,H,10,1,0.0007639419404125,lys,nonsyn,False,nonada,nonada,nonada
1755TC,1755.0,TC,E,10,2,0.001527883880825,lys,syn,False,nonada,nonada,nonada
1755TC,1755.0,TC,G,10,1,0.0007639419404125,lys,syn,False,nonada,nonada,nonada
1755TG,1755.0,TG,E,10,1,0.0007639419404125,lys,nonsyn,False,nonada,nonada,nonada
1756TC,1756.0,TC,E,10,1,0.0007639419404125,lys,nonsyn,False,nonada,nonada,nonada
1756TC,1756.0,TC,G,10,1,0.0007639419404125,lys,nonsyn,False,nonada,nonada,nonada
1758CT,1758.0,CT,E,10,1,0.0007639419404125,lys,syn,False,nonada,nonada,nonada
1758CT,1758.0,CT,H,10,1,0.0007639419404125,lys,syn,False,nonada,nonada,nonada
1759CT,1759.0,CT,E,10,1,0.0007639419404125,lys,nonsyn,False,nonada,nonada,nonada
1759CT,1759.0,CT,G,10,1,0.0007639419404125,lys,nonsyn,False,nonada,nonada,nonada
175CT,175.0,CT,E,10,1,0.0007639419404125,mat,nonsyn,False,nonada,nonada,nonada
1760CT,1760.0,CT,G,10,1,0.0007639419404125,lys,nonsyn,False,nonada,nonada,nonada
1760CT,1760.0,CT,H,10,2,0.001527883880825,lys,nonsyn,False,nonada,nonada,nonada
1761AC,1761.0,AC,E,10,1,0.0007639419404125,rep,nonsyn,False,nonada,nonada,nonada
1761AG,1761.0,AG,E,10,1,0.0007639419404125,rep,nonsyn,False,nonada,nonada,nonada
1761AG,1761.0,AG,G,10,1,0.0007639419404125,rep,nonsyn,False,nonada,nonada,nonada
1761AG,1761.0,AG,H,10,1,0.0007639419404125,rep,nonsyn,False,nonada,nonada,nonada
1763GA,1763.0,GA,E,10,1,0.0007639419404125,lys,nonsyn,False,nonada,nonada,nonada
1763GA,1763.0,GA,E,10,1,0.0007639419404125,rep,nonsyn,False,nonada,nonada,nonada
1764TC,1764.0,TC,E,10,2,0.001527883880825,rep,nonsyn,False,nonada,nonada,nonada
1764TC,1764.0,TC,H,10,1,0.0007639419404125,rep,nonsyn,False,nonada,nonada,nonada
1764TG,1764.0,TG,G,10,1,0.0007639419404125,lys,nonsyn,False,nonada,nonada,nonada
1764TG,1764.0,TG,G,10,1,0.0007639419404125,rep,nonsyn,False,nonada,nonada,nonada
1764TG,1764.0,TG,H,10,3,0.0022918258212375,lys,nonsyn,False,nonada,nonada,nonada
1764TG,1764.0,TG,H,10,3,0.0022918258212375,rep,nonsyn,False,nonada,nonada,nonada
1765CA,1765.0,CA,G,10,1,0.0007639419404125,rep,nonsyn,True,nonada,nonada,nonada
1765CG,1765.0,CG,H,10,3,0.0022918258212375,lys,nonsyn,False,nonada,nonada,nonada
1765CG,1765.0,CG,H,10,3,0.0022918258212375,rep,nonsyn,False,nonada,nonada,nonada
1765CT,1765.0,CT,E,10,2,0.001527883880825,lys,nonsyn,True,nonada,nonada,nonada
1765CT,1765.0,CT,E,10,2,0.001527883880825,rep,nonsyn,False,nonada,nonada,nonada
1765CT,1765.0,CT,H,10,2,0.001527883880825,lys,nonsyn,True,nonada,nonada,nonada
1765CT,1765.0,CT,H,10,2,0.001527883880825,rep,nonsyn,False,nonada,nonada,nonada
1766GA,1766.0,GA,E,10,6,0.0045836516424751,lys,nonsyn,False,nonada,nonada,nonada
1766GA,1766.0,GA,G,10,2,0.001527883880825,lys,nonsyn,False,nonada,nonada,nonada
1766GA,1766.0,GA,H,10,26,0.0198624904507257,lys,nonsyn,False,nonada,nonada,nonada
1767AG,1767.0,AG,G,10,26,0.0198624904507257,rep,nonsyn,False,nonada,nonada,nonada
1768AG,1768.0,AG,E,10,4,0.0030557677616501,lys,nonsyn,False,nonada,nonada,nonada
1768AG,1768.0,AG,E,10,4,0.0030557677616501,rep,nonsyn,False,nonada,nonada,nonada
1768AG,1768.0,AG,G,10,2,0.001527883880825,lys,nonsyn,False,nonada,nonada,nonada
1768AG,1768.0,AG,G,10,2,0.001527883880825,rep,nonsyn,False,nonada,nonada,nonada
1768AG,1768.0,AG,H,10,1,0.0007639419404125,lys,nonsyn,False,nonada,nonada,nonada
1768AG,1768.0,AG,H,10,1,0.0007639419404125,rep,nonsyn,False,nonada,nonada,nonada
1769GA,1769.0,GA,G,10,3,0.0022918258212375,lys,nonsyn,False,nonada,nonada,nonada
1769GA,1769.0,GA,H,10,1,0.0007639419404125,lys,nonsyn,False,nonada,nonada,nonada
1770AC,1770.0,AC,G,10,3,0.0022918258212375,lys,nonsyn,False,nonada,nonada,nonada
1770AC,1770.0,AC,G,10,3,0.0022918258212375,rep,nonsyn,False,nonada,nonada,nonada
1770AC,1770.0,AC,H,10,3,0.0022918258212375,lys,nonsyn,False,nonada,nonada,nonada
1770AC,1770.0,AC,H,10,3,0.0022918258212375,rep,nonsyn,False,nonada,nonada,nonada
1770AG,1770.0,AG,E,10,5,0.0038197097020626,rep,nonsyn,False,nonada,nonada,nonada
1770AG,1770.0,AG,G,10,10,0.0076394194041252,rep,nonsyn,False,nonada,nonada,nonada
1770AG,1770.0,AG,H,10,75,0.0572956455309396,rep,nonsyn,False,nonada,nonada,nonada
1771CA,1771.0,CA,G,10,3,0.0022918258212375,lys,nonsyn,False,nonada,nonada,nonada
1771CA,1771.0,CA,G,10,3,0.0022918258212375,rep,nonsyn,False,nonada,nonada,nonada
1771CA,1771.0,CA,H,10,1,0.0007639419404125,lys,nonsyn,False,nonada,nonada,nonada
1771CA,1771.0,CA,H,10,1,0.0007639419404125,rep,nonsyn,False,nonada,nonada,nonada
1771CT,1771.0,CT,E,10,1,0.0007639419404125,lys,nonsyn,True,nonada,nonada,nonada
1771CT,1771.0,CT,E,10,1,0.0007639419404125,rep,nonsyn,False,nonada,nonada,nonada
1771CT,1771.0,CT,H,10,1,0.0007639419404125,lys,nonsyn,True,nonada,nonada,nonada
1771CT,1771.0,CT,H,10,1,0.0007639419404125,rep,nonsyn,False,nonada,nonada,nonada
1772AG,1772.0,AG,E,10,2,0.001527883880825,lys,nonsyn,False,nonada,nonada,nonada
1772AG,1772.0,AG,G,10,3,0.0022918258212375,lys,nonsyn,False,nonada,nonada,nonada
1772AG,1772.0,AG,H,10,1,0.0007639419404125,lys,nonsyn,False,nonada,nonada,nonada
1772AT,1772.0,AT,G,10,1,0.0007639419404125,lys,nonsyn,False,nonada,nonada,nonada
1773AG,1773.0,AG,G,10,1,0.0007639419404125,rep,nonsyn,False,nonada,nonada,nonada
1773AG,1773.0,AG,H,10,3,0.0022918258212375,rep,nonsyn,False,nonada,nonada,nonada
1774CA,1774.0,CA,E,10,4,0.0030557677616501,lys,nonsyn,False,nonada,nonada,nonada
1774CA,1774.0,CA,E,10,4,0.0030557677616501,rep,nonsyn,False,nonada,nonada,nonada
1774CA,1774.0,CA,G,10,1,0.0007639419404125,lys,nonsyn,False,nonada,nonada,nonada
1774CA,1774.0,CA,G,10,1,0.0007639419404125,rep,nonsyn,False,nonada,nonada,nonada
1774CA,1774.0,CA,H,10,3,0.0022918258212375,lys,nonsyn,False,nonada,nonada,nonada
1774CA,1774.0,CA,H,10,3,0.0022918258212375,rep,nonsyn,False,nonada,nonada,nonada
1774CT,1774.0,CT,E,10,1,0.0007639419404125,lys,nonsyn,True,nonada,nonada,nonada
1774CT,1774.0,CT,E,10,1,0.0007639419404125,rep,nonsyn,False,nonada,nonada,nonada
1775AG,1775.0,AG,H,10,1,0.0007639419404125,lys,nonsyn,False,nonada,nonada,nonada
1776AG,1776.0,AG,H,10,1,0.0007639419404125,rep,nonsyn,False,nonada,nonada,nonada
1777AC,1777.0,AC,E,10,1,0.0007639419404125,rep,nonsyn,False,nonada,nonada,nonada
1777AG,1777.0,AG,G,10,1,0.0007639419404125,lys,nonsyn,False,nonada,nonada,nonada
1777AG,1777.0,AG,G,10,1,0.0007639419404125,rep,nonsyn,False,nonada,nonada,nonada
1778GA,1778.0,GA,G,10,2,0.001527883880825,lys,nonsyn,False,nonada,nonada,nonada
1778GA,1778.0,GA,H,10,2,0.001527883880825,lys,nonsyn,False,nonada,nonada,nonada
1779AG,1779.0,AG,E,10,1,0.0007639419404125,rep,nonsyn,False,nonada,nonada,nonada
1779AG,1779.0,AG,G,10,1,0.0007639419404125,rep,nonsyn,False,nonada,nonada,nonada
177CT,177.0,CT,E,10,2,0.001527883880825,mat,syn,False,nonada,nonada,nonada
177CT,177.0,CT,H,10,1,0.0007639419404125,mat,syn,False,nonada,nonada,nonada
1780AG,1780.0,AG,H,10,1,0.0007639419404125,lys,nonsyn,False,nonada,nonada,nonada
1780AG,1780.0,AG,H,10,1,0.0007639419404125,rep,nonsyn,False,nonada,nonada,nonada
1781GA,1781.0,GA,E,10,2,0.001527883880825,lys,nonsyn,False,nonada,nonada,nonada
1782TC,1782.0,TC,E,10,2,0.001527883880825,rep,nonsyn,False,nonada,nonada,nonada
1782TC,1782.0,TC,G,10,6,0.0045836516424751,rep,nonsyn,False,nonada,nonada,nonada
1782TC,1782.0,TC,H,10,2,0.001527883880825,rep,nonsyn,False,nonada,nonada,nonada
1782TG,1782.0,TG,H,10,1,0.0007639419404125,lys,nonsyn,False,nonada,nonada,nonada
1782TG,1782.0,TG,H,10,1,0.0007639419404125,rep,nonsyn,False,nonada,nonada,nonada
1783TA,1783.0,TA,G,10,1,0.0007639419404125,lys,nonsyn,False,nonada,nonada,nonada
1783TA,1783.0,TA,G,10,1,0.0007639419404125,rep,nonsyn,False,nonada,nonada,nonada
1783TC,1783.0,TC,E,10,1,0.0007639419404125,lys,nonsyn,False,nonada,nonada,nonada
1783TC,1783.0,TC,E,10,1,0.0007639419404125,rep,nonsyn,False,nonada,nonada,nonada
1783TC,1783.0,TC,H,10,1,0.0007639419404125,lys,nonsyn,False,nonada,nonada,nonada
1783TC,1783.0,TC,H,10,1,0.0007639419404125,rep,nonsyn,False,nonada,nonada,nonada
1783TG,1783.0,TG,H,10,1,0.0007639419404125,lys,nonsyn,False,nonada,nonada,nonada
1783TG,1783.0,TG,H,10,1,0.0007639419404125,rep,nonsyn,False,nonada,nonada,nonada
1784CG,1784.0,CG,G,10,1,0.0007639419404125,lys,nonsyn,True,nonada,nonada,nonada
1784CG,1784.0,CG,G,10,1,0.0007639419404125,rep,nonsyn,False,nonada,nonada,nonada
1784CT,1784.0,CT,G,10,1,0.0007639419404125,lys,nonsyn,False,nonada,nonada,nonada
1787CT,1787.0,CT,G,10,1,0.0007639419404125,lys,nonsyn,False,nonada,nonada,nonada
1787CT,1787.0,CT,H,10,1,0.0007639419404125,lys,nonsyn,False,nonada,nonada,nonada
1788TC,1788.0,TC,E,10,16,0.0122230710466004,rep,nonsyn,False,nonada,nonada,nonada
1788TC,1788.0,TC,G,10,1,0.0007639419404125,rep,nonsyn,False,nonada,nonada,nonada
1789CT,1789.0,CT,G,10,4,0.0030557677616501,lys,nonsyn,False,nonada,nonada,nonada
1789CT,1789.0,CT,G,10,4,0.0030557677616501,rep,nonsyn,False,nonada,nonada,nonada
1789CT,1789.0,CT,H,10,3,0.0022918258212375,lys,nonsyn,False,nonada,nonada,nonada
1789CT,1789.0,CT,H,10,3,0.0022918258212375,rep,nonsyn,False,nonada,nonada,nonada
1790TC,1790.0,TC,E,10,2,0.001527883880825,lys,nonsyn,False,nonada,nonada,nonada
1790TC,1790.0,TC,G,10,53,0.040488922841864,lys,nonsyn,False,nonada,nonada,nonada
1790TC,1790.0,TC,H,10,13,0.0099312452253628,lys,nonsyn,False,nonada,nonada,nonada
1790TG,1790.0,TG,G,10,1,0.0007639419404125,lys,nonsyn,False,nonada,nonada,nonada
1792TC,1792.0,TC,H,10,1,0.0007639419404125,lys,nonsyn,False,nonada,nonada,nonada
1792TC,1792.0,TC,H,10,1,0.0007639419404125,rep,nonsyn,False,nonada,nonada,nonada
1793AG,1793.0,AG,G,10,1,0.0007639419404125,lys,nonsyn,False,nonada,nonada,nonada
1794TC,1794.0,TC,G,10,3,0.0022918258212375,rep,nonsyn,False,nonada,nonada,nonada
1794TC,1794.0,TC,H,10,1,0.0007639419404125,rep,nonsyn,False,nonada,nonada,nonada
1794TG,1794.0,TG,G,10,2,0.001527883880825,lys,nonsyn,True,nonada,nonada,nonada
1794TG,1794.0,TG,G,10,2,0.001527883880825,rep,nonsyn,False,nonada,nonada,nonada
1794TG,1794.0,TG,H,10,1,0.0007639419404125,lys,nonsyn,True,nonada,nonada,nonada
1794TG,1794.0,TG,H,10,1,0.0007639419404125,rep,nonsyn,False,nonada,nonada,nonada
1795GA,1795.0,GA,H,10,1,0.0007639419404125,lys,nonsyn,False,nonada,nonada,nonada
1795GA,1795.0,GA,H,10,1,0.0007639419404125,rep,nonsyn,False,nonada,nonada,nonada
1796TC,1796.0,TC,E,10,1,0.0007639419404125,lys,nonsyn,False,nonada,nonada,nonada
1796TC,1796.0,TC,G,10,2,0.001527883880825,lys,nonsyn,False,nonada,nonada,nonada
1796TC,1796.0,TC,H,10,1,0.0007639419404125,lys,nonsyn,False,nonada,nonada,nonada
1797AT,1797.0,AT,E,10,2,0.001527883880825,rep,nonsyn,False,nonada,nonada,nonada
1797AT,1797.0,AT,H,10,1,0.0007639419404125,rep,nonsyn,False,nonada,nonada,nonada
1798TC,1798.0,TC,H,10,1,0.0007639419404125,rep,nonsyn,False,nonada,nonada,nonada
1798TG,1798.0,TG,H,10,1,0.0007639419404125,lys,nonsyn,False,nonada,nonada,nonada
1798TG,1798.0,TG,H,10,1,0.0007639419404125,rep,nonsyn,False,nonada,nonada,nonada
1799TC,1799.0,TC,E,10,1,0.0007639419404125,lys,nonsyn,False,nonada,nonada,nonada
179CT,179.0,CT,E,10,1,0.0007639419404125,mat,nonsyn,False,nonada,nonada,nonada
179CT,179.0,CT,G,10,1,0.0007639419404125,mat,nonsyn,False,nonada,nonada,nonada
1800GA,1800.0,GA,G,10,3,0.0022918258212375,rep,nonsyn,False,nonada,nonada,nonada
1800GC,1800.0,GC,E,10,1,0.0007639419404125,lys,nonsyn,False,nonada,nonada,nonada
1800GC,1800.0,GC,E,10,1,0.0007639419404125,rep,nonsyn,False,nonada,nonada,nonada
1800GC,1800.0,GC,H,10,1,0.0007639419404125,lys,nonsyn,False,nonada,nonada,nonada
1800GC,1800.0,GC,H,10,1,0.0007639419404125,rep,nonsyn,False,nonada,nonada,nonada
1801AT,1801.0,AT,E,10,1,0.0007639419404125,lys,nonsyn,False,nonada,nonada,nonada
1801AT,1801.0,AT,E,10,1,0.0007639419404125,rep,nonsyn,False,nonada,nonada,nonada
1802TC,1802.0,TC,G,10,3,0.0022918258212375,lys,nonsyn,False,nonada,nonada,nonada
1802TC,1802.0,TC,H,10,3,0.0022918258212375,lys,nonsyn,False,nonada,nonada,nonada
1803CT,1803.0,CT,G,10,1,0.0007639419404125,rep,nonsyn,False,nonada,nonada,nonada
1803CT,1803.0,CT,H,10,1,0.0007639419404125,rep,nonsyn,False,nonada,nonada,nonada
1805TC,1805.0,TC,G,10,2,0.001527883880825,lys,nonsyn,False,nonada,nonada,nonada
1807CA,1807.0,CA,E,10,1,0.0007639419404125,lys,nonsyn,False,nonada,nonada,nonada
1807CA,1807.0,CA,E,10,1,0.0007639419404125,rep,nonsyn,False,nonada,nonada,nonada
1807CT,1807.0,CT,G,10,1,0.0007639419404125,lys,nonsyn,False,nonada,nonada,nonada
1807CT,1807.0,CT,G,10,1,0.0007639419404125,rep,nonsyn,False,nonada,nonada,nonada
1807CT,1807.0,CT,H,10,1,0.0007639419404125,lys,nonsyn,False,nonada,nonada,nonada
1807CT,1807.0,CT,H,10,1,0.0007639419404125,rep,nonsyn,False,nonada,nonada,nonada
1808TC,1808.0,TC,H,10,1,0.0007639419404125,lys,nonsyn,False,nonada,nonada,nonada
1808TG,1808.0,TG,H,10,1,0.0007639419404125,lys,nonsyn,False,nonada,nonada,nonada
1809CT,1809.0,CT,H,10,1,0.0007639419404125,rep,nonsyn,False,nonada,nonada,nonada
180CA,180.0,CA,H,10,2,0.001527883880825,mat,syn,False,nonada,nonada,nonada
180CT,180.0,CT,E,10,1,0.0007639419404125,mat,syn,False,nonada,nonada,nonada
180CT,180.0,CT,G,10,1,0.0007639419404125,mat,syn,False,nonada,nonada,nonada
180CT,180.0,CT,H,10,1,0.0007639419404125,mat,syn,False,nonada,nonada,nonada
1810GA,1810.0,GA,E,10,1,0.0007639419404125,lys,nonsyn,False,nonada,nonada,nonada
1810GA,1810.0,GA,E,10,1,0.0007639419404125,rep,nonsyn,False,nonada,nonada,nonada
1810GA,1810.0,GA,H,10,1,0.0007639419404125,lys,nonsyn,False,nonada,nonada,nonada
1810GA,1810.0,GA,H,10,1,0.0007639419404125,rep,nonsyn,False,nonada,nonada,nonada
1811CT,1811.0,CT,E,10,1,0.0007639419404125,lys,nonsyn,False,nonada,nonada,nonada
1811CT,1811.0,CT,G,10,6,0.0045836516424751,lys,nonsyn,False,nonada,nonada,nonada
1811CT,1811.0,CT,H,10,2,0.001527883880825,lys,nonsyn,False,nonada,nonada,nonada
1812GA,1812.0,GA,E,10,2,0.001527883880825,rep,nonsyn,False,nonada,nonada,nonada
1812GA,1812.0,GA,G,10,1,0.0007639419404125,rep,nonsyn,False,nonada,nonada,nonada
1812GA,1812.0,GA,H,10,1,0.0007639419404125,rep,nonsyn,False,nonada,nonada,nonada
1813AG,1813.0,AG,G,10,1,0.0007639419404125,lys,nonsyn,False,nonada,nonada,nonada
1813AG,1813.0,AG,G,10,1,0.0007639419404125,rep,nonsyn,False,nonada,nonada,nonada
1814TC,1814.0,TC,E,10,15,0.0114591291061879,lys,nonsyn,False,nonada,nonada,nonada
1814TC,1814.0,TC,H,10,1,0.0007639419404125,lys,nonsyn,False,nonada,nonada,nonada
1815CT,1815.0,CT,E,10,4,0.0030557677616501,rep,nonsyn,False,nonada,nonada,nonada
1815CT,1815.0,CT,G,10,5,0.0038197097020626,rep,nonsyn,False,nonada,nonada,nonada
1815CT,1815.0,CT,H,10,1,0.0007639419404125,rep,nonsyn,False,nonada,nonada,nonada
1817TC,1817.0,TC,E,10,2,0.001527883880825,lys,nonsyn,False,nonada,nonada,nonada
1817TC,1817.0,TC,G,10,3,0.0022918258212375,lys,nonsyn,False,nonada,nonada,nonada
1817TC,1817.0,TC,H,10,2,0.001527883880825,lys,nonsyn,False,nonada,nonada,nonada
1818TC,1818.0,TC,G,10,1,0.0007639419404125,rep,nonsyn,False,nonada,nonada,nonada
1818TG,1818.0,TG,H,10,1,0.0007639419404125,lys,nonsyn,False,nonada,nonada,nonada
1818TG,1818.0,TG,H,10,1,0.0007639419404125,rep,nonsyn,False,nonada,nonada,nonada
1819CT,1819.0,CT,E,10,16,0.0122230710466004,lys,nonsyn,False,nonada,ada,ada
1819CT,1819.0,CT,E,10,16,0.0122230710466004,rep,nonsyn,False,nonada,ada,ada
1819CT,1819.0,CT,G,10,19,0.014514896867838,lys,nonsyn,False,nonada,ada,ada
1819CT,1819.0,CT,G,10,19,0.014514896867838,rep,nonsyn,False,nonada,ada,ada
1819CT,1819.0,CT,H,10,16,0.0122230710466004,lys,nonsyn,False,nonada,ada,ada
1819CT,1819.0,CT,H,10,16,0.0122230710466004,rep,nonsyn,False,nonada,ada,ada
181GA,181.0,GA,E,10,1,0.0007639419404125,mat,nonsyn,False,nonada,nonada,nonada
181GA,181.0,GA,H,10,2,0.001527883880825,mat,nonsyn,False,nonada,nonada,nonada
181GC,181.0,GC,G,10,1,0.0007639419404125,mat,nonsyn,False,nonada,nonada,nonada
1820TC,1820.0,TC,H,10,1,0.0007639419404125,lys,nonsyn,False,nonada,nonada,nonada
1822TC,1822.0,TC,H,10,1,0.0007639419404125,lys,nonsyn,False,nonada,nonada,nonada
1822TC,1822.0,TC,H,10,1,0.0007639419404125,rep,nonsyn,False,nonada,nonada,nonada
1824GA,1824.0,GA,E,10,1,0.0007639419404125,rep,nonsyn,False,nonada,nonada,nonada
1824GA,1824.0,GA,G,10,2,0.001527883880825,rep,nonsyn,False,nonada,nonada,nonada
1824GT,1824.0,GT,G,10,1,0.0007639419404125,rep,nonsyn,True,nonada,nonada,nonada
1826AG,1826.0,AG,E,10,1,0.0007639419404125,lys,nonsyn,False,nonada,nonada,nonada
1829TC,1829.0,TC,E,10,184,0.1405653170359052,lys,nonsyn,False,ada,ada,ada
1829TC,1829.0,TC,G,10,75,0.0572956455309396,lys,nonsyn,False,ada,ada,ada
1829TC,1829.0,TC,H,10,34,0.0259740259740259,lys,nonsyn,False,ada,ada,ada
1829TG,1829.0,TG,H,10,2,0.001527883880825,lys,nonsyn,False,nonada,nonada,nonada
1829TG,1829.0,TG,H,10,2,0.001527883880825,rep,nonsyn,False,nonada,nonada,nonada
182TC,182.0,TC,G,10,1,0.0007639419404125,mat,nonsyn,False,nonada,nonada,nonada
1831AT,1831.0,AT,E,10,1,0.0007639419404125,lys,nonsyn,False,nonada,nonada,nonada
1831AT,1831.0,AT,E,10,1,0.0007639419404125,rep,nonsyn,False,nonada,nonada,nonada
1832CT,1832.0,CT,H,10,2,0.001527883880825,lys,nonsyn,False,nonada,nonada,nonada
1835AG,1835.0,AG,E,10,2,0.001527883880825,lys,nonsyn,False,nonada,nonada,nonada
1836TC,1836.0,TC,H,10,1,0.0007639419404125,rep,nonsyn,False,nonada,nonada,nonada
1837CT,1837.0,CT,E,10,1,0.0007639419404125,lys,nonsyn,True,nonada,nonada,nonada
1837CT,1837.0,CT,E,10,1,0.0007639419404125,rep,nonsyn,False,nonada,nonada,nonada
1838AG,1838.0,AG,G,10,1,0.0007639419404125,lys,nonsyn,False,nonada,nonada,nonada
1839AG,1839.0,AG,H,10,1,0.0007639419404125,rep,nonsyn,False,nonada,nonada,nonada
183TC,183.0,TC,E,10,2,0.001527883880825,mat,syn,False,nonada,nonada,nonada
183TC,183.0,TC,G,10,2,0.001527883880825,mat,syn,False,nonada,nonada,nonada
1843CA,1843.0,CA,H,10,1,0.0007639419404125,lys,nonsyn,False,nonada,nonada,nonada
1843CA,1843.0,CA,H,10,1,0.0007639419404125,rep,nonsyn,False,nonada,nonada,nonada
1845TC,1845.0,TC,G,10,1,0.0007639419404125,rep,nonsyn,False,nonada,nonada,nonada
1846CG,1846.0,CG,G,10,1,0.0007639419404125,lys,nonsyn,False,nonada,nonada,nonada
1846CG,1846.0,CG,G,10,1,0.0007639419404125,rep,nonsyn,False,nonada,nonada,nonada
1846CT,1846.0,CT,G,10,1,0.0007639419404125,rep,nonsyn,False,nonada,nonada,nonada
1846CT,1846.0,CT,H,10,1,0.0007639419404125,rep,nonsyn,False,nonada,nonada,nonada
1847TA,1847.0,TA,G,10,1,0.0007639419404125,lys,nonsyn,False,nonada,nonada,nonada
1847TG,1847.0,TG,H,10,1,0.0007639419404125,lys,nonsyn,False,nonada,nonada,nonada
1849TC,1849.0,TC,E,10,1,0.0007639419404125,lys,nonsyn,False,nonada,nonada,nonada
1849TC,1849.0,TC,E,10,1,0.0007639419404125,rep,nonsyn,False,nonada,nonada,nonada
1849TC,1849.0,TC,G,10,2,0.001527883880825,lys,nonsyn,False,nonada,nonada,nonada
1849TC,1849.0,TC,G,10,2,0.001527883880825,rep,nonsyn,False,nonada,nonada,nonada
184CT,184.0,CT,E,10,2,0.001527883880825,mat,nonsyn,False,nonada,nonada,nonada
1851GA,1851.0,GA,E,10,1,0.0007639419404125,rep,nonsyn,False,nonada,nonada,nonada
1853TC,1853.0,TC,G,10,1,0.0007639419404125,lys,nonsyn,False,nonada,nonada,nonada
1853TG,1853.0,TG,E,10,1,0.0007639419404125,lys,nonsyn,False,nonada,nonada,nonada
1854AG,1854.0,AG,E,10,1,0.0007639419404125,rep,nonsyn,False,nonada,nonada,nonada
1854AG,1854.0,AG,G,10,1,0.0007639419404125,rep,nonsyn,False,nonada,nonada,nonada
1855CT,1855.0,CT,G,10,2,0.001527883880825,rep,nonsyn,False,nonada,nonada,nonada
1856TG,1856.0,TG,H,10,1,0.0007639419404125,lys,nonsyn,False,nonada,nonada,nonada
1857GA,1857.0,GA,G,10,1,0.0007639419404125,rep,nonsyn,False,nonada,nonada,nonada
1859AG,1859.0,AG,E,10,2,0.001527883880825,lys,nonsyn,False,nonada,nonada,nonada
1859AG,1859.0,AG,H,10,1,0.0007639419404125,lys,nonsyn,False,nonada,nonada,nonada
1860AG,1860.0,AG,E,10,1,0.0007639419404125,rep,nonsyn,False,nonada,nonada,nonada
1861GA,1861.0,GA,E,10,3,0.0022918258212375,lys,nonsyn,False,nonada,nonada,nonada
1861GA,1861.0,GA,E,10,3,0.0022918258212375,rep,nonsyn,False,nonada,nonada,nonada
1864GA,1864.0,GA,G,10,2,0.001527883880825,lys,nonsyn,False,nonada,nonada,nonada
1864GA,1864.0,GA,G,10,2,0.001527883880825,rep,nonsyn,False,nonada,nonada,nonada
1865TG,1865.0,TG,E,10,1,0.0007639419404125,lys,nonsyn,False,nonada,nonada,nonada
1865TG,1865.0,TG,G,10,1,0.0007639419404125,lys,nonsyn,False,nonada,nonada,nonada
1866GA,1866.0,GA,E,10,1,0.0007639419404125,rep,nonsyn,False,nonada,nonada,nonada
1866GA,1866.0,GA,G,10,3,0.0022918258212375,rep,nonsyn,False,nonada,nonada,nonada
1866GT,1866.0,GT,G,10,2,0.001527883880825,rep,nonsyn,False,nonada,nonada,nonada
1866GT,1866.0,GT,H,10,1,0.0007639419404125,rep,nonsyn,False,nonada,nonada,nonada
1868TC,1868.0,TC,E,10,1,0.0007639419404125,lys,nonsyn,False,nonada,nonada,nonada
186CT,186.0,CT,H,10,1,0.0007639419404125,mat,syn,False,nonada,nonada,nonada
1871GA,1871.0,GA,E,10,1,0.0007639419404125,lys,nonsyn,False,nonada,nonada,nonada
1871GA,1871.0,GA,G,10,1,0.0007639419404125,lys,nonsyn,False,nonada,nonada,nonada
1872CA,1872.0,CA,E,10,1,0.0007639419404125,rep,nonsyn,False,nonada,nonada,nonada
1872CT,1872.0,CT,G,10,1,0.0007639419404125,rep,nonsyn,False,nonada,nonada,nonada
1873AG,1873.0,AG,E,10,8,0.0061115355233002,lys,nonsyn,False,nonada,nonada,nonada
1873AG,1873.0,AG,E,10,8,0.0061115355233002,rep,nonsyn,False,nonada,nonada,nonada
1875AG,1875.0,AG,E,10,1,0.0007639419404125,rep,nonsyn,False,nonada,nonada,nonada
1878GA,1878.0,GA,G,10,1,0.0007639419404125,rep,nonsyn,False,nonada,nonada,nonada
1878GA,1878.0,GA,H,10,1,0.0007639419404125,rep,nonsyn,False,nonada,nonada,nonada
1878GT,1878.0,GT,G,10,1,0.0007639419404125,rep,nonsyn,False,nonada,nonada,nonada
1879AG,1879.0,AG,G,10,2,0.001527883880825,lys,nonsyn,False,nonada,nonada,nonada
1879AG,1879.0,AG,G,10,2,0.001527883880825,rep,nonsyn,False,nonada,nonada,nonada
1879AG,1879.0,AG,H,10,2,0.001527883880825,lys,nonsyn,False,nonada,nonada,nonada
1879AG,1879.0,AG,H,10,2,0.001527883880825,rep,nonsyn,False,nonada,nonada,nonada
187GA,187.0,GA,E,10,2,0.001527883880825,mat,nonsyn,False,nonada,nonada,nonada
1880CT,1880.0,CT,E,10,1,0.0007639419404125,lys,nonsyn,False,nonada,nonada,nonada
1880CT,1880.0,CT,G,10,2,0.001527883880825,lys,nonsyn,False,nonada,nonada,nonada
1880CT,1880.0,CT,H,10,1,0.0007639419404125,lys,nonsyn,False,nonada,nonada,nonada
1881GA,1881.0,GA,G,10,1,0.0007639419404125,rep,nonsyn,False,nonada,nonada,nonada
1883CT,1883.0,CT,E,10,4,0.0030557677616501,lys,nonsyn,False,nonada,nonada,nonada
1883CT,1883.0,CT,G,10,5,0.0038197097020626,lys,nonsyn,False,nonada,nonada,nonada
1883CT,1883.0,CT,H,10,1,0.0007639419404125,lys,nonsyn,False,nonada,nonada,nonada
1884TC,1884.0,TC,G,10,1,0.0007639419404125,rep,nonsyn,False,nonada,nonada,nonada
1885TC,1885.0,TC,E,10,1,0.0007639419404125,rep,nonsyn,False,nonada,nonada,nonada
1886TC,1886.0,TC,G,10,1,0.0007639419404125,lys,nonsyn,False,nonada,nonada,nonada
1888CT,1888.0,CT,E,10,1,0.0007639419404125,lys,nonsyn,True,nonada,nonada,nonada
1888CT,1888.0,CT,E,10,1,0.0007639419404125,rep,nonsyn,False,nonada,nonada,nonada
1889AG,1889.0,AG,E,10,19,0.014514896867838,lys,nonsyn,False,nonada,nonada,nonada
1889AG,1889.0,AG,G,10,4,0.0030557677616501,lys,nonsyn,False,nonada,nonada,nonada
1889AG,1889.0,AG,H,10,1,0.0007639419404125,lys,nonsyn,False,nonada,nonada,nonada
188TC,188.0,TC,E,10,1,0.0007639419404125,mat,nonsyn,False,nonada,nonada,nonada
188TC,188.0,TC,G,10,2,0.001527883880825,mat,nonsyn,False,nonada,nonada,nonada
1891CT,1891.0,CT,E,10,1,0.0007639419404125,lys,nonsyn,True,nonada,nonada,nonada
1891CT,1891.0,CT,E,10,1,0.0007639419404125,rep,nonsyn,False,nonada,nonada,nonada
1892AG,1892.0,AG,E,10,1,0.0007639419404125,lys,nonsyn,False,nonada,nonada,nonada
1892AG,1892.0,AG,G,10,3,0.0022918258212375,lys,nonsyn,False,nonada,nonada,nonada
1892AG,1892.0,AG,H,10,2,0.001527883880825,lys,nonsyn,False,nonada,nonada,nonada
1893AG,1893.0,AG,G,10,2,0.001527883880825,rep,nonsyn,False,nonada,nonada,nonada
1894TC,1894.0,TC,H,10,1,0.0007639419404125,rep,nonsyn,False,nonada,nonada,nonada
1895TC,1895.0,TC,E,10,1,0.0007639419404125,lys,nonsyn,False,nonada,nonada,nonada
1895TG,1895.0,TG,G,10,1,0.0007639419404125,lys,nonsyn,False,nonada,nonada,nonada
1895TG,1895.0,TG,G,10,1,0.0007639419404125,rep,nonsyn,False,nonada,nonada,nonada
1896GA,1896.0,GA,E,10,2,0.001527883880825,rep,nonsyn,False,nonada,nonada,nonada
1896GA,1896.0,GA,G,10,1,0.0007639419404125,rep,nonsyn,False,nonada,nonada,nonada
1896GT,1896.0,GT,E,10,6,0.0045836516424751,lys,nonsyn,False,nonada,nonada,nonada
1896GT,1896.0,GT,E,10,6,0.0045836516424751,rep,nonsyn,False,nonada,nonada,nonada
1896GT,1896.0,GT,G,10,1,0.0007639419404125,lys,nonsyn,False,nonada,nonada,nonada
1896GT,1896.0,GT,G,10,1,0.0007639419404125,rep,nonsyn,False,nonada,nonada,nonada
1897CA,1897.0,CA,G,10,1,0.0007639419404125,lys,nonsyn,False,nonada,nonada,nonada
1897CA,1897.0,CA,G,10,1,0.0007639419404125,rep,nonsyn,False,nonada,nonada,nonada
1897CG,1897.0,CG,G,10,1,0.0007639419404125,lys,nonsyn,False,nonada,nonada,nonada
1897CG,1897.0,CG,G,10,1,0.0007639419404125,rep,nonsyn,False,nonada,nonada,nonada
1899TC,1899.0,TC,H,10,1,0.0007639419404125,rep,nonsyn,False,nonada,nonada,nonada
189TC,189.0,TC,H,10,1,0.0007639419404125,mat,syn,False,nonada,nonada,nonada
1901CT,1901.0,CT,E,10,2,0.001527883880825,lys,nonsyn,False,nonada,nonada,nonada
1901CT,1901.0,CT,H,10,3,0.0022918258212375,lys,nonsyn,False,nonada,nonada,nonada
1905AG,1905.0,AG,E,10,1,0.0007639419404125,rep,nonsyn,False,nonada,nonada,nonada
1906GA,1906.0,GA,E,10,1,0.0007639419404125,rep,nonsyn,False,nonada,nonada,nonada
1908GA,1908.0,GA,G,10,1,0.0007639419404125,rep,nonsyn,False,nonada,nonada,nonada
1908GT,1908.0,GT,H,10,1,0.0007639419404125,rep,nonsyn,False,nonada,nonada,nonada
1910CT,1910.0,CT,G,10,2,0.001527883880825,rep,syn,False,nonada,nonada,nonada
1911GA,1911.0,GA,G,10,2,0.001527883880825,rep,nonsyn,False,nonada,nonada,nonada
1912AG,1912.0,AG,G,10,16,0.0122230710466004,rep,nonsyn,False,nonada,nonada,nonada
1912AG,1912.0,AG,H,10,3,0.0022918258212375,rep,nonsyn,False,nonada,nonada,nonada
1914TC,1914.0,TC,G,10,1,0.0007639419404125,rep,syn,False,nonada,nonada,nonada
1915TC,1915.0,TC,G,10,1,0.0007639419404125,rep,nonsyn,False,nonada,nonada,nonada
1916GT,1916.0,GT,E,10,1,0.0007639419404125,rep,nonsyn,False,nonada,nonada,nonada
1917CT,1917.0,CT,H,10,1,0.0007639419404125,rep,nonsyn,False,nonada,nonada,nonada
1918TC,1918.0,TC,E,10,1,0.0007639419404125,rep,nonsyn,False,nonada,nonada,nonada
1918TG,1918.0,TG,G,10,1,0.0007639419404125,rep,nonsyn,False,nonada,nonada,nonada
1919CG,1919.0,CG,E,10,2,0.001527883880825,rep,syn,False,nonada,nonada,nonada
1919CG,1919.0,CG,H,10,1,0.0007639419404125,rep,syn,False,nonada,nonada,nonada
1919CT,1919.0,CT,E,10,8,0.0061115355233002,rep,syn,False,nonada,nonada,nonada
1919CT,1919.0,CT,G,10,1,0.0007639419404125,rep,syn,False,nonada,nonada,nonada
1920AG,1920.0,AG,E,10,2,0.001527883880825,rep,nonsyn,False,nonada,nonada,nonada
1921CT,1921.0,CT,G,10,4,0.0030557677616501,rep,nonsyn,False,nonada,nonada,nonada
1922AG,1922.0,AG,E,10,1,0.0007639419404125,rep,syn,False,nonada,nonada,nonada
1922AG,1922.0,AG,G,10,1,0.0007639419404125,rep,syn,False,nonada,nonada,nonada
1923AG,1923.0,AG,G,10,1,0.0007639419404125,rep,nonsyn,False,nonada,nonada,nonada
1926CT,1926.0,CT,G,10,1,0.0007639419404125,rep,nonsyn,False,nonada,nonada,nonada
1927AG,1927.0,AG,E,10,1,0.0007639419404125,rep,nonsyn,False,nonada,nonada,nonada
1928TC,1928.0,TC,G,10,1,0.0007639419404125,rep,syn,False,nonada,nonada,nonada
192CT,192.0,CT,E,10,1,0.0007639419404125,mat,syn,False,nonada,nonada,nonada
192CT,192.0,CT,G,10,1,0.0007639419404125,mat,syn,False,nonada,nonada,nonada
192CT,192.0,CT,H,10,1,0.0007639419404125,mat,syn,False,nonada,nonada,nonada
1931GT,1931.0,GT,G,10,1,0.0007639419404125,rep,syn,False,nonada,nonada,nonada
1933CA,1933.0,CA,E,10,2,0.001527883880825,rep,nonsyn,False,nonada,nonada,nonada
1933CT,1933.0,CT,G,10,2,0.001527883880825,rep,nonsyn,False,nonada,nonada,nonada
1934CT,1934.0,CT,G,10,1,0.0007639419404125,rep,syn,False,nonada,nonada,nonada
1935TC,1935.0,TC,G,10,2,0.001527883880825,rep,syn,False,nonada,nonada,nonada
1939GT,1939.0,GT,E,10,1,0.0007639419404125,rep,nonsyn,False,nonada,nonada,nonada
193GT,193.0,GT,G,10,1,0.0007639419404125,mat,nonsyn,False,nonada,nonada,nonada
1941TC,1941.0,TC,E,10,4,0.0030557677616501,rep,nonsyn,False,nonada,nonada,nonada
1941TC,1941.0,TC,G,10,4,0.0030557677616501,rep,nonsyn,False,nonada,nonada,nonada
1943TC,1943.0,TC,H,10,1,0.0007639419404125,rep,syn,False,nonada,nonada,nonada
1943TG,1943.0,TG,H,10,2,0.001527883880825,rep,syn,False,nonada,nonada,nonada
1944GA,1944.0,GA,H,10,2,0.001527883880825,rep,nonsyn,False,nonada,nonada,nonada
1945GA,1945.0,GA,H,10,1,0.0007639419404125,rep,nonsyn,False,nonada,nonada,nonada
1946TA,1946.0,TA,H,10,1,0.0007639419404125,rep,syn,False,nonada,nonada,nonada
1946TG,1946.0,TG,E,10,1,0.0007639419404125,rep,syn,False,nonada,nonada,nonada
1948AG,1948.0,AG,E,10,1,0.0007639419404125,rep,nonsyn,False,nonada,nonada,nonada
1948AG,1948.0,AG,G,10,1,0.0007639419404125,rep,nonsyn,False,nonada,nonada,nonada
1948AT,1948.0,AT,G,10,1,0.0007639419404125,rep,nonsyn,False,nonada,nonada,nonada
1949TC,1949.0,TC,E,10,1,0.0007639419404125,rep,syn,False,nonada,nonada,nonada
1949TC,1949.0,TC,H,10,1,0.0007639419404125,rep,syn,False,nonada,nonada,nonada
194CT,194.0,CT,H,10,1,0.0007639419404125,mat,nonsyn,False,nonada,nonada,nonada
1950GA,1950.0,GA,E,10,2,0.001527883880825,rep,nonsyn,False,nonada,nonada,nonada
1950GA,1950.0,GA,G,10,1,0.0007639419404125,rep,nonsyn,False,nonada,nonada,nonada
1951AG,1951.0,AG,G,10,1,0.0007639419404125,rep,nonsyn,False,nonada,nonada,nonada
1952CT,1952.0,CT,G,10,1,0.0007639419404125,rep,syn,False,nonada,nonada,nonada
1952CT,1952.0,CT,H,10,1,0.0007639419404125,rep,syn,False,nonada,nonada,nonada
1954AG,1954.0,AG,E,10,3,0.0022918258212375,rep,nonsyn,False,nonada,nonada,nonada
1954AG,1954.0,AG,H,10,1,0.0007639419404125,rep,nonsyn,False,nonada,nonada,nonada
1955GT,1955.0,GT,H,10,1,0.0007639419404125,rep,nonsyn,False,nonada,nonada,nonada
1956GA,1956.0,GA,E,10,1,0.0007639419404125,rep,nonsyn,False,nonada,nonada,nonada
1957CT,1957.0,CT,G,10,1,0.0007639419404125,rep,nonsyn,False,nonada,nonada,nonada
1959AT,1959.0,AT,G,10,1,0.0007639419404125,rep,nonsyn,False,nonada,nonada,nonada
195GA,195.0,GA,E,10,2,0.001527883880825,mat,syn,False,nonada,nonada,nonada
195GA,195.0,GA,G,10,1,0.0007639419404125,mat,syn,False,nonada,nonada,nonada
195GA,195.0,GA,H,10,4,0.0030557677616501,mat,syn,False,nonada,nonada,nonada
1960CT,1960.0,CT,G,10,4,0.0030557677616501,rep,nonsyn,False,nonada,nonada,nonada
1960CT,1960.0,CT,H,10,1,0.0007639419404125,rep,nonsyn,False,nonada,nonada,nonada
1964TC,1964.0,TC,E,10,1,0.0007639419404125,rep,syn,False,nonada,nonada,nonada
1964TC,1964.0,TC,H,10,1,0.0007639419404125,rep,syn,False,nonada,nonada,nonada
1965CA,1965.0,CA,H,10,1,0.0007639419404125,rep,nonsyn,False,nonada,nonada,nonada
1965CT,1965.0,CT,H,10,1,0.0007639419404125,rep,nonsyn,False,nonada,nonada,nonada
1966GT,1966.0,GT,E,10,1,0.0007639419404125,rep,nonsyn,False,nonada,nonada,nonada
1967TC,1967.0,TC,E,10,2,0.001527883880825,rep,syn,False,nonada,nonada,nonada
1967TC,1967.0,TC,G,10,1,0.0007639419404125,rep,syn,False,nonada,nonada,nonada
1968AC,1968.0,AC,G,10,3,0.0022918258212375,rep,nonsyn,False,nonada,nonada,nonada
1968AC,1968.0,AC,H,10,4,0.0030557677616501,rep,nonsyn,False,nonada,nonada,nonada
1968AG,1968.0,AG,E,10,2,0.001527883880825,rep,nonsyn,False,nonada,nonada,nonada
1968AG,1968.0,AG,G,10,2,0.001527883880825,rep,nonsyn,False,nonada,nonada,nonada
1968AG,1968.0,AG,H,10,2,0.001527883880825,rep,nonsyn,False,nonada,nonada,nonada
1968AT,1968.0,AT,E,10,3,0.0022918258212375,rep,nonsyn,False,nonada,nonada,nonada
1968AT,1968.0,AT,G,10,1,0.0007639419404125,rep,nonsyn,False,nonada,nonada,nonada
1968AT,1968.0,AT,H,10,2,0.001527883880825,rep,nonsyn,False,nonada,nonada,nonada
1969CT,1969.0,CT,E,10,1,0.0007639419404125,rep,nonsyn,False,nonada,nonada,nonada
1969CT,1969.0,CT,G,10,2,0.001527883880825,rep,nonsyn,False,nonada,nonada,nonada
196GA,196.0,GA,E,10,2,0.001527883880825,mat,nonsyn,False,nonada,nonada,nonada
1970CT,1970.0,CT,E,10,1,0.0007639419404125,rep,syn,False,nonada,nonada,nonada
1970CT,1970.0,CT,G,10,1,0.0007639419404125,rep,syn,False,nonada,nonada,nonada
1970CT,1970.0,CT,H,10,2,0.001527883880825,rep,syn,False,nonada,nonada,nonada
1971TC,1971.0,TC,E,10,1,0.0007639419404125,rep,syn,False,nonada,nonada,nonada
1972TC,1972.0,TC,G,10,1,0.0007639419404125,rep,nonsyn,False,nonada,nonada,nonada
1973AG,1973.0,AG,E,10,1,0.0007639419404125,rep,syn,False,nonada,nonada,nonada
1974GA,1974.0,GA,G,10,1,0.0007639419404125,rep,nonsyn,False,nonada,nonada,nonada
1975CT,1975.0,CT,H,10,1,0.0007639419404125,rep,nonsyn,False,nonada,nonada,nonada
1976TC,1976.0,TC,G,10,1,0.0007639419404125,rep,syn,False,nonada,nonada,nonada
1976TG,1976.0,TG,E,10,1,0.0007639419404125,rep,syn,False,nonada,nonada,nonada
1976TG,1976.0,TG,H,10,4,0.0030557677616501,rep,syn,False,nonada,nonada,nonada
1977AG,1977.0,AG,G,10,2,0.001527883880825,rep,nonsyn,False,nonada,nonada,nonada
1977AG,1977.0,AG,H,10,2,0.001527883880825,rep,nonsyn,False,nonada,nonada,nonada
1978TC,1978.0,TC,E,10,1,0.0007639419404125,rep,nonsyn,False,nonada,nonada,nonada
1979CA,1979.0,CA,E,10,1,0.0007639419404125,rep,syn,False,nonada,nonada,nonada
1979CA,1979.0,CA,H,10,3,0.0022918258212375,rep,syn,False,nonada,nonada,nonada
1979CT,1979.0,CT,E,10,1,0.0007639419404125,rep,syn,False,nonada,nonada,nonada
1979CT,1979.0,CT,G,10,2,0.001527883880825,rep,syn,False,nonada,nonada,nonada
197AG,197.0,AG,G,10,2,0.001527883880825,mat,nonsyn,False,nonada,nonada,nonada
1981CT,1981.0,CT,G,10,1,0.0007639419404125,rep,nonsyn,False,nonada,nonada,nonada
1981CT,1981.0,CT,H,10,1,0.0007639419404125,rep,nonsyn,False,nonada,nonada,nonada
1984AG,1984.0,AG,G,10,1,0.0007639419404125,rep,nonsyn,False,nonada,nonada,nonada
1985GC,1985.0,GC,G,10,1,0.0007639419404125,rep,nonsyn,False,nonada,nonada,nonada
1986CT,1986.0,CT,H,10,1,0.0007639419404125,rep,syn,False,nonada,nonada,nonada
1987TC,1987.0,TC,E,10,1,0.0007639419404125,rep,nonsyn,False,nonada,nonada,nonada
1987TC,1987.0,TC,H,10,1,0.0007639419404125,rep,nonsyn,False,nonada,nonada,nonada
1987TG,1987.0,TG,G,10,1,0.0007639419404125,rep,nonsyn,False,nonada,nonada,nonada
1988AG,1988.0,AG,E,10,1,0.0007639419404125,rep,syn,False,nonada,nonada,nonada
1988AG,1988.0,AG,G,10,1,0.0007639419404125,rep,syn,False,nonada,nonada,nonada
1989CA,1989.0,CA,E,10,1,0.0007639419404125,rep,syn,False,nonada,nonada,nonada
1989CG,1989.0,CG,E,10,1,0.0007639419404125,rep,nonsyn,False,nonada,nonada,nonada
1989CG,1989.0,CG,G,10,1,0.0007639419404125,rep,nonsyn,False,nonada,nonada,nonada
1989CG,1989.0,CG,H,10,2,0.001527883880825,rep,nonsyn,False,nonada,nonada,nonada
1989CT,1989.0,CT,E,10,2,0.001527883880825,rep,nonsyn,False,nonada,nonada,nonada
198CT,198.0,CT,E,10,2,0.001527883880825,mat,syn,False,nonada,nonada,nonada
1990GA,1990.0,GA,E,10,1,0.0007639419404125,rep,nonsyn,False,nonada,nonada,nonada
1991GA,1991.0,GA,E,10,1,0.0007639419404125,rep,syn,False,nonada,nonada,nonada
1991GA,1991.0,GA,G,10,1,0.0007639419404125,rep,syn,False,nonada,nonada,nonada
1991GA,1991.0,GA,H,10,1,0.0007639419404125,rep,syn,False,nonada,nonada,nonada
1992GA,1992.0,GA,G,10,2,0.001527883880825,rep,nonsyn,False,nonada,nonada,nonada
1992GA,1992.0,GA,H,10,1,0.0007639419404125,rep,nonsyn,False,nonada,nonada,nonada
1993AG,1993.0,AG,E,10,2,0.001527883880825,rep,nonsyn,False,nonada,nonada,nonada
1993AG,1993.0,AG,G,10,1,0.0007639419404125,rep,nonsyn,False,nonada,nonada,nonada
1993AG,1993.0,AG,H,10,1,0.0007639419404125,rep,nonsyn,False,nonada,nonada,nonada
1994GA,1994.0,GA,E,10,1,0.0007639419404125,rep,syn,False,nonada,nonada,nonada
1994GA,1994.0,GA,G,10,2,0.001527883880825,rep,syn,False,nonada,nonada,nonada
1994GT,1994.0,GT,H,10,1,0.0007639419404125,rep,nonsyn,False,nonada,nonada,nonada
1996CG,1996.0,CG,E,10,1,0.0007639419404125,rep,nonsyn,False,nonada,nonada,nonada
1996CG,1996.0,CG,G,10,1,0.0007639419404125,rep,nonsyn,False,nonada,nonada,nonada
1996CG,1996.0,CG,H,10,1,0.0007639419404125,rep,nonsyn,False,nonada,nonada,nonada
1996CT,1996.0,CT,E,10,1,0.0007639419404125,rep,nonsyn,False,nonada,nonada,nonada
1996CT,1996.0,CT,G,10,2,0.001527883880825,rep,nonsyn,False,nonada,nonada,nonada
1997GA,1997.0,GA,G,10,1,0.0007639419404125,rep,syn,False,nonada,nonada,nonada
1997GC,1997.0,GC,E,10,1,0.0007639419404125,rep,syn,False,nonada,nonada,nonada
1997GT,1997.0,GT,H,10,1,0.0007639419404125,rep,syn,False,nonada,nonada,nonada
1998AT,1998.0,AT,G,10,1,0.0007639419404125,rep,nonsyn,False,nonada,nonada,nonada
199GA,199.0,GA,E,10,1,0.0007639419404125,mat,nonsyn,False,nonada,nonada,nonada
2000TC,2000.0,TC,G,10,3,0.0022918258212375,rep,syn,False,nonada,nonada,nonada
2001GT,2001.0,GT,E,10,1,0.0007639419404125,rep,nonsyn,False,nonada,nonada,nonada
2002AG,2002.0,AG,G,10,2,0.001527883880825,rep,nonsyn,False,nonada,nonada,nonada
2005GA,2005.0,GA,G,10,1,0.0007639419404125,rep,nonsyn,False,nonada,nonada,nonada
2005GT,2005.0,GT,E,10,1,0.0007639419404125,rep,nonsyn,False,nonada,nonada,nonada
2006GA,2006.0,GA,E,10,1,0.0007639419404125,rep,syn,False,nonada,nonada,nonada
2007TC,2007.0,TC,E,10,1,0.0007639419404125,rep,nonsyn,False,nonada,nonada,nonada
2007TG,2007.0,TG,G,10,1,0.0007639419404125,rep,nonsyn,False,nonada,nonada,nonada
2008GT,2008.0,GT,H,10,1,0.0007639419404125,rep,nonsyn,False,nonada,nonada,nonada
2009CG,2009.0,CG,E,10,3,0.0022918258212375,rep,nonsyn,False,nonada,nonada,nonada
2009CG,2009.0,CG,G,10,2,0.001527883880825,rep,nonsyn,False,nonada,nonada,nonada
2009CT,2009.0,CT,E,10,2,0.001527883880825,rep,syn,False,nonada,nonada,nonada
2009CT,2009.0,CT,G,10,2,0.001527883880825,rep,syn,False,nonada,nonada,nonada
2009CT,2009.0,CT,H,10,2,0.001527883880825,rep,syn,False,nonada,nonada,nonada
200GT,200.0,GT,G,10,2,0.001527883880825,mat,nonsyn,False,nonada,nonada,nonada
2010GC,2010.0,GC,G,10,1,0.0007639419404125,rep,nonsyn,False,nonada,nonada,nonada
2012TC,2012.0,TC,G,10,1,0.0007639419404125,rep,syn,False,nonada,nonada,nonada
2016AG,2016.0,AG,E,10,2,0.001527883880825,rep,nonsyn,False,nonada,nonada,nonada
2016AG,2016.0,AG,G,10,1,0.0007639419404125,rep,nonsyn,False,nonada,nonada,nonada
2016AG,2016.0,AG,H,10,1,0.0007639419404125,rep,nonsyn,False,nonada,nonada,nonada
2017TA,2017.0,TA,G,10,2,0.001527883880825,rep,nonsyn,False,nonada,nonada,nonada
2017TC,2017.0,TC,E,10,1,0.0007639419404125,rep,nonsyn,False,nonada,nonada,nonada
2017TC,2017.0,TC,H,10,1,0.0007639419404125,rep,nonsyn,False,nonada,nonada,nonada
2019AG,2019.0,AG,G,10,1,0.0007639419404125,rep,nonsyn,False,nonada,nonada,nonada
2019AG,2019.0,AG,H,10,1,0.0007639419404125,rep,nonsyn,False,nonada,nonada,nonada
201TC,201.0,TC,E,10,1,0.0007639419404125,mat,syn,False,nonada,nonada,nonada
201TC,201.0,TC,H,10,2,0.001527883880825,mat,syn,False,nonada,nonada,nonada
201TG,201.0,TG,E,10,1,0.0007639419404125,mat,syn,False,nonada,nonada,nonada
201TG,201.0,TG,G,10,1,0.0007639419404125,mat,syn,False,nonada,nonada,nonada
2021TA,2021.0,TA,H,10,2,0.001527883880825,rep,nonsyn,False,nonada,nonada,nonada
2021TC,2021.0,TC,E,10,1,0.0007639419404125,rep,syn,False,nonada,nonada,nonada
2021TG,2021.0,TG,G,10,1,0.0007639419404125,rep,nonsyn,False,nonada,nonada,nonada
2023GA,2023.0,GA,G,10,1,0.0007639419404125,rep,nonsyn,False,nonada,nonada,nonada
2023GA,2023.0,GA,H,10,2,0.001527883880825,rep,nonsyn,False,nonada,nonada,nonada
2024AG,2024.0,AG,G,10,2,0.001527883880825,rep,syn,False,nonada,nonada,nonada
2025GA,2025.0,GA,E,10,2,0.001527883880825,rep,nonsyn,False,nonada,nonada,nonada
2025GA,2025.0,GA,G,10,1,0.0007639419404125,rep,nonsyn,False,nonada,nonada,nonada
2025GC,2025.0,GC,G,10,1,0.0007639419404125,rep,nonsyn,False,nonada,nonada,nonada
2026AG,2026.0,AG,G,10,1,0.0007639419404125,rep,nonsyn,False,nonada,nonada,nonada
2026AG,2026.0,AG,H,10,1,0.0007639419404125,rep,nonsyn,False,nonada,nonada,nonada
2027AG,2027.0,AG,H,10,1,0.0007639419404125,rep,syn,False,nonada,nonada,nonada
2028GA,2028.0,GA,E,10,1,0.0007639419404125,rep,nonsyn,False,nonada,nonada,nonada
2028GA,2028.0,GA,H,10,1,0.0007639419404125,rep,nonsyn,False,nonada,nonada,nonada
2029GT,2029.0,GT,E,10,6,0.0045836516424751,rep,nonsyn,False,nonada,nonada,nonada
2029GT,2029.0,GT,G,10,1,0.0007639419404125,rep,nonsyn,False,nonada,nonada,nonada
2029GT,2029.0,GT,H,10,1,0.0007639419404125,rep,nonsyn,False,nonada,nonada,nonada
202GA,202.0,GA,E,10,1,0.0007639419404125,mat,nonsyn,False,nonada,nonada,nonada
202GA,202.0,GA,H,10,1,0.0007639419404125,mat,nonsyn,False,nonada,nonada,nonada
2030TA,2030.0,TA,G,10,1,0.0007639419404125,rep,syn,False,nonada,nonada,nonada
2031TC,2031.0,TC,E,10,2,0.001527883880825,rep,nonsyn,False,nonada,nonada,nonada
2037CT,2037.0,CT,E,10,1,0.0007639419404125,rep,nonsyn,False,nonada,nonada,nonada
2037CT,2037.0,CT,G,10,1,0.0007639419404125,rep,nonsyn,False,nonada,nonada,nonada
203AG,203.0,AG,E,10,3,0.0022918258212375,mat,nonsyn,False,nonada,nonada,nonada
203AG,203.0,AG,G,10,1,0.0007639419404125,mat,nonsyn,False,nonada,nonada,nonada
2040GA,2040.0,GA,G,10,1,0.0007639419404125,rep,nonsyn,False,nonada,nonada,nonada
2041AG,2041.0,AG,E,10,1,0.0007639419404125,rep,nonsyn,False,nonada,nonada,nonada
2041AG,2041.0,AG,H,10,1,0.0007639419404125,rep,nonsyn,False,nonada,nonada,nonada
2044AG,2044.0,AG,E,10,1,0.0007639419404125,rep,nonsyn,False,nonada,nonada,nonada
2044AG,2044.0,AG,G,10,1,0.0007639419404125,rep,nonsyn,False,nonada,nonada,nonada
2046TC,2046.0,TC,H,10,1,0.0007639419404125,rep,nonsyn,False,nonada,nonada,nonada
2047CT,2047.0,CT,G,10,1,0.0007639419404125,rep,nonsyn,False,nonada,nonada,nonada
2048CT,2048.0,CT,G,10,1,0.0007639419404125,rep,syn,False,nonada,nonada,nonada
2052TC,2052.0,TC,E,10,1,0.0007639419404125,rep,nonsyn,False,nonada,nonada,nonada
2053CT,2053.0,CT,H,10,3,0.0022918258212375,rep,nonsyn,False,nonada,nonada,nonada
205AG,205.0,AG,E,10,2,0.001527883880825,mat,nonsyn,False,nonada,nonada,nonada
205AG,205.0,AG,G,10,1,0.0007639419404125,mat,nonsyn,False,nonada,nonada,nonada
2060TC,2060.0,TC,H,10,1,0.0007639419404125,rep,syn,False,nonada,nonada,nonada
2061CG,2061.0,CG,E,10,1,0.0007639419404125,rep,nonsyn,False,nonada,nonada,nonada
2062CT,2062.0,CT,G,10,1,0.0007639419404125,rep,nonsyn,False,nonada,nonada,nonada
2063GA,2063.0,GA,G,10,1,0.0007639419404125,rep,syn,False,nonada,nonada,nonada
2067GT,2067.0,GT,G,10,1,0.0007639419404125,rep,nonsyn,False,nonada,nonada,nonada
206CT,206.0,CT,E,10,2,0.001527883880825,mat,nonsyn,False,nonada,nonada,nonada
206CT,206.0,CT,H,10,1,0.0007639419404125,mat,nonsyn,False,nonada,nonada,nonada
2075AG,2075.0,AG,H,10,1,0.0007639419404125,rep,syn,False,nonada,nonada,nonada
2077CG,2077.0,CG,H,10,1,0.0007639419404125,rep,nonsyn,False,nonada,nonada,nonada
207TC,207.0,TC,E,10,1,0.0007639419404125,mat,syn,False,nonada,nonada,nonada
207TC,207.0,TC,G,10,1,0.0007639419404125,mat,syn,False,nonada,nonada,nonada
207TC,207.0,TC,H,10,1,0.0007639419404125,mat,syn,False,nonada,nonada,nonada
207TG,207.0,TG,H,10,1,0.0007639419404125,mat,syn,False,nonada,nonada,nonada
2080GA,2080.0,GA,E,10,1,0.0007639419404125,rep,nonsyn,False,nonada,nonada,nonada
2080GA,2080.0,GA,H,10,1,0.0007639419404125,rep,nonsyn,False,nonada,nonada,nonada
2086GA,2086.0,GA,H,10,1,0.0007639419404125,rep,nonsyn,False,nonada,nonada,nonada
2087TC,2087.0,TC,E,10,3,0.0022918258212375,rep,syn,False,nonada,nonada,nonada
2087TC,2087.0,TC,G,10,2,0.001527883880825,rep,syn,False,nonada,nonada,nonada
208GA,208.0,GA,G,10,1,0.0007639419404125,mat,nonsyn,False,nonada,nonada,nonada
208GA,208.0,GA,H,10,1,0.0007639419404125,mat,nonsyn,False,nonada,nonada,nonada
208GC,208.0,GC,H,10,1,0.0007639419404125,mat,nonsyn,False,nonada,nonada,nonada
2093TC,2093.0,TC,E,10,1,0.0007639419404125,rep,syn,False,nonada,nonada,nonada
2093TC,2093.0,TC,G,10,1,0.0007639419404125,rep,syn,False,nonada,nonada,nonada
2093TG,2093.0,TG,G,10,1,0.0007639419404125,rep,syn,False,nonada,nonada,nonada
2095TG,2095.0,TG,H,10,1,0.0007639419404125,rep,nonsyn,False,nonada,nonada,nonada
2096TC,2096.0,TC,E,10,1,0.0007639419404125,rep,syn,False,nonada,nonada,nonada
2096TG,2096.0,TG,E,10,2,0.001527883880825,rep,nonsyn,False,nonada,nonada,nonada
2096TG,2096.0,TG,H,10,5,0.0038197097020626,rep,nonsyn,False,nonada,nonada,nonada
2097GT,2097.0,GT,G,10,1,0.0007639419404125,rep,nonsyn,False,nonada,nonada,nonada
2098GA,2098.0,GA,G,10,1,0.0007639419404125,rep,nonsyn,False,nonada,nonada,nonada
2099CT,2099.0,CT,E,10,3,0.0022918258212375,rep,syn,False,nonada,nonada,nonada
2099CT,2099.0,CT,G,10,1,0.0007639419404125,rep,syn,False,nonada,nonada,nonada
2099CT,2099.0,CT,H,10,2,0.001527883880825,rep,syn,False,nonada,nonada,nonada
209AG,209.0,AG,E,10,1,0.0007639419404125,mat,nonsyn,False,nonada,nonada,nonada
209AG,209.0,AG,H,10,1,0.0007639419404125,mat,nonsyn,False,nonada,nonada,nonada
209AT,209.0,AT,H,10,1,0.0007639419404125,mat,nonsyn,False,nonada,nonada,nonada
2101AG,2101.0,AG,H,10,1,0.0007639419404125,rep,nonsyn,False,nonada,nonada,nonada
2102CT,2102.0,CT,E,10,1,0.0007639419404125,rep,syn,False,nonada,nonada,nonada
2104TC,2104.0,TC,G,10,1,0.0007639419404125,rep,nonsyn,False,nonada,nonada,nonada
2107TC,2107.0,TC,G,10,1,0.0007639419404125,rep,nonsyn,False,nonada,nonada,nonada
2107TC,2107.0,TC,H,10,2,0.001527883880825,rep,nonsyn,False,nonada,nonada,nonada
210AG,210.0,AG,E,10,1,0.0007639419404125,mat,syn,False,nonada,nonada,nonada
2111TC,2111.0,TC,G,10,1,0.0007639419404125,rep,syn,False,nonada,nonada,nonada
2115TA,2115.0,TA,G,10,1,0.0007639419404125,rep,nonsyn,False,nonada,nonada,nonada
2115TC,2115.0,TC,E,10,1,0.0007639419404125,rep,nonsyn,False,nonada,nonada,nonada
2115TC,2115.0,TC,G,10,1,0.0007639419404125,rep,nonsyn,False,nonada,nonada,nonada
2119GA,2119.0,GA,G,10,1,0.0007639419404125,rep,nonsyn,False,nonada,nonada,nonada
211GA,211.0,GA,G,10,1,0.0007639419404125,mat,nonsyn,False,nonada,nonada,nonada
2121TC,2121.0,TC,G,10,1,0.0007639419404125,rep,nonsyn,False,nonada,nonada,nonada
2122CT,2122.0,CT,E,10,1,0.0007639419404125,rep,nonsyn,False,nonada,nonada,nonada
2123GC,2123.0,GC,H,10,1,0.0007639419404125,rep,syn,False,nonada,nonada,nonada
2125CT,2125.0,CT,G,10,3,0.0022918258212375,rep,nonsyn,False,nonada,nonada,nonada
2126GA,2126.0,GA,G,10,1,0.0007639419404125,rep,syn,False,nonada,nonada,nonada
2127TC,2127.0,TC,G,10,1,0.0007639419404125,rep,syn,False,nonada,nonada,nonada
2129GT,2129.0,GT,E,10,1,0.0007639419404125,rep,nonsyn,False,nonada,nonada,nonada
2129GT,2129.0,GT,G,10,1,0.0007639419404125,rep,nonsyn,False,nonada,nonada,nonada
212AG,212.0,AG,G,10,1,0.0007639419404125,mat,nonsyn,False,nonada,nonada,nonada
2130TC,2130.0,TC,E,10,1,0.0007639419404125,rep,nonsyn,False,nonada,nonada,nonada
2130TC,2130.0,TC,G,10,1,0.0007639419404125,rep,nonsyn,False,nonada,nonada,nonada
2131TG,2131.0,TG,H,10,1,0.0007639419404125,rep,nonsyn,False,nonada,nonada,nonada
2132TG,2132.0,TG,H,10,1,0.0007639419404125,rep,nonsyn,False,nonada,nonada,nonada
2134GA,2134.0,GA,E,10,1,0.0007639419404125,rep,nonsyn,False,nonada,nonada,nonada
2134GA,2134.0,GA,G,10,1,0.0007639419404125,rep,nonsyn,False,nonada,nonada,nonada
2137AG,2137.0,AG,E,10,2,0.001527883880825,rep,nonsyn,False,nonada,nonada,nonada
2138AG,2138.0,AG,E,10,1,0.0007639419404125,rep,syn,False,nonada,nonada,nonada
2138AG,2138.0,AG,H,10,1,0.0007639419404125,rep,syn,False,nonada,nonada,nonada
2138AT,2138.0,AT,G,10,1,0.0007639419404125,rep,nonsyn,False,nonada,nonada,nonada
2139TG,2139.0,TG,G,10,1,0.0007639419404125,rep,nonsyn,False,nonada,nonada,nonada
2139TG,2139.0,TG,H,10,1,0.0007639419404125,rep,nonsyn,False,nonada,nonada,nonada
213TC,213.0,TC,E,10,1,0.0007639419404125,mat,syn,False,nonada,nonada,nonada
213TC,213.0,TC,G,10,1,0.0007639419404125,mat,syn,False,nonada,nonada,nonada
2140GA,2140.0,GA,G,10,1,0.0007639419404125,rep,nonsyn,False,nonada,nonada,nonada
2140GA,2140.0,GA,H,10,2,0.001527883880825,rep,nonsyn,False,nonada,nonada,nonada
2141CT,2141.0,CT,G,10,1,0.0007639419404125,rep,syn,False,nonada,nonada,nonada
2141CT,2141.0,CT,H,10,1,0.0007639419404125,rep,syn,False,nonada,nonada,nonada
2142AG,2142.0,AG,G,10,1,0.0007639419404125,rep,nonsyn,False,nonada,nonada,nonada
2142AG,2142.0,AG,H,10,1,0.0007639419404125,rep,nonsyn,False,nonada,nonada,nonada
2144GT,2144.0,GT,G,10,1,0.0007639419404125,rep,syn,False,nonada,nonada,nonada
2144GT,2144.0,GT,H,10,2,0.001527883880825,rep,syn,False,nonada,nonada,nonada
2145TC,2145.0,TC,G,10,2,0.001527883880825,rep,nonsyn,False,nonada,nonada,nonada
2145TG,2145.0,TG,E,10,1,0.0007639419404125,rep,nonsyn,False,nonada,nonada,nonada
2146TA,2146.0,TA,E,10,1,0.0007639419404125,rep,nonsyn,False,nonada,nonada,nonada
2146TC,2146.0,TC,G,10,1,0.0007639419404125,rep,nonsyn,False,nonada,nonada,nonada
2147CT,2147.0,CT,E,10,1,0.0007639419404125,rep,syn,False,nonada,nonada,nonada
2148TC,2148.0,TC,E,10,2,0.001527883880825,rep,nonsyn,False,nonada,nonada,nonada
2148TC,2148.0,TC,G,10,1,0.0007639419404125,rep,nonsyn,False,nonada,nonada,nonada
214AG,214.0,AG,E,10,1,0.0007639419404125,mat,nonsyn,False,nonada,nonada,nonada
2151AG,2151.0,AG,H,10,1,0.0007639419404125,rep,nonsyn,False,nonada,nonada,nonada
2153CT,2153.0,CT,G,10,2,0.001527883880825,rep,syn,False,nonada,nonada,nonada
2154GA,2154.0,GA,E,10,1,0.0007639419404125,rep,nonsyn,False,nonada,nonada,nonada
2155GA,2155.0,GA,E,10,2,0.001527883880825,rep,nonsyn,False,nonada,nonada,nonada
2156TG,2156.0,TG,G,10,1,0.0007639419404125,rep,syn,False,nonada,nonada,nonada
2158CT,2158.0,CT,H,10,1,0.0007639419404125,rep,nonsyn,False,nonada,nonada,nonada
215AG,215.0,AG,G,10,1,0.0007639419404125,mat,nonsyn,False,nonada,nonada,nonada
2160TA,2160.0,TA,G,10,1,0.0007639419404125,rep,nonsyn,False,nonada,nonada,nonada
2160TC,2160.0,TC,G,10,1,0.0007639419404125,rep,nonsyn,False,nonada,nonada,nonada
2162TA,2162.0,TA,H,10,1,0.0007639419404125,rep,syn,False,nonada,nonada,nonada
2162TC,2162.0,TC,G,10,1,0.0007639419404125,rep,syn,False,nonada,nonada,nonada
2162TC,2162.0,TC,H,10,1,0.0007639419404125,rep,syn,False,nonada,nonada,nonada
2162TG,2162.0,TG,H,10,2,0.001527883880825,rep,syn,False,nonada,nonada,nonada
2163AC,2163.0,AC,G,10,1,0.0007639419404125,rep,nonsyn,False,nonada,nonada,nonada
2163AG,2163.0,AG,G,10,1,0.0007639419404125,rep,nonsyn,False,nonada,nonada,nonada
2164TG,2164.0,TG,E,10,1,0.0007639419404125,rep,nonsyn,False,nonada,nonada,nonada
2164TG,2164.0,TG,G,10,5,0.0038197097020626,rep,nonsyn,False,nonada,nonada,nonada
2164TG,2164.0,TG,H,10,8,0.0061115355233002,rep,nonsyn,False,nonada,nonada,nonada
2165GA,2165.0,GA,E,10,2,0.001527883880825,rep,nonsyn,False,nonada,nonada,nonada
2165GA,2165.0,GA,H,10,1,0.0007639419404125,rep,nonsyn,False,nonada,nonada,nonada
2168GT,2168.0,GT,E,10,1,0.0007639419404125,rep,syn,False,nonada,nonada,nonada
2169CT,2169.0,CT,H,10,1,0.0007639419404125,rep,nonsyn,False,nonada,nonada,nonada
216CT,216.0,CT,E,10,1,0.0007639419404125,mat,syn,False,nonada,nonada,nonada
216CT,216.0,CT,H,10,3,0.0022918258212375,mat,syn,False,nonada,nonada,nonada
2173AC,2173.0,AC,G,10,1,0.0007639419404125,rep,nonsyn,False,nonada,nonada,nonada
2173AG,2173.0,AG,H,10,1,0.0007639419404125,rep,nonsyn,False,nonada,nonada,nonada
2175TC,2175.0,TC,E,10,3,0.0022918258212375,rep,syn,False,nonada,nonada,nonada
2175TC,2175.0,TC,H,10,1,0.0007639419404125,rep,syn,False,nonada,nonada,nonada
2175TG,2175.0,TG,E,10,1,0.0007639419404125,rep,nonsyn,False,nonada,nonada,nonada
2176TC,2176.0,TC,E,10,1,0.0007639419404125,rep,nonsyn,False,nonada,nonada,nonada
2177GA,2177.0,GA,E,10,1,0.0007639419404125,rep,syn,False,nonada,nonada,nonada
2178CG,2178.0,CG,G,10,1,0.0007639419404125,rep,nonsyn,False,nonada,nonada,nonada
2178CT,2178.0,CT,E,10,1,0.0007639419404125,rep,nonsyn,True,nonada,nonada,nonada
2178CT,2178.0,CT,H,10,1,0.0007639419404125,rep,nonsyn,True,nonada,nonada,nonada
2179AG,2179.0,AG,H,10,1,0.0007639419404125,rep,nonsyn,False,nonada,nonada,nonada
217TC,217.0,TC,H,10,1,0.0007639419404125,mat,nonsyn,False,nonada,nonada,nonada
2180GA,2180.0,GA,E,10,1,0.0007639419404125,rep,syn,False,nonada,nonada,nonada
2182AG,2182.0,AG,G,10,2,0.001527883880825,rep,nonsyn,False,nonada,nonada,nonada
2182AG,2182.0,AG,H,10,1,0.0007639419404125,rep,nonsyn,False,nonada,nonada,nonada
2183TC,2183.0,TC,G,10,1,0.0007639419404125,rep,syn,False,nonada,nonada,nonada
2184GA,2184.0,GA,G,10,1,0.0007639419404125,rep,nonsyn,False,nonada,nonada,nonada
2184GA,2184.0,GA,H,10,1,0.0007639419404125,rep,nonsyn,False,nonada,nonada,nonada
2185CT,2185.0,CT,G,10,1,0.0007639419404125,rep,nonsyn,False,nonada,nonada,nonada
2186AG,2186.0,AG,E,10,1,0.0007639419404125,rep,syn,False,nonada,nonada,nonada
2186AG,2186.0,AG,H,10,1,0.0007639419404125,rep,syn,False,nonada,nonada,nonada
2187GA,2187.0,GA,H,10,1,0.0007639419404125,rep,nonsyn,False,nonada,nonada,nonada
2188CG,2188.0,CG,G,10,1,0.0007639419404125,rep,nonsyn,False,nonada,nonada,nonada
2189GA,2189.0,GA,G,10,1,0.0007639419404125,rep,syn,False,nonada,nonada,nonada
2189GC,2189.0,GC,G,10,1,0.0007639419404125,rep,syn,False,nonada,nonada,nonada
2190CG,2190.0,CG,H,10,1,0.0007639419404125,rep,nonsyn,False,nonada,nonada,nonada
2191CG,2191.0,CG,H,10,1,0.0007639419404125,rep,nonsyn,False,nonada,nonada,nonada
2192TA,2192.0,TA,G,10,1,0.0007639419404125,rep,syn,False,nonada,nonada,nonada
2192TC,2192.0,TC,G,10,1,0.0007639419404125,rep,syn,False,nonada,nonada,nonada
2192TG,2192.0,TG,G,10,1,0.0007639419404125,rep,syn,False,nonada,nonada,nonada
2194AG,2194.0,AG,H,10,1,0.0007639419404125,rep,nonsyn,False,nonada,nonada,nonada
2195CT,2195.0,CT,E,10,1,0.0007639419404125,rep,syn,False,nonada,nonada,nonada
2195CT,2195.0,CT,G,10,1,0.0007639419404125,rep,syn,False,nonada,nonada,nonada
2195CT,2195.0,CT,H,10,1,0.0007639419404125,rep,syn,False,nonada,nonada,nonada
2197AG,2197.0,AG,H,10,2,0.001527883880825,rep,nonsyn,False,nonada,nonada,nonada
2197AT,2197.0,AT,H,10,1,0.0007639419404125,rep,nonsyn,False,nonada,nonada,nonada
219AG,219.0,AG,G,10,1,0.0007639419404125,mat,syn,False,nonada,nonada,nonada
219AG,219.0,AG,H,10,1,0.0007639419404125,mat,syn,False,nonada,nonada,nonada
2201GT,2201.0,GT,H,10,1,0.0007639419404125,rep,nonsyn,False,nonada,nonada,nonada
2202TC,2202.0,TC,E,10,1,0.0007639419404125,rep,nonsyn,False,nonada,nonada,nonada
2203TG,2203.0,TG,E,10,1,0.0007639419404125,rep,nonsyn,False,nonada,nonada,nonada
2204CG,2204.0,CG,H,10,1,0.0007639419404125,rep,nonsyn,False,nonada,nonada,nonada
2205GA,2205.0,GA,H,10,1,0.0007639419404125,rep,nonsyn,False,nonada,nonada,nonada
2205GT,2205.0,GT,E,10,1,0.0007639419404125,rep,nonsyn,False,nonada,nonada,nonada
2209AG,2209.0,AG,E,10,1,0.0007639419404125,rep,nonsyn,False,nonada,nonada,nonada
2209AG,2209.0,AG,G,10,2,0.001527883880825,rep,nonsyn,False,nonada,nonada,nonada
2209AG,2209.0,AG,H,10,3,0.0022918258212375,rep,nonsyn,False,nonada,nonada,nonada
220TC,220.0,TC,H,10,1,0.0007639419404125,mat,nonsyn,False,nonada,nonada,nonada
2210AG,2210.0,AG,G,10,1,0.0007639419404125,rep,syn,False,nonada,nonada,nonada
2211CT,2211.0,CT,G,10,1,0.0007639419404125,rep,nonsyn,True,nonada,nonada,nonada
2218CT,2218.0,CT,G,10,1,0.0007639419404125,rep,nonsyn,False,nonada,nonada,nonada
2219CG,2219.0,CG,H,10,1,0.0007639419404125,rep,syn,False,nonada,nonada,nonada
221TC,221.0,TC,G,10,4,0.0030557677616501,mat,nonsyn,False,nonada,nonada,nonada
2221TC,2221.0,TC,E,10,2,0.001527883880825,rep,nonsyn,False,nonada,nonada,nonada
2222TC,2222.0,TC,E,10,1,0.0007639419404125,rep,syn,False,nonada,nonada,nonada
2222TC,2222.0,TC,G,10,3,0.0022918258212375,rep,syn,False,nonada,nonada,nonada
2222TC,2222.0,TC,H,10,2,0.001527883880825,rep,syn,False,nonada,nonada,nonada
2223AC,2223.0,AC,E,10,1,0.0007639419404125,rep,nonsyn,False,nonada,nonada,nonada
2224CT,2224.0,CT,E,10,1,0.0007639419404125,rep,nonsyn,False,nonada,nonada,nonada
2225CT,2225.0,CT,G,10,2,0.001527883880825,rep,syn,False,nonada,nonada,nonada
2225CT,2225.0,CT,H,10,2,0.001527883880825,rep,syn,False,nonada,nonada,nonada
2226CT,2226.0,CT,G,10,1,0.0007639419404125,rep,nonsyn,False,nonada,nonada,nonada
2227CT,2227.0,CT,G,10,1,0.0007639419404125,rep,nonsyn,False,nonada,nonada,nonada
2228CT,2228.0,CT,G,10,2,0.001527883880825,rep,syn,False,nonada,nonada,nonada
2229CT,2229.0,CT,H,10,1,0.0007639419404125,rep,nonsyn,False,nonada,nonada,nonada
222CT,222.0,CT,E,10,2,0.001527883880825,mat,syn,False,nonada,nonada,nonada
222CT,222.0,CT,G,10,2,0.001527883880825,mat,syn,False,nonada,nonada,nonada
2231CT,2231.0,CT,G,10,3,0.0022918258212375,rep,syn,False,nonada,nonada,nonada
2231CT,2231.0,CT,H,10,1,0.0007639419404125,rep,syn,False,nonada,nonada,nonada
2234TC,2234.0,TC,E,10,1,0.0007639419404125,rep,syn,False,nonada,nonada,nonada
2234TC,2234.0,TC,H,10,1,0.0007639419404125,rep,syn,False,nonada,nonada,nonada
2235CA,2235.0,CA,H,10,1,0.0007639419404125,rep,nonsyn,False,nonada,nonada,nonada
2236TA,2236.0,TA,G,10,1,0.0007639419404125,rep,nonsyn,False,nonada,nonada,nonada
2237GA,2237.0,GA,E,10,1,0.0007639419404125,rep,syn,False,nonada,nonada,nonada
2238AG,2238.0,AG,E,10,4,0.0030557677616501,rep,nonsyn,False,nonada,nonada,nonada
2239GA,2239.0,GA,E,10,1,0.0007639419404125,rep,nonsyn,False,nonada,nonada,nonada
2239GA,2239.0,GA,G,10,1,0.0007639419404125,rep,nonsyn,False,nonada,nonada,nonada
2239GT,2239.0,GT,G,10,1,0.0007639419404125,rep,nonsyn,False,nonada,nonada,nonada
223TC,223.0,TC,E,10,2,0.001527883880825,mat,nonsyn,False,nonada,nonada,nonada
2240AG,2240.0,AG,H,10,1,0.0007639419404125,rep,syn,False,nonada,nonada,nonada
2241GA,2241.0,GA,H,10,1,0.0007639419404125,rep,nonsyn,False,nonada,nonada,nonada
2242CG,2242.0,CG,G,10,1,0.0007639419404125,rep,nonsyn,False,nonada,nonada,nonada
2242CT,2242.0,CT,E,10,1,0.0007639419404125,rep,nonsyn,False,nonada,nonada,nonada
2243GA,2243.0,GA,G,10,1,0.0007639419404125,rep,syn,False,nonada,nonada,nonada
2243GA,2243.0,GA,H,10,1,0.0007639419404125,rep,syn,False,nonada,nonada,nonada
2244GA,2244.0,GA,E,10,1,0.0007639419404125,rep,nonsyn,False,nonada,nonada,nonada
2244GA,2244.0,GA,G,10,1,0.0007639419404125,rep,nonsyn,False,nonada,nonada,nonada
2244GA,2244.0,GA,H,10,1,0.0007639419404125,rep,nonsyn,False,nonada,nonada,nonada
2246TC,2246.0,TC,E,10,1,0.0007639419404125,rep,syn,False,nonada,nonada,nonada
2246TG,2246.0,TG,E,10,1,0.0007639419404125,rep,syn,False,nonada,nonada,nonada
2247CT,2247.0,CT,G,10,1,0.0007639419404125,rep,syn,False,nonada,nonada,nonada
2249AG,2249.0,AG,E,10,2,0.001527883880825,rep,syn,False,nonada,nonada,nonada
2249AG,2249.0,AG,G,10,2,0.001527883880825,rep,syn,False,nonada,nonada,nonada
224CT,224.0,CT,E,10,3,0.0022918258212375,mat,nonsyn,False,nonada,nonada,nonada
224CT,224.0,CT,G,10,12,0.0091673032849503,mat,nonsyn,False,nonada,nonada,nonada
224CT,224.0,CT,H,10,7,0.0053475935828877,mat,nonsyn,False,nonada,nonada,nonada
2250TC,2250.0,TC,E,10,1,0.0007639419404125,rep,syn,False,nonada,nonada,nonada
2250TC,2250.0,TC,G,10,3,0.0022918258212375,rep,syn,False,nonada,nonada,nonada
2252GA,2252.0,GA,G,10,1,0.0007639419404125,rep,syn,False,nonada,nonada,nonada
2253GA,2253.0,GA,G,10,1,0.0007639419404125,rep,nonsyn,False,nonada,nonada,nonada
2254TC,2254.0,TC,G,10,1,0.0007639419404125,rep,nonsyn,False,nonada,nonada,nonada
2255CG,2255.0,CG,G,10,1,0.0007639419404125,rep,syn,False,nonada,nonada,nonada
2255CT,2255.0,CT,E,10,2,0.001527883880825,rep,syn,False,nonada,nonada,nonada
2255CT,2255.0,CT,G,10,1,0.0007639419404125,rep,syn,False,nonada,nonada,nonada
2256CG,2256.0,CG,H,10,1,0.0007639419404125,rep,nonsyn,False,nonada,nonada,nonada
2257GA,2257.0,GA,H,10,1,0.0007639419404125,rep,nonsyn,False,nonada,nonada,nonada
2258AG,2258.0,AG,G,10,1,0.0007639419404125,rep,syn,False,nonada,nonada,nonada
2259GA,2259.0,GA,H,10,1,0.0007639419404125,rep,nonsyn,False,nonada,nonada,nonada
225TC,225.0,TC,E,10,2,0.001527883880825,mat,syn,False,nonada,nonada,nonada
225TC,225.0,TC,G,10,2,0.001527883880825,mat,syn,False,nonada,nonada,nonada
225TG,225.0,TG,E,10,1,0.0007639419404125,mat,syn,False,nonada,nonada,nonada
2262CA,2262.0,CA,E,10,2,0.001527883880825,rep,nonsyn,False,nonada,nonada,nonada
2262CA,2262.0,CA,G,10,2,0.001527883880825,rep,nonsyn,False,nonada,nonada,nonada
2262CA,2262.0,CA,H,10,1,0.0007639419404125,rep,nonsyn,False,nonada,nonada,nonada
2264AG,2264.0,AG,G,10,1,0.0007639419404125,rep,syn,False,nonada,nonada,nonada
2266GA,2266.0,GA,G,10,1,0.0007639419404125,rep,nonsyn,False,nonada,nonada,nonada
2267TC,2267.0,TC,E,10,1,0.0007639419404125,rep,syn,False,nonada,nonada,nonada
2267TC,2267.0,TC,G,10,4,0.0030557677616501,rep,syn,False,nonada,nonada,nonada
2268GT,2268.0,GT,H,10,1,0.0007639419404125,rep,nonsyn,False,nonada,nonada,nonada
2269CT,2269.0,CT,G,10,1,0.0007639419404125,rep,nonsyn,False,nonada,nonada,nonada
2269CT,2269.0,CT,H,10,1,0.0007639419404125,rep,nonsyn,False,nonada,nonada,nonada
226TC,226.0,TC,E,10,1,0.0007639419404125,mat,syn,False,nonada,nonada,nonada
226TC,226.0,TC,G,10,1,0.0007639419404125,mat,syn,False,nonada,nonada,nonada
2270GA,2270.0,GA,G,10,4,0.0030557677616501,rep,syn,False,nonada,nonada,nonada
2270GA,2270.0,GA,H,10,1,0.0007639419404125,rep,syn,False,nonada,nonada,nonada
2271CT,2271.0,CT,E,10,1,0.0007639419404125,rep,nonsyn,False,nonada,nonada,nonada
2272CT,2272.0,CT,E,10,1,0.0007639419404125,rep,nonsyn,False,nonada,nonada,nonada
2273GA,2273.0,GA,G,10,2,0.001527883880825,rep,syn,False,nonada,nonada,nonada
2274TG,2274.0,TG,H,10,1,0.0007639419404125,rep,nonsyn,False,nonada,nonada,nonada
2276GA,2276.0,GA,E,10,1,0.0007639419404125,rep,nonsyn,True,nonada,nonada,nonada
2277AC,2277.0,AC,H,10,1,0.0007639419404125,rep,nonsyn,False,nonada,nonada,nonada
2277AG,2277.0,AG,H,10,2,0.001527883880825,rep,nonsyn,False,nonada,nonada,nonada
2279CT,2279.0,CT,E,10,1,0.0007639419404125,rep,syn,False,nonada,nonada,nonada
2279CT,2279.0,CT,H,10,2,0.001527883880825,rep,syn,False,nonada,nonada,nonada
227TC,227.0,TC,E,10,1,0.0007639419404125,mat,nonsyn,False,nonada,nonada,nonada
227TC,227.0,TC,H,10,1,0.0007639419404125,mat,nonsyn,False,nonada,nonada,nonada
2281GT,2281.0,GT,G,10,1,0.0007639419404125,rep,nonsyn,False,nonada,nonada,nonada
2282AG,2282.0,AG,E,10,9,0.0068754774637127,rep,syn,False,nonada,nonada,nonada
2285CT,2285.0,CT,E,10,1,0.0007639419404125,rep,syn,False,nonada,nonada,nonada
2285CT,2285.0,CT,G,10,1,0.0007639419404125,rep,syn,False,nonada,nonada,nonada
2285CT,2285.0,CT,H,10,1,0.0007639419404125,rep,syn,False,nonada,nonada,nonada
2287CG,2287.0,CG,E,10,2,0.001527883880825,rep,nonsyn,False,nonada,nonada,nonada
2287CG,2287.0,CG,G,10,1,0.0007639419404125,rep,nonsyn,False,nonada,nonada,nonada
2288GA,2288.0,GA,E,10,1,0.0007639419404125,rep,syn,False,nonada,nonada,nonada
2289GA,2289.0,GA,E,10,1,0.0007639419404125,rep,nonsyn,False,nonada,nonada,nonada
2289GA,2289.0,GA,G,10,1,0.0007639419404125,rep,nonsyn,False,nonada,nonada,nonada
228AG,228.0,AG,G,10,1,0.0007639419404125,mat,syn,False,nonada,nonada,nonada
228AT,228.0,AT,E,10,1,0.0007639419404125,mat,nonsyn,False,nonada,nonada,nonada
228AT,228.0,AT,H,10,2,0.001527883880825,mat,nonsyn,False,nonada,nonada,nonada
2290TC,2290.0,TC,E,10,1,0.0007639419404125,rep,nonsyn,False,nonada,nonada,nonada
2290TG,2290.0,TG,H,10,1,0.0007639419404125,rep,nonsyn,False,nonada,nonada,nonada
2292CA,2292.0,CA,E,10,1,0.0007639419404125,rep,nonsyn,False,nonada,nonada,nonada
2293GA,2293.0,GA,G,10,1,0.0007639419404125,rep,nonsyn,False,nonada,nonada,nonada
2293GT,2293.0,GT,G,10,1,0.0007639419404125,rep,nonsyn,False,nonada,nonada,nonada
2293GT,2293.0,GT,H,10,1,0.0007639419404125,rep,nonsyn,False,nonada,nonada,nonada
2294CG,2294.0,CG,H,10,1,0.0007639419404125,rep,syn,False,nonada,nonada,nonada
2295TC,2295.0,TC,E,10,1,0.0007639419404125,rep,nonsyn,False,nonada,nonada,nonada
2295TC,2295.0,TC,G,10,1,0.0007639419404125,rep,nonsyn,False,nonada,nonada,nonada
2297TC,2297.0,TC,G,10,1,0.0007639419404125,rep,syn,False,nonada,nonada,nonada
2298AC,2298.0,AC,G,10,1,0.0007639419404125,rep,nonsyn,False,nonada,nonada,nonada
2298AG,2298.0,AG,E,10,2,0.001527883880825,rep,nonsyn,False,nonada,nonada,nonada
2298AG,2298.0,AG,H,10,2,0.001527883880825,rep,nonsyn,False,nonada,nonada,nonada
2299AG,2299.0,AG,E,10,1,0.0007639419404125,rep,nonsyn,False,nonada,nonada,nonada
2299AG,2299.0,AG,G,10,1,0.0007639419404125,rep,nonsyn,False,nonada,nonada,nonada
2300CT,2300.0,CT,E,10,1,0.0007639419404125,rep,syn,False,nonada,nonada,nonada
2300CT,2300.0,CT,G,10,1,0.0007639419404125,rep,syn,False,nonada,nonada,nonada
2302AG,2302.0,AG,E,10,1,0.0007639419404125,rep,nonsyn,False,nonada,nonada,nonada
2302AG,2302.0,AG,G,10,1,0.0007639419404125,rep,nonsyn,False,nonada,nonada,nonada
2303GA,2303.0,GA,G,10,1,0.0007639419404125,rep,syn,False,nonada,nonada,nonada
2303GA,2303.0,GA,H,10,1,0.0007639419404125,rep,syn,False,nonada,nonada,nonada
2304TA,2304.0,TA,H,10,1,0.0007639419404125,rep,nonsyn,False,nonada,nonada,nonada
2305CT,2305.0,CT,E,10,1,0.0007639419404125,rep,nonsyn,False,nonada,nonada,nonada
2306AG,2306.0,AG,E,10,4,0.0030557677616501,rep,syn,False,nonada,nonada,nonada
2306AG,2306.0,AG,G,10,3,0.0022918258212375,rep,syn,False,nonada,nonada,nonada
2306AG,2306.0,AG,H,10,5,0.0038197097020626,rep,syn,False,nonada,nonada,nonada
2307TC,2307.0,TC,E,10,2,0.001527883880825,rep,nonsyn,False,nonada,nonada,nonada
2307TG,2307.0,TG,E,10,1,0.0007639419404125,rep,nonsyn,False,nonada,nonada,nonada
2309TC,2309.0,TC,G,10,3,0.0022918258212375,rep,syn,False,nonada,nonada,nonada
2309TG,2309.0,TG,E,10,1,0.0007639419404125,rep,nonsyn,True,nonada,nonada,nonada
2309TG,2309.0,TG,H,10,1,0.0007639419404125,rep,nonsyn,True,nonada,nonada,nonada
230AG,230.0,AG,G,10,1,0.0007639419404125,mat,nonsyn,False,nonada,nonada,nonada
2310GC,2310.0,GC,H,10,1,0.0007639419404125,rep,nonsyn,False,nonada,nonada,nonada
2311AG,2311.0,AG,E,10,1,0.0007639419404125,rep,nonsyn,False,nonada,nonada,nonada
2311AG,2311.0,AG,H,10,1,0.0007639419404125,rep,nonsyn,False,nonada,nonada,nonada
2312AG,2312.0,AG,E,10,2,0.001527883880825,rep,syn,False,nonada,nonada,nonada
2312AG,2312.0,AG,G,10,4,0.0030557677616501,rep,syn,False,nonada,nonada,nonada
2312AG,2312.0,AG,H,10,1,0.0007639419404125,rep,syn,False,nonada,nonada,nonada
2312AT,2312.0,AT,E,10,1,0.0007639419404125,rep,nonsyn,False,nonada,nonada,nonada
2313TA,2313.0,TA,G,10,1,0.0007639419404125,rep,nonsyn,False,nonada,nonada,nonada
2313TC,2313.0,TC,E,10,1,0.0007639419404125,rep,nonsyn,False,nonada,nonada,nonada
2315TC,2315.0,TC,E,10,1,0.0007639419404125,rep,syn,False,nonada,nonada,nonada
2315TC,2315.0,TC,G,10,4,0.0030557677616501,rep,syn,False,nonada,nonada,nonada
2315TC,2315.0,TC,H,10,2,0.001527883880825,rep,syn,False,nonada,nonada,nonada
2316AC,2316.0,AC,G,10,1,0.0007639419404125,rep,syn,False,nonada,nonada,nonada
2316AG,2316.0,AG,E,10,1,0.0007639419404125,rep,nonsyn,False,nonada,nonada,nonada
2316AG,2316.0,AG,G,10,1,0.0007639419404125,rep,nonsyn,False,nonada,nonada,nonada
2317GA,2317.0,GA,E,10,1,0.0007639419404125,rep,nonsyn,False,nonada,nonada,nonada
2317GA,2317.0,GA,G,10,1,0.0007639419404125,rep,nonsyn,False,nonada,nonada,nonada
2317GA,2317.0,GA,H,10,1,0.0007639419404125,rep,nonsyn,False,nonada,nonada,nonada
2318GA,2318.0,GA,G,10,2,0.001527883880825,rep,syn,False,nonada,nonada,nonada
2318GA,2318.0,GA,H,10,1,0.0007639419404125,rep,syn,False,nonada,nonada,nonada
2319CT,2319.0,CT,E,10,1,0.0007639419404125,rep,nonsyn,False,nonada,nonada,nonada
2319CT,2319.0,CT,H,10,2,0.001527883880825,rep,nonsyn,False,nonada,nonada,nonada
231AG,231.0,AG,E,10,2,0.001527883880825,mat,syn,False,nonada,nonada,nonada
231AT,231.0,AT,E,10,1,0.0007639419404125,mat,nonsyn,False,nonada,nonada,nonada
231AT,231.0,AT,H,10,1,0.0007639419404125,mat,nonsyn,False,nonada,nonada,nonada
2320TC,2320.0,TC,G,10,2,0.001527883880825,rep,nonsyn,False,nonada,nonada,nonada
2322GA,2322.0,GA,G,10,1,0.0007639419404125,rep,nonsyn,False,nonada,nonada,nonada
2323TC,2323.0,TC,G,10,2,0.001527883880825,rep,nonsyn,False,nonada,nonada,nonada
2324TC,2324.0,TC,H,10,1,0.0007639419404125,rep,syn,False,nonada,nonada,nonada
2324TG,2324.0,TG,E,10,1,0.0007639419404125,rep,syn,False,nonada,nonada,nonada
2324TG,2324.0,TG,H,10,1,0.0007639419404125,rep,syn,False,nonada,nonada,nonada
2325GA,2325.0,GA,E,10,3,0.0022918258212375,rep,nonsyn,False,nonada,nonada,nonada
2325GA,2325.0,GA,G,10,1,0.0007639419404125,rep,nonsyn,False,nonada,nonada,nonada
2327AG,2327.0,AG,E,10,2,0.001527883880825,rep,syn,False,nonada,nonada,nonada
2328GT,2328.0,GT,E,10,1,0.0007639419404125,rep,nonsyn,False,nonada,nonada,nonada
2330GA,2330.0,GA,E,10,1,0.0007639419404125,rep,syn,False,nonada,nonada,nonada
2330GA,2330.0,GA,H,10,1,0.0007639419404125,rep,syn,False,nonada,nonada,nonada
2331AG,2331.0,AG,E,10,1,0.0007639419404125,rep,nonsyn,False,nonada,nonada,nonada
2332AG,2332.0,AG,E,10,1,0.0007639419404125,rep,nonsyn,False,nonada,nonada,nonada
2335GA,2335.0,GA,E,10,1,0.0007639419404125,rep,nonsyn,False,nonada,nonada,nonada
2335GA,2335.0,GA,G,10,1,0.0007639419404125,rep,nonsyn,False,nonada,nonada,nonada
2336AG,2336.0,AG,E,10,1,0.0007639419404125,rep,syn,False,nonada,nonada,nonada
2336AG,2336.0,AG,G,10,2,0.001527883880825,rep,syn,False,nonada,nonada,nonada
2336AT,2336.0,AT,G,10,1,0.0007639419404125,rep,syn,False,nonada,nonada,nonada
2338TC,2338.0,TC,E,10,1,0.0007639419404125,rep,nonsyn,False,nonada,nonada,nonada
2338TC,2338.0,TC,H,10,2,0.001527883880825,rep,nonsyn,False,nonada,nonada,nonada
2338TG,2338.0,TG,H,10,1,0.0007639419404125,rep,nonsyn,False,nonada,nonada,nonada
2339GA,2339.0,GA,H,10,1,0.0007639419404125,rep,syn,False,nonada,nonada,nonada
2339GT,2339.0,GT,G,10,1,0.0007639419404125,rep,syn,False,nonada,nonada,nonada
2343AG,2343.0,AG,G,10,1,0.0007639419404125,rep,nonsyn,False,nonada,nonada,nonada
2343AG,2343.0,AG,H,10,1,0.0007639419404125,rep,nonsyn,False,nonada,nonada,nonada
2344CA,2344.0,CA,G,10,1,0.0007639419404125,rep,nonsyn,False,nonada,nonada,nonada
2345AG,2345.0,AG,G,10,2,0.001527883880825,rep,syn,False,nonada,nonada,nonada
2346GA,2346.0,GA,E,10,1,0.0007639419404125,rep,nonsyn,False,nonada,nonada,nonada
2346GA,2346.0,GA,G,10,1,0.0007639419404125,rep,nonsyn,False,nonada,nonada,nonada
2346GT,2346.0,GT,E,10,1,0.0007639419404125,rep,nonsyn,False,nonada,nonada,nonada
2347TA,2347.0,TA,H,10,1,0.0007639419404125,rep,nonsyn,False,nonada,nonada,nonada
2347TC,2347.0,TC,H,10,1,0.0007639419404125,rep,nonsyn,False,nonada,nonada,nonada
2347TG,2347.0,TG,H,10,1,0.0007639419404125,rep,nonsyn,False,nonada,nonada,nonada
2348TC,2348.0,TC,E,10,2,0.001527883880825,rep,syn,False,nonada,nonada,nonada
2350CT,2350.0,CT,E,10,2,0.001527883880825,rep,nonsyn,False,nonada,nonada,nonada
2351GA,2351.0,GA,E,10,8,0.0061115355233002,rep,syn,False,nonada,nonada,nonada
2351GA,2351.0,GA,G,10,4,0.0030557677616501,rep,syn,False,nonada,nonada,nonada
2351GA,2351.0,GA,H,10,10,0.0076394194041252,rep,syn,False,nonada,nonada,nonada
2354GA,2354.0,GA,E,10,9,0.0068754774637127,rep,syn,False,nonada,nonada,nonada
2354GA,2354.0,GA,G,10,4,0.0030557677616501,rep,syn,False,nonada,nonada,nonada
2354GA,2354.0,GA,H,10,13,0.0099312452253628,rep,syn,False,nonada,nonada,nonada
2354GT,2354.0,GT,G,10,1,0.0007639419404125,rep,nonsyn,False,nonada,nonada,nonada
2355AC,2355.0,AC,H,10,1,0.0007639419404125,rep,nonsyn,False,nonada,nonada,nonada
2355AG,2355.0,AG,E,10,1,0.0007639419404125,rep,nonsyn,False,nonada,nonada,nonada
2355AG,2355.0,AG,G,10,1,0.0007639419404125,rep,nonsyn,False,nonada,nonada,nonada
2356AG,2356.0,AG,G,10,4,0.0030557677616501,rep,nonsyn,False,nonada,nonada,nonada
2356AG,2356.0,AG,H,10,1,0.0007639419404125,rep,nonsyn,False,nonada,nonada,nonada
2357TC,2357.0,TC,E,10,2,0.001527883880825,rep,syn,False,nonada,nonada,nonada
2357TC,2357.0,TC,G,10,1,0.0007639419404125,rep,syn,False,nonada,nonada,nonada
2357TC,2357.0,TC,H,10,1,0.0007639419404125,rep,syn,False,nonada,nonada,nonada
2357TG,2357.0,TG,E,10,1,0.0007639419404125,rep,nonsyn,False,nonada,nonada,nonada
2358AG,2358.0,AG,G,10,1,0.0007639419404125,rep,nonsyn,False,nonada,nonada,nonada
2358AG,2358.0,AG,H,10,1,0.0007639419404125,rep,nonsyn,False,nonada,nonada,nonada
2359AG,2359.0,AG,E,10,1,0.0007639419404125,rep,nonsyn,False,nonada,nonada,nonada
2359AG,2359.0,AG,G,10,2,0.001527883880825,rep,nonsyn,False,nonada,nonada,nonada
2359AG,2359.0,AG,H,10,1,0.0007639419404125,rep,nonsyn,False,nonada,nonada,nonada
235CA,235.0,CA,G,10,1,0.0007639419404125,mat,nonsyn,False,nonada,nonada,nonada
2360TA,2360.0,TA,E,10,4,0.0030557677616501,rep,nonsyn,False,nonada,nonada,nonada
2360TA,2360.0,TA,G,10,3,0.0022918258212375,rep,nonsyn,False,nonada,nonada,nonada
2360TA,2360.0,TA,H,10,1,0.0007639419404125,rep,nonsyn,False,nonada,nonada,nonada
2360TC,2360.0,TC,E,10,1,0.0007639419404125,rep,syn,False,nonada,nonada,nonada
2360TC,2360.0,TC,G,10,4,0.0030557677616501,rep,syn,False,nonada,nonada,nonada
2360TC,2360.0,TC,H,10,1,0.0007639419404125,rep,syn,False,nonada,nonada,nonada
2360TG,2360.0,TG,G,10,1,0.0007639419404125,rep,nonsyn,False,nonada,nonada,nonada
2361AC,2361.0,AC,E,10,1,0.0007639419404125,rep,nonsyn,False,nonada,nonada,nonada
2361AT,2361.0,AT,H,10,1,0.0007639419404125,rep,nonsyn,True,nonada,nonada,nonada
2362AG,2362.0,AG,E,10,4,0.0030557677616501,rep,nonsyn,False,nonada,nonada,nonada
2363AG,2363.0,AG,E,10,1,0.0007639419404125,rep,syn,False,nonada,nonada,nonada
2363AG,2363.0,AG,H,10,1,0.0007639419404125,rep,syn,False,nonada,nonada,nonada
2363AT,2363.0,AT,H,10,1,0.0007639419404125,rep,nonsyn,False,nonada,nonada,nonada
2365TA,2365.0,TA,E,10,3,0.0022918258212375,rep,nonsyn,False,nonada,nonada,nonada
2365TA,2365.0,TA,G,10,3,0.0022918258212375,rep,nonsyn,False,nonada,nonada,nonada
2365TA,2365.0,TA,H,10,3,0.0022918258212375,rep,nonsyn,False,nonada,nonada,nonada
2365TG,2365.0,TG,E,10,2,0.001527883880825,rep,nonsyn,False,nonada,nonada,nonada
2365TG,2365.0,TG,G,10,2,0.001527883880825,rep,nonsyn,False,nonada,nonada,nonada
2368AG,2368.0,AG,E,10,1,0.0007639419404125,rep,nonsyn,False,nonada,nonada,nonada
2368AT,2368.0,AT,E,10,1,0.0007639419404125,rep,nonsyn,False,nonada,nonada,nonada
2369TC,2369.0,TC,E,10,1,0.0007639419404125,rep,syn,False,nonada,nonada,nonada
2369TC,2369.0,TC,H,10,1,0.0007639419404125,rep,syn,False,nonada,nonada,nonada
236GA,236.0,GA,G,10,1,0.0007639419404125,mat,nonsyn,False,nonada,nonada,nonada
236GT,236.0,GT,E,10,2,0.001527883880825,mat,nonsyn,False,nonada,nonada,nonada
236GT,236.0,GT,G,10,1,0.0007639419404125,mat,nonsyn,False,nonada,nonada,nonada
2372GT,2372.0,GT,E,10,1,0.0007639419404125,rep,syn,False,nonada,nonada,nonada
2374CT,2374.0,CT,H,10,1,0.0007639419404125,rep,nonsyn,False,nonada,nonada,nonada
2375TC,2375.0,TC,E,10,2,0.001527883880825,rep,syn,False,nonada,nonada,nonada
2375TC,2375.0,TC,H,10,1,0.0007639419404125,rep,syn,False,nonada,nonada,nonada
2376GA,2376.0,GA,E,10,1,0.0007639419404125,rep,nonsyn,False,nonada,nonada,nonada
2376GC,2376.0,GC,H,10,1,0.0007639419404125,rep,nonsyn,False,nonada,nonada,nonada
2376GT,2376.0,GT,H,10,1,0.0007639419404125,rep,nonsyn,False,nonada,nonada,nonada
2378CA,2378.0,CA,E,10,1,0.0007639419404125,rep,syn,False,nonada,nonada,nonada
2379TC,2379.0,TC,G,10,1,0.0007639419404125,rep,nonsyn,False,nonada,nonada,nonada
2379TG,2379.0,TG,H,10,1,0.0007639419404125,rep,nonsyn,False,nonada,nonada,nonada
237TC,237.0,TC,H,10,2,0.001527883880825,mat,syn,False,nonada,nonada,nonada
2380GA,2380.0,GA,E,10,1,0.0007639419404125,rep,nonsyn,False,nonada,nonada,nonada
2380GT,2380.0,GT,G,10,1,0.0007639419404125,rep,nonsyn,False,nonada,nonada,nonada
2381TC,2381.0,TC,G,10,1,0.0007639419404125,rep,syn,False,nonada,nonada,nonada
2381TC,2381.0,TC,H,10,1,0.0007639419404125,rep,syn,False,nonada,nonada,nonada
2383AG,2383.0,AG,H,10,1,0.0007639419404125,rep,nonsyn,False,nonada,nonada,nonada
2385GT,2385.0,GT,G,10,1,0.0007639419404125,rep,nonsyn,True,nonada,nonada,nonada
2386AG,2386.0,AG,G,10,1,0.0007639419404125,rep,nonsyn,False,nonada,nonada,nonada
2387GA,2387.0,GA,H,10,1,0.0007639419404125,rep,syn,False,nonada,nonada,nonada
2388CA,2388.0,CA,E,10,1,0.0007639419404125,rep,nonsyn,False,nonada,nonada,nonada
2389CA,2389.0,CA,G,10,1,0.0007639419404125,rep,nonsyn,False,nonada,nonada,nonada
238TC,238.0,TC,E,10,1,0.0007639419404125,mat,nonsyn,False,nonada,nonada,nonada
238TC,238.0,TC,G,10,1,0.0007639419404125,mat,nonsyn,False,nonada,nonada,nonada
2390TG,2390.0,TG,G,10,1,0.0007639419404125,rep,syn,False,nonada,nonada,nonada
2393TC,2393.0,TC,E,10,1,0.0007639419404125,rep,syn,False,nonada,nonada,nonada
2395TC,2395.0,TC,H,10,1,0.0007639419404125,rep,nonsyn,False,nonada,nonada,nonada
2395TG,2395.0,TG,G,10,1,0.0007639419404125,rep,nonsyn,False,nonada,nonada,nonada
2396GA,2396.0,GA,G,10,1,0.0007639419404125,rep,nonsyn,False,nonada,nonada,nonada
2396GA,2396.0,GA,H,10,1,0.0007639419404125,rep,nonsyn,False,nonada,nonada,nonada
2397AG,2397.0,AG,G,10,1,0.0007639419404125,rep,nonsyn,False,nonada,nonada,nonada
2399TA,2399.0,TA,E,10,1,0.0007639419404125,rep,nonsyn,False,nonada,nonada,nonada
2402GA,2402.0,GA,G,10,2,0.001527883880825,rep,nonsyn,False,nonada,nonada,nonada
2403TC,2403.0,TC,G,10,1,0.0007639419404125,rep,nonsyn,False,nonada,nonada,nonada
2404AG,2404.0,AG,G,10,1,0.0007639419404125,rep,nonsyn,False,nonada,nonada,nonada
2406CT,2406.0,CT,G,10,1,0.0007639419404125,rep,nonsyn,False,nonada,nonada,nonada
2408CT,2408.0,CT,E,10,1,0.0007639419404125,rep,syn,False,nonada,nonada,nonada
2408CT,2408.0,CT,G,10,1,0.0007639419404125,rep,syn,False,nonada,nonada,nonada
240GA,240.0,GA,G,10,1,0.0007639419404125,mat,syn,False,nonada,nonada,nonada
2411GA,2411.0,GA,G,10,1,0.0007639419404125,rep,syn,False,nonada,nonada,nonada
2411GA,2411.0,GA,H,10,1,0.0007639419404125,rep,syn,False,nonada,nonada,nonada
2412AG,2412.0,AG,H,10,1,0.0007639419404125,rep,nonsyn,False,nonada,nonada,nonada
2414AG,2414.0,AG,E,10,5,0.0038197097020626,rep,syn,False,nonada,nonada,nonada
2414AG,2414.0,AG,G,10,2,0.001527883880825,rep,syn,False,nonada,nonada,nonada
2414AG,2414.0,AG,H,10,4,0.0030557677616501,rep,syn,False,nonada,nonada,nonada
2414AT,2414.0,AT,G,10,1,0.0007639419404125,rep,nonsyn,False,nonada,nonada,nonada
2415GA,2415.0,GA,E,10,1,0.0007639419404125,rep,nonsyn,False,nonada,nonada,nonada
2415GT,2415.0,GT,H,10,1,0.0007639419404125,rep,nonsyn,False,nonada,nonada,nonada
2416GA,2416.0,GA,H,10,1,0.0007639419404125,rep,nonsyn,False,nonada,nonada,nonada
2417GA,2417.0,GA,E,10,1,0.0007639419404125,rep,syn,False,nonada,nonada,nonada
2417GA,2417.0,GA,G,10,1,0.0007639419404125,rep,syn,False,nonada,nonada,nonada
2417GA,2417.0,GA,H,10,1,0.0007639419404125,rep,syn,False,nonada,nonada,nonada
2418GA,2418.0,GA,G,10,1,0.0007639419404125,rep,nonsyn,False,nonada,nonada,nonada
2419TC,2419.0,TC,E,10,5,0.0038197097020626,rep,nonsyn,False,nonada,nonada,nonada
2419TC,2419.0,TC,G,10,2,0.001527883880825,rep,nonsyn,False,nonada,nonada,nonada
241AG,241.0,AG,E,10,1,0.0007639419404125,mat,nonsyn,False,nonada,nonada,nonada
2423TC,2423.0,TC,G,10,3,0.0022918258212375,rep,syn,False,nonada,nonada,nonada
2424GA,2424.0,GA,E,10,1,0.0007639419404125,rep,nonsyn,False,nonada,nonada,nonada
2426CT,2426.0,CT,E,10,2,0.001527883880825,rep,syn,False,nonada,nonada,nonada
2427TC,2427.0,TC,G,10,1,0.0007639419404125,rep,nonsyn,False,nonada,nonada,nonada
2428TC,2428.0,TC,E,10,1,0.0007639419404125,rep,nonsyn,False,nonada,nonada,nonada
2429TC,2429.0,TC,G,10,2,0.001527883880825,rep,syn,False,nonada,nonada,nonada
2430AG,2430.0,AG,E,10,1,0.0007639419404125,rep,nonsyn,False,nonada,nonada,nonada
2431TC,2431.0,TC,E,10,1,0.0007639419404125,rep,nonsyn,False,nonada,nonada,nonada
2431TG,2431.0,TG,E,10,1,0.0007639419404125,rep,nonsyn,False,nonada,nonada,nonada
2432CT,2432.0,CT,E,10,3,0.0022918258212375,rep,syn,False,nonada,nonada,nonada
2432CT,2432.0,CT,G,10,3,0.0022918258212375,rep,syn,False,nonada,nonada,nonada
2432CT,2432.0,CT,H,10,1,0.0007639419404125,rep,syn,False,nonada,nonada,nonada
2434GA,2434.0,GA,G,10,1,0.0007639419404125,rep,nonsyn,False,nonada,nonada,nonada
2435AG,2435.0,AG,E,10,1,0.0007639419404125,rep,syn,False,nonada,nonada,nonada
2435AG,2435.0,AG,G,10,1,0.0007639419404125,rep,syn,False,nonada,nonada,nonada
2435AG,2435.0,AG,H,10,1,0.0007639419404125,rep,syn,False,nonada,nonada,nonada
243CT,243.0,CT,E,10,2,0.001527883880825,mat,syn,False,nonada,nonada,nonada
243CT,243.0,CT,G,10,2,0.001527883880825,mat,syn,False,nonada,nonada,nonada
2440GA,2440.0,GA,G,10,1,0.0007639419404125,rep,nonsyn,False,nonada,nonada,nonada
2441GA,2441.0,GA,E,10,2,0.001527883880825,rep,syn,False,nonada,nonada,nonada
2441GA,2441.0,GA,G,10,1,0.0007639419404125,rep,syn,False,nonada,nonada,nonada
2441GC,2441.0,GC,H,10,1,0.0007639419404125,rep,syn,False,nonada,nonada,nonada
2442CG,2442.0,CG,E,10,1,0.0007639419404125,rep,nonsyn,False,nonada,nonada,nonada
2443TG,2443.0,TG,E,10,1,0.0007639419404125,rep,nonsyn,False,nonada,nonada,nonada
2444CA,2444.0,CA,G,10,1,0.0007639419404125,rep,syn,False,nonada,nonada,nonada
2444CT,2444.0,CT,H,10,1,0.0007639419404125,rep,syn,False,nonada,nonada,nonada
2445AG,2445.0,AG,G,10,1,0.0007639419404125,rep,nonsyn,False,nonada,nonada,nonada
2446AG,2446.0,AG,E,10,2,0.001527883880825,rep,nonsyn,False,nonada,nonada,nonada
2446AG,2446.0,AG,G,10,1,0.0007639419404125,rep,nonsyn,False,nonada,nonada,nonada
2446AG,2446.0,AG,H,10,1,0.0007639419404125,rep,nonsyn,False,nonada,nonada,nonada
2447AG,2447.0,AG,G,10,2,0.001527883880825,rep,syn,False,nonada,nonada,nonada
2448TG,2448.0,TG,E,10,1,0.0007639419404125,rep,nonsyn,False,nonada,nonada,nonada
2449CT,2449.0,CT,G,10,1,0.0007639419404125,rep,nonsyn,False,nonada,nonada,nonada
2449CT,2449.0,CT,H,10,1,0.0007639419404125,rep,nonsyn,False,nonada,nonada,nonada
244TC,244.0,TC,G,10,1,0.0007639419404125,mat,nonsyn,False,nonada,nonada,nonada
244TC,244.0,TC,H,10,1,0.0007639419404125,mat,nonsyn,False,nonada,nonada,nonada
2450CA,2450.0,CA,G,10,1,0.0007639419404125,rep,syn,False,nonada,nonada,nonada
2450CG,2450.0,CG,H,10,1,0.0007639419404125,rep,syn,False,nonada,nonada,nonada
2450CT,2450.0,CT,G,10,1,0.0007639419404125,rep,syn,False,nonada,nonada,nonada
2450CT,2450.0,CT,H,10,1,0.0007639419404125,rep,syn,False,nonada,nonada,nonada
2451GA,2451.0,GA,E,10,1,0.0007639419404125,rep,nonsyn,False,nonada,nonada,nonada
2452TC,2452.0,TC,H,10,1,0.0007639419404125,rep,nonsyn,False,nonada,nonada,nonada
2452TG,2452.0,TG,E,10,1,0.0007639419404125,rep,nonsyn,False,nonada,nonada,nonada
2453TC,2453.0,TC,E,10,1,0.0007639419404125,rep,syn,False,nonada,nonada,nonada
2453TC,2453.0,TC,G,10,1,0.0007639419404125,rep,syn,False,nonada,nonada,nonada
2454GC,2454.0,GC,G,10,1,0.0007639419404125,rep,nonsyn,False,nonada,nonada,nonada
2455GA,2455.0,GA,H,10,1,0.0007639419404125,rep,nonsyn,False,nonada,nonada,nonada
2456TC,2456.0,TC,E,10,1,0.0007639419404125,rep,syn,False,nonada,nonada,nonada
2456TG,2456.0,TG,E,10,1,0.0007639419404125,rep,syn,False,nonada,nonada,nonada
2457AC,2457.0,AC,E,10,1,0.0007639419404125,rep,nonsyn,False,nonada,nonada,nonada
2457AG,2457.0,AG,H,10,1,0.0007639419404125,rep,nonsyn,False,nonada,nonada,nonada
2459AG,2459.0,AG,E,10,3,0.0022918258212375,rep,nonsyn,False,nonada,nonada,nonada
245GA,245.0,GA,H,10,1,0.0007639419404125,mat,nonsyn,True,nonada,nonada,nonada
2460GA,2460.0,GA,E,10,1,0.0007639419404125,rep,nonsyn,False,nonada,nonada,nonada
2462CG,2462.0,CG,H,10,1,0.0007639419404125,rep,nonsyn,False,nonada,nonada,nonada
2463CT,2463.0,CT,E,10,1,0.0007639419404125,rep,syn,False,nonada,nonada,nonada
2463CT,2463.0,CT,G,10,2,0.001527883880825,rep,syn,False,nonada,nonada,nonada
2464TC,2464.0,TC,H,10,2,0.001527883880825,rep,nonsyn,False,nonada,nonada,nonada
2465GA,2465.0,GA,E,10,1,0.0007639419404125,rep,syn,False,nonada,nonada,nonada
2465GA,2465.0,GA,G,10,2,0.001527883880825,rep,syn,False,nonada,nonada,nonada
2465GA,2465.0,GA,H,10,1,0.0007639419404125,rep,syn,False,nonada,nonada,nonada
2465GC,2465.0,GC,G,10,1,0.0007639419404125,rep,syn,False,nonada,nonada,nonada
2465GC,2465.0,GC,H,10,1,0.0007639419404125,rep,syn,False,nonada,nonada,nonada
2466AG,2466.0,AG,E,10,1,0.0007639419404125,rep,nonsyn,False,nonada,nonada,nonada
2466AG,2466.0,AG,G,10,1,0.0007639419404125,rep,nonsyn,False,nonada,nonada,nonada
2466AG,2466.0,AG,H,10,1,0.0007639419404125,rep,nonsyn,False,nonada,nonada,nonada
2469GA,2469.0,GA,E,10,1,0.0007639419404125,rep,nonsyn,False,nonada,nonada,nonada
246GA,246.0,GA,G,10,2,0.001527883880825,mat,nonsyn,True,nonada,nonada,nonada
246GA,246.0,GA,H,10,1,0.0007639419404125,mat,nonsyn,True,nonada,nonada,nonada
246GT,246.0,GT,G,10,1,0.0007639419404125,mat,nonsyn,False,nonada,nonada,nonada
2470AG,2470.0,AG,E,10,1,0.0007639419404125,rep,nonsyn,False,nonada,nonada,nonada
2471TC,2471.0,TC,E,10,3,0.0022918258212375,rep,syn,False,nonada,nonada,nonada
2471TC,2471.0,TC,G,10,1,0.0007639419404125,rep,syn,False,nonada,nonada,nonada
2471TG,2471.0,TG,G,10,2,0.001527883880825,rep,nonsyn,False,nonada,nonada,nonada
2474AG,2474.0,AG,G,10,1,0.0007639419404125,rep,syn,False,nonada,nonada,nonada
2476CG,2476.0,CG,H,10,1,0.0007639419404125,rep,nonsyn,False,nonada,nonada,nonada
2476CT,2476.0,CT,G,10,1,0.0007639419404125,rep,nonsyn,False,nonada,nonada,nonada
2476CT,2476.0,CT,H,10,1,0.0007639419404125,rep,nonsyn,False,nonada,nonada,nonada
2477GC,2477.0,GC,H,10,1,0.0007639419404125,rep,syn,False,nonada,nonada,nonada
2477GT,2477.0,GT,G,10,1,0.0007639419404125,rep,syn,False,nonada,nonada,nonada
247AG,247.0,AG,G,10,1,0.0007639419404125,mat,nonsyn,False,nonada,nonada,nonada
247AG,247.0,AG,H,10,1,0.0007639419404125,mat,nonsyn,False,nonada,nonada,nonada
2482AG,2482.0,AG,H,10,1,0.0007639419404125,rep,nonsyn,False,nonada,nonada,nonada
2483CT,2483.0,CT,G,10,2,0.001527883880825,rep,syn,False,nonada,nonada,nonada
2485AT,2485.0,AT,H,10,1,0.0007639419404125,rep,nonsyn,False,nonada,nonada,nonada
2486GT,2486.0,GT,G,10,1,0.0007639419404125,rep,nonsyn,False,nonada,nonada,nonada
2487CG,2487.0,CG,G,10,1,0.0007639419404125,rep,nonsyn,False,nonada,nonada,nonada
2488GA,2488.0,GA,E,10,1,0.0007639419404125,rep,nonsyn,False,nonada,nonada,nonada
2488GA,2488.0,GA,H,10,1,0.0007639419404125,rep,nonsyn,False,nonada,nonada,nonada
2488GT,2488.0,GT,E,10,1,0.0007639419404125,rep,nonsyn,False,nonada,nonada,nonada
2489TC,2489.0,TC,G,10,1,0.0007639419404125,rep,syn,False,nonada,nonada,nonada
2489TC,2489.0,TC,H,10,3,0.0022918258212375,rep,syn,False,nonada,nonada,nonada
2489TG,2489.0,TG,H,10,1,0.0007639419404125,rep,syn,False,nonada,nonada,nonada
248CT,248.0,CT,E,10,1,0.0007639419404125,mat,nonsyn,False,nonada,nonada,nonada
248CT,248.0,CT,H,10,1,0.0007639419404125,mat,nonsyn,False,nonada,nonada,nonada
2490CT,2490.0,CT,E,10,1,0.0007639419404125,rep,syn,False,nonada,nonada,nonada
2490CT,2490.0,CT,G,10,2,0.001527883880825,rep,syn,False,nonada,nonada,nonada
2490CT,2490.0,CT,H,10,1,0.0007639419404125,rep,syn,False,nonada,nonada,nonada
2492GA,2492.0,GA,E,10,1,0.0007639419404125,rep,syn,False,nonada,nonada,nonada
2492GA,2492.0,GA,G,10,1,0.0007639419404125,rep,syn,False,nonada,nonada,nonada
2493GA,2493.0,GA,G,10,1,0.0007639419404125,rep,nonsyn,False,nonada,nonada,nonada
2494CT,2494.0,CT,H,10,1,0.0007639419404125,rep,nonsyn,False,nonada,nonada,nonada
2497AG,2497.0,AG,G,10,1,0.0007639419404125,rep,nonsyn,False,nonada,nonada,nonada
2498GA,2498.0,GA,E,10,1,0.0007639419404125,rep,syn,False,nonada,nonada,nonada
2498GA,2498.0,GA,G,10,3,0.0022918258212375,rep,syn,False,nonada,nonada,nonada
2498GC,2498.0,GC,E,10,1,0.0007639419404125,rep,nonsyn,False,nonada,nonada,nonada
249TC,249.0,TC,E,10,3,0.0022918258212375,mat,syn,False,nonada,nonada,nonada
2500AG,2500.0,AG,H,10,1,0.0007639419404125,rep,nonsyn,False,nonada,nonada,nonada
2501GA,2501.0,GA,G,10,2,0.001527883880825,rep,syn,False,nonada,nonada,nonada
2501GT,2501.0,GT,E,10,1,0.0007639419404125,rep,nonsyn,False,nonada,nonada,nonada
2502GA,2502.0,GA,H,10,1,0.0007639419404125,rep,nonsyn,False,nonada,nonada,nonada
2503GT,2503.0,GT,E,10,1,0.0007639419404125,rep,nonsyn,False,nonada,nonada,nonada
2504CT,2504.0,CT,E,10,1,0.0007639419404125,rep,syn,False,nonada,nonada,nonada
2504CT,2504.0,CT,G,10,1,0.0007639419404125,rep,syn,False,nonada,nonada,nonada
2506GA,2506.0,GA,H,10,1,0.0007639419404125,rep,nonsyn,False,nonada,nonada,nonada
2506GT,2506.0,GT,H,10,1,0.0007639419404125,rep,nonsyn,False,nonada,nonada,nonada
2507CA,2507.0,CA,E,10,1,0.0007639419404125,rep,nonsyn,False,nonada,nonada,nonada
2507CT,2507.0,CT,G,10,1,0.0007639419404125,rep,syn,False,nonada,nonada,nonada
2509TC,2509.0,TC,E,10,2,0.001527883880825,rep,nonsyn,False,nonada,nonada,nonada
2510AC,2510.0,AC,H,10,1,0.0007639419404125,rep,syn,False,nonada,nonada,nonada
2511GA,2511.0,GA,E,10,1,0.0007639419404125,rep,nonsyn,False,nonada,nonada,nonada
2511GA,2511.0,GA,H,10,1,0.0007639419404125,rep,nonsyn,False,nonada,nonada,nonada
2512AG,2512.0,AG,E,10,1,0.0007639419404125,rep,nonsyn,False,nonada,nonada,nonada
2513TC,2513.0,TC,E,10,2,0.001527883880825,rep,syn,False,nonada,nonada,nonada
2513TG,2513.0,TG,E,10,1,0.0007639419404125,rep,nonsyn,False,nonada,nonada,nonada
2514GA,2514.0,GA,G,10,1,0.0007639419404125,rep,nonsyn,False,nonada,nonada,nonada
2515GA,2515.0,GA,G,10,1,0.0007639419404125,rep,nonsyn,False,nonada,nonada,nonada
2515GT,2515.0,GT,H,10,1,0.0007639419404125,rep,nonsyn,False,nonada,nonada,nonada
2516TC,2516.0,TC,E,10,2,0.001527883880825,rep,syn,False,nonada,nonada,nonada
2516TG,2516.0,TG,E,10,1,0.0007639419404125,rep,syn,False,nonada,nonada,nonada
2518CT,2518.0,CT,H,10,1,0.0007639419404125,rep,nonsyn,False,nonada,nonada,nonada
2519GA,2519.0,GA,E,10,1,0.0007639419404125,rep,syn,False,nonada,nonada,nonada
2519GA,2519.0,GA,H,10,1,0.0007639419404125,rep,syn,False,nonada,nonada,nonada
2520CT,2520.0,CT,H,10,1,0.0007639419404125,rep,nonsyn,False,nonada,nonada,nonada
2521TC,2521.0,TC,G,10,1,0.0007639419404125,rep,nonsyn,False,nonada,nonada,nonada
2522TA,2522.0,TA,G,10,1,0.0007639419404125,rep,syn,False,nonada,nonada,nonada
2522TC,2522.0,TC,G,10,1,0.0007639419404125,rep,syn,False,nonada,nonada,nonada
2525GA,2525.0,GA,E,10,1,0.0007639419404125,rep,syn,False,nonada,nonada,nonada
2525GA,2525.0,GA,G,10,2,0.001527883880825,rep,syn,False,nonada,nonada,nonada
2525GA,2525.0,GA,H,10,1,0.0007639419404125,rep,syn,False,nonada,nonada,nonada
2528GA,2528.0,GA,E,10,1,0.0007639419404125,rep,syn,False,nonada,nonada,nonada
2528GT,2528.0,GT,H,10,1,0.0007639419404125,rep,syn,False,nonada,nonada,nonada
252CT,252.0,CT,G,10,1,0.0007639419404125,mat,syn,False,nonada,nonada,nonada
2531AG,2531.0,AG,G,10,1,0.0007639419404125,rep,nonsyn,False,nonada,nonada,nonada
2531AG,2531.0,AG,H,10,1,0.0007639419404125,rep,nonsyn,False,nonada,nonada,nonada
2534CT,2534.0,CT,G,10,4,0.0030557677616501,rep,syn,False,nonada,nonada,nonada
2536TC,2536.0,TC,E,10,1,0.0007639419404125,rep,nonsyn,False,nonada,nonada,nonada
2537AG,2537.0,AG,E,10,1,0.0007639419404125,rep,syn,False,nonada,nonada,nonada
2537AG,2537.0,AG,H,10,1,0.0007639419404125,rep,syn,False,nonada,nonada,nonada
2538TC,2538.0,TC,H,10,1,0.0007639419404125,rep,nonsyn,False,nonada,nonada,nonada
2539CT,2539.0,CT,H,10,1,0.0007639419404125,rep,nonsyn,False,nonada,nonada,nonada
253GA,253.0,GA,G,10,7,0.0053475935828877,mat,nonsyn,False,nonada,nonada,nonada
253GA,253.0,GA,H,10,5,0.0038197097020626,mat,nonsyn,False,nonada,nonada,nonada
253GC,253.0,GC,G,10,18,0.0137509549274255,mat,nonsyn,False,nonada,nonada,nonada
253GC,253.0,GC,H,10,3,0.0022918258212375,mat,nonsyn,False,nonada,nonada,nonada
2541TC,2541.0,TC,H,10,1,0.0007639419404125,rep,nonsyn,False,nonada,nonada,nonada
2542CT,2542.0,CT,G,10,3,0.0022918258212375,rep,nonsyn,False,nonada,nonada,nonada
2542CT,2542.0,CT,H,10,74,0.0565317035905271,rep,nonsyn,False,nonada,nonada,nonada
2543TC,2543.0,TC,G,10,3,0.0022918258212375,rep,syn,False,nonada,nonada,nonada
2544GA,2544.0,GA,E,10,1,0.0007639419404125,rep,nonsyn,False,nonada,nonada,nonada
2544GA,2544.0,GA,G,10,1,0.0007639419404125,rep,nonsyn,False,nonada,nonada,nonada
2546AG,2546.0,AG,E,10,1,0.0007639419404125,rep,syn,False,nonada,nonada,nonada
2546AG,2546.0,AG,H,10,2,0.001527883880825,rep,syn,False,nonada,nonada,nonada
2547TC,2547.0,TC,G,10,1,0.0007639419404125,rep,nonsyn,False,nonada,nonada,nonada
2547TC,2547.0,TC,H,10,1,0.0007639419404125,rep,nonsyn,False,nonada,nonada,nonada
2549CT,2549.0,CT,E,10,1,0.0007639419404125,rep,syn,False,nonada,nonada,nonada
254GA,254.0,GA,E,10,2,0.001527883880825,mat,nonsyn,False,nonada,nonada,nonada
254GA,254.0,GA,G,10,1,0.0007639419404125,mat,nonsyn,False,nonada,nonada,nonada
2550GT,2550.0,GT,E,10,1,0.0007639419404125,rep,nonsyn,False,nonada,nonada,nonada
2551AG,2551.0,AG,E,10,1,0.0007639419404125,rep,nonsyn,False,nonada,nonada,nonada
2552TC,2552.0,TC,E,10,1,0.0007639419404125,rep,syn,False,nonada,nonada,nonada
2552TC,2552.0,TC,H,10,1,0.0007639419404125,rep,syn,False,nonada,nonada,nonada
2553TC,2553.0,TC,E,10,2,0.001527883880825,rep,nonsyn,False,nonada,nonada,nonada
2553TC,2553.0,TC,H,10,1,0.0007639419404125,rep,nonsyn,False,nonada,nonada,nonada
2555CT,2555.0,CT,G,10,2,0.001527883880825,rep,syn,False,nonada,nonada,nonada
2555CT,2555.0,CT,H,10,2,0.001527883880825,rep,syn,False,nonada,nonada,nonada
2557TC,2557.0,TC,G,10,1,0.0007639419404125,rep,nonsyn,False,nonada,nonada,nonada
2559TC,2559.0,TC,E,10,1,0.0007639419404125,rep,nonsyn,False,nonada,nonada,nonada
2559TC,2559.0,TC,G,10,2,0.001527883880825,rep,nonsyn,False,nonada,nonada,nonada
255TC,255.0,TC,G,10,1,0.0007639419404125,mat,syn,False,nonada,nonada,nonada
2560CT,2560.0,CT,G,10,1,0.0007639419404125,rep,nonsyn,False,nonada,nonada,nonada
2562GA,2562.0,GA,E,10,1,0.0007639419404125,rep,nonsyn,False,nonada,nonada,nonada
2564TC,2564.0,TC,E,10,2,0.001527883880825,rep,syn,False,nonada,nonada,nonada
2565CG,2565.0,CG,H,10,1,0.0007639419404125,rep,nonsyn,False,nonada,nonada,nonada
2567CT,2567.0,CT,H,10,1,0.0007639419404125,rep,syn,False,nonada,nonada,nonada
2568CA,2568.0,CA,E,10,5,0.0038197097020626,rep,nonsyn,False,nonada,nonada,nonada
2568CA,2568.0,CA,G,10,1,0.0007639419404125,rep,nonsyn,False,nonada,nonada,nonada
2568CA,2568.0,CA,H,10,19,0.014514896867838,rep,nonsyn,False,nonada,nonada,nonada
2569TA,2569.0,TA,G,10,1,0.0007639419404125,rep,nonsyn,False,nonada,nonada,nonada
256CT,256.0,CT,H,10,2,0.001527883880825,mat,nonsyn,False,nonada,nonada,nonada
2570GA,2570.0,GA,H,10,1,0.0007639419404125,rep,syn,False,nonada,nonada,nonada
2570GC,2570.0,GC,H,10,1,0.0007639419404125,rep,syn,False,nonada,nonada,nonada
2572TC,2572.0,TC,H,10,1,0.0007639419404125,rep,nonsyn,False,nonada,nonada,nonada
2572TG,2572.0,TG,E,10,7,0.0053475935828877,rep,nonsyn,False,nonada,ada,nonada
2572TG,2572.0,TG,G,10,10,0.0076394194041252,rep,nonsyn,False,nonada,ada,nonada
2572TG,2572.0,TG,H,10,49,0.0374331550802139,rep,nonsyn,False,nonada,ada,nonada
2573GA,2573.0,GA,E,10,2,0.001527883880825,rep,syn,False,nonada,nonada,nonada
2573GA,2573.0,GA,G,10,1,0.0007639419404125,rep,syn,False,nonada,nonada,nonada
2573GA,2573.0,GA,H,10,2,0.001527883880825,rep,syn,False,nonada,nonada,nonada
2573GT,2573.0,GT,G,10,3,0.0022918258212375,rep,syn,False,nonada,nonada,nonada
2573GT,2573.0,GT,H,10,1,0.0007639419404125,rep,syn,False,nonada,nonada,nonada
2574TC,2574.0,TC,H,10,1,0.0007639419404125,rep,nonsyn,False,nonada,nonada,nonada
2574TG,2574.0,TG,E,10,4,0.0030557677616501,rep,nonsyn,False,nonada,nonada,nonada
2574TG,2574.0,TG,G,10,7,0.0053475935828877,rep,nonsyn,False,nonada,nonada,nonada
2574TG,2574.0,TG,H,10,18,0.0137509549274255,rep,nonsyn,False,nonada,nonada,nonada
2577AG,2577.0,AG,E,10,1,0.0007639419404125,rep,nonsyn,False,nonada,nonada,nonada
2577AT,2577.0,AT,G,10,2,0.001527883880825,rep,nonsyn,False,nonada,nonada,nonada
2578GT,2578.0,GT,G,10,2,0.001527883880825,rep,nonsyn,False,nonada,nonada,nonada
2579TG,2579.0,TG,H,10,1,0.0007639419404125,rep,nonsyn,False,nonada,nonada,nonada
257GA,257.0,GA,G,10,3,0.0022918258212375,mat,nonsyn,False,nonada,nonada,nonada
257GA,257.0,GA,H,10,1,0.0007639419404125,mat,nonsyn,False,nonada,nonada,nonada
257GT,257.0,GT,G,10,1,0.0007639419404125,mat,nonsyn,False,nonada,nonada,nonada
2580TC,2580.0,TC,G,10,1,0.0007639419404125,rep,nonsyn,False,nonada,nonada,nonada
2582TC,2582.0,TC,E,10,1,0.0007639419404125,rep,syn,False,nonada,nonada,nonada
2582TC,2582.0,TC,H,10,1,0.0007639419404125,rep,syn,False,nonada,nonada,nonada
2584TC,2584.0,TC,G,10,1,0.0007639419404125,rep,nonsyn,False,nonada,nonada,nonada
2585CT,2585.0,CT,E,10,3,0.0022918258212375,rep,syn,False,nonada,nonada,nonada
2585CT,2585.0,CT,G,10,1,0.0007639419404125,rep,syn,False,nonada,nonada,nonada
2588AG,2588.0,AG,E,10,1,0.0007639419404125,rep,syn,False,nonada,nonada,nonada
2589CG,2589.0,CG,H,10,1,0.0007639419404125,rep,nonsyn,False,nonada,nonada,nonada
258TC,258.0,TC,E,10,1,0.0007639419404125,mat,syn,False,nonada,nonada,nonada
258TC,258.0,TC,G,10,2,0.001527883880825,mat,syn,False,nonada,nonada,nonada
258TC,258.0,TC,H,10,1,0.0007639419404125,mat,syn,False,nonada,nonada,nonada
2590CA,2590.0,CA,E,10,1,0.0007639419404125,rep,nonsyn,False,nonada,nonada,nonada
2590CA,2590.0,CA,G,10,1,0.0007639419404125,rep,nonsyn,False,nonada,nonada,nonada
2591TC,2591.0,TC,E,10,1,0.0007639419404125,rep,syn,False,nonada,nonada,nonada
2591TC,2591.0,TC,G,10,2,0.001527883880825,rep,syn,False,nonada,nonada,nonada
2591TG,2591.0,TG,H,10,1,0.0007639419404125,rep,syn,False,nonada,nonada,nonada
2592GA,2592.0,GA,G,10,1,0.0007639419404125,rep,nonsyn,False,nonada,nonada,nonada
2593AC,2593.0,AC,H,10,1,0.0007639419404125,rep,nonsyn,False,nonada,nonada,nonada
2593AG,2593.0,AG,E,10,2,0.001527883880825,rep,nonsyn,False,nonada,nonada,nonada
2593AG,2593.0,AG,H,10,1,0.0007639419404125,rep,nonsyn,False,nonada,nonada,nonada
2595CA,2595.0,CA,E,10,1,0.0007639419404125,rep,nonsyn,False,nonada,nonada,nonada
2595CT,2595.0,CT,E,10,1,0.0007639419404125,rep,syn,False,nonada,nonada,nonada
2596TC,2596.0,TC,H,10,1,0.0007639419404125,rep,nonsyn,False,nonada,nonada,nonada
2597AT,2597.0,AT,G,10,1,0.0007639419404125,rep,syn,False,nonada,nonada,nonada
2599AT,2599.0,AT,E,10,2,0.001527883880825,rep,nonsyn,False,nonada,nonada,nonada
2600TC,2600.0,TC,G,10,2,0.001527883880825,rep,syn,False,nonada,nonada,nonada
2602CT,2602.0,CT,E,10,1,0.0007639419404125,rep,nonsyn,False,nonada,nonada,nonada
2603AG,2603.0,AG,E,10,1,0.0007639419404125,rep,syn,False,nonada,nonada,nonada
2603AG,2603.0,AG,G,10,1,0.0007639419404125,rep,syn,False,nonada,nonada,nonada
2603AG,2603.0,AG,H,10,1,0.0007639419404125,rep,syn,False,nonada,nonada,nonada
2606TC,2606.0,TC,G,10,1,0.0007639419404125,rep,syn,False,nonada,nonada,nonada
2606TC,2606.0,TC,H,10,1,0.0007639419404125,rep,syn,False,nonada,nonada,nonada
2607CA,2607.0,CA,G,10,1,0.0007639419404125,rep,nonsyn,False,nonada,nonada,nonada
2609CT,2609.0,CT,E,10,1,0.0007639419404125,rep,syn,False,nonada,nonada,nonada
2609CT,2609.0,CT,G,10,1,0.0007639419404125,rep,syn,False,nonada,nonada,nonada
260TA,260.0,TA,H,10,1,0.0007639419404125,mat,nonsyn,False,nonada,nonada,nonada
260TG,260.0,TG,E,10,1,0.0007639419404125,mat,nonsyn,False,nonada,nonada,nonada
2610GA,2610.0,GA,E,10,1,0.0007639419404125,rep,nonsyn,False,nonada,nonada,nonada
2610GA,2610.0,GA,G,10,1,0.0007639419404125,rep,nonsyn,False,nonada,nonada,nonada
2611AG,2611.0,AG,E,10,1,0.0007639419404125,rep,nonsyn,False,nonada,nonada,nonada
2612TC,2612.0,TC,E,10,1,0.0007639419404125,rep,syn,False,nonada,nonada,nonada
2612TC,2612.0,TC,G,10,4,0.0030557677616501,rep,syn,False,nonada,nonada,nonada
2613CT,2613.0,CT,E,10,3,0.0022918258212375,rep,nonsyn,False,nonada,nonada,nonada
2614GA,2614.0,GA,E,10,1,0.0007639419404125,rep,nonsyn,False,nonada,nonada,nonada
2614GA,2614.0,GA,G,10,1,0.0007639419404125,rep,nonsyn,False,nonada,nonada,nonada
2614GA,2614.0,GA,H,10,1,0.0007639419404125,rep,nonsyn,False,nonada,nonada,nonada
2615TC,2615.0,TC,E,10,1,0.0007639419404125,rep,syn,False,nonada,nonada,nonada
261TC,261.0,TC,G,10,2,0.001527883880825,mat,syn,False,nonada,nonada,nonada
2621CA,2621.0,CA,G,10,1,0.0007639419404125,rep,syn,False,nonada,nonada,nonada
2624AG,2624.0,AG,E,10,2,0.001527883880825,rep,syn,False,nonada,nonada,nonada
2624AG,2624.0,AG,G,10,1,0.0007639419404125,rep,syn,False,nonada,nonada,nonada
2624AG,2624.0,AG,H,10,1,0.0007639419404125,rep,syn,False,nonada,nonada,nonada
2625CT,2625.0,CT,H,10,1,0.0007639419404125,rep,nonsyn,False,nonada,nonada,nonada
2627CT,2627.0,CT,H,10,1,0.0007639419404125,rep,syn,False,nonada,nonada,nonada
262AG,262.0,AG,E,10,1,0.0007639419404125,mat,nonsyn,False,nonada,nonada,nonada
2631GA,2631.0,GA,E,10,1,0.0007639419404125,rep,nonsyn,False,nonada,nonada,nonada
2632GA,2632.0,GA,E,10,2,0.001527883880825,rep,nonsyn,False,nonada,nonada,nonada
2632GA,2632.0,GA,G,10,1,0.0007639419404125,rep,nonsyn,False,nonada,nonada,nonada
2633AG,2633.0,AG,E,10,2,0.001527883880825,rep,syn,False,nonada,nonada,nonada
2634AG,2634.0,AG,G,10,3,0.0022918258212375,rep,nonsyn,False,nonada,nonada,nonada
2635TC,2635.0,TC,H,10,1,0.0007639419404125,rep,nonsyn,False,nonada,nonada,nonada
2635TG,2635.0,TG,E,10,1,0.0007639419404125,rep,nonsyn,False,nonada,nonada,nonada
2636CT,2636.0,CT,E,10,1,0.0007639419404125,rep,syn,False,nonada,nonada,nonada
2636CT,2636.0,CT,G,10,1,0.0007639419404125,rep,syn,False,nonada,nonada,nonada
2636CT,2636.0,CT,H,10,1,0.0007639419404125,rep,syn,False,nonada,nonada,nonada
263AT,263.0,AT,G,10,1,0.0007639419404125,mat,nonsyn,False,nonada,nonada,nonada
2640GA,2640.0,GA,H,10,1,0.0007639419404125,rep,nonsyn,False,nonada,nonada,nonada
2640GT,2640.0,GT,G,10,1,0.0007639419404125,rep,nonsyn,False,nonada,nonada,nonada
2641AG,2641.0,AG,H,10,1,0.0007639419404125,rep,nonsyn,False,nonada,nonada,nonada
2642TC,2642.0,TC,E,10,3,0.0022918258212375,rep,syn,False,nonada,nonada,nonada
2642TC,2642.0,TC,G,10,1,0.0007639419404125,rep,syn,False,nonada,nonada,nonada
2643GA,2643.0,GA,E,10,1,0.0007639419404125,rep,nonsyn,False,nonada,nonada,nonada
2643GA,2643.0,GA,H,10,1,0.0007639419404125,rep,nonsyn,False,nonada,nonada,nonada
2644GA,2644.0,GA,E,10,2,0.001527883880825,rep,nonsyn,False,nonada,nonada,nonada
2644GA,2644.0,GA,G,10,2,0.001527883880825,rep,nonsyn,False,nonada,nonada,nonada
2645CT,2645.0,CT,E,10,8,0.0061115355233002,rep,syn,False,nonada,nonada,nonada
2645CT,2645.0,CT,G,10,2,0.001527883880825,rep,syn,False,nonada,nonada,nonada
2645CT,2645.0,CT,H,10,1,0.0007639419404125,rep,syn,False,nonada,nonada,nonada
2648GA,2648.0,GA,E,10,1,0.0007639419404125,rep,syn,False,nonada,nonada,nonada
264CA,264.0,CA,E,10,1,0.0007639419404125,mat,nonsyn,False,nonada,nonada,nonada
264CT,264.0,CT,G,10,6,0.0045836516424751,mat,syn,False,nonada,nonada,nonada
264CT,264.0,CT,H,10,1,0.0007639419404125,mat,syn,False,nonada,nonada,nonada
2650CA,2650.0,CA,G,10,1,0.0007639419404125,rep,nonsyn,False,nonada,nonada,nonada
2650CT,2650.0,CT,H,10,1,0.0007639419404125,rep,nonsyn,False,nonada,nonada,nonada
2651GA,2651.0,GA,G,10,3,0.0022918258212375,rep,syn,False,nonada,nonada,nonada
2652AG,2652.0,AG,E,10,1,0.0007639419404125,rep,nonsyn,False,nonada,nonada,nonada
2652AG,2652.0,AG,G,10,1,0.0007639419404125,rep,nonsyn,False,nonada,nonada,nonada
2654AG,2654.0,AG,G,10,1,0.0007639419404125,rep,nonsyn,False,nonada,nonada,nonada
2655CG,2655.0,CG,E,10,1,0.0007639419404125,rep,nonsyn,False,nonada,nonada,nonada
2656GA,2656.0,GA,G,10,2,0.001527883880825,rep,nonsyn,False,nonada,nonada,nonada
2658TG,2658.0,TG,E,10,2,0.001527883880825,rep,nonsyn,False,nonada,nonada,nonada
2658TG,2658.0,TG,H,10,3,0.0022918258212375,rep,nonsyn,False,nonada,nonada,nonada
2661GA,2661.0,GA,G,10,1,0.0007639419404125,rep,nonsyn,False,nonada,nonada,nonada
2662AG,2662.0,AG,E,10,2,0.001527883880825,rep,nonsyn,False,nonada,nonada,nonada
2663AG,2663.0,AG,E,10,2,0.001527883880825,rep,syn,False,nonada,nonada,nonada
2663AG,2663.0,AG,G,10,2,0.001527883880825,rep,syn,False,nonada,nonada,nonada
2663AG,2663.0,AG,H,10,1,0.0007639419404125,rep,syn,False,nonada,nonada,nonada
2664CA,2664.0,CA,E,10,1,0.0007639419404125,rep,nonsyn,False,nonada,nonada,nonada
2670TG,2670.0,TG,H,10,2,0.001527883880825,rep,nonsyn,False,nonada,nonada,nonada
2672CT,2672.0,CT,E,10,1,0.0007639419404125,rep,syn,False,nonada,nonada,nonada
2672CT,2672.0,CT,G,10,1,0.0007639419404125,rep,syn,False,nonada,nonada,nonada
2672CT,2672.0,CT,H,10,1,0.0007639419404125,rep,syn,False,nonada,nonada,nonada
2673AG,2673.0,AG,H,10,1,0.0007639419404125,rep,nonsyn,False,nonada,nonada,nonada
2674CT,2674.0,CT,E,10,1,0.0007639419404125,rep,nonsyn,False,nonada,nonada,nonada
2675AG,2675.0,AG,E,10,1,0.0007639419404125,rep,syn,False,nonada,nonada,nonada
2675AG,2675.0,AG,H,10,1,0.0007639419404125,rep,syn,False,nonada,nonada,nonada
2677TG,2677.0,TG,G,10,1,0.0007639419404125,rep,nonsyn,False,nonada,nonada,nonada
2677TG,2677.0,TG,H,10,2,0.001527883880825,rep,nonsyn,False,nonada,nonada,nonada
2679GA,2679.0,GA,E,10,1,0.0007639419404125,rep,nonsyn,False,nonada,nonada,nonada
2679GT,2679.0,GT,E,10,1,0.0007639419404125,rep,nonsyn,True,nonada,nonada,nonada
2680GA,2680.0,GA,E,10,1,0.0007639419404125,rep,nonsyn,False,nonada,nonada,nonada
2680GA,2680.0,GA,H,10,1,0.0007639419404125,rep,nonsyn,False,nonada,nonada,nonada
2681AG,2681.0,AG,E,10,2,0.001527883880825,rep,syn,False,nonada,nonada,nonada
2681AG,2681.0,AG,G,10,1,0.0007639419404125,rep,syn,False,nonada,nonada,nonada
2681AT,2681.0,AT,E,10,1,0.0007639419404125,rep,syn,False,nonada,nonada,nonada
2684TC,2684.0,TC,G,10,1,0.0007639419404125,rep,syn,False,nonada,nonada,nonada
2684TC,2684.0,TC,H,10,1,0.0007639419404125,rep,syn,False,nonada,nonada,nonada
2684TG,2684.0,TG,E,10,1,0.0007639419404125,rep,nonsyn,False,nonada,nonada,nonada
2687GT,2687.0,GT,H,10,1,0.0007639419404125,rep,syn,False,nonada,nonada,nonada
2689TG,2689.0,TG,G,10,1,0.0007639419404125,rep,nonsyn,False,nonada,nonada,nonada
2689TG,2689.0,TG,H,10,1,0.0007639419404125,rep,nonsyn,False,nonada,nonada,nonada
2690CT,2690.0,CT,G,10,1,0.0007639419404125,rep,syn,False,nonada,nonada,nonada
2690CT,2690.0,CT,H,10,1,0.0007639419404125,rep,syn,False,nonada,nonada,nonada
2691AG,2691.0,AG,G,10,1,0.0007639419404125,rep,nonsyn,False,nonada,nonada,nonada
2691AG,2691.0,AG,H,10,1,0.0007639419404125,rep,nonsyn,False,nonada,nonada,nonada
2693AG,2693.0,AG,G,10,1,0.0007639419404125,rep,syn,False,nonada,nonada,nonada
2693AG,2693.0,AG,H,10,1,0.0007639419404125,rep,syn,False,nonada,nonada,nonada
2693AT,2693.0,AT,G,10,1,0.0007639419404125,rep,syn,False,nonada,nonada,nonada
2693AT,2693.0,AT,H,10,1,0.0007639419404125,rep,syn,False,nonada,nonada,nonada
2694TC,2694.0,TC,G,10,1,0.0007639419404125,rep,nonsyn,False,nonada,nonada,nonada
2696TC,2696.0,TC,G,10,1,0.0007639419404125,rep,syn,False,nonada,nonada,nonada
2696TG,2696.0,TG,E,10,1,0.0007639419404125,rep,nonsyn,False,nonada,nonada,nonada
2698AG,2698.0,AG,H,10,3,0.0022918258212375,rep,nonsyn,False,nonada,nonada,nonada
2699GA,2699.0,GA,G,10,1,0.0007639419404125,rep,syn,False,nonada,nonada,nonada
2699GT,2699.0,GT,G,10,1,0.0007639419404125,rep,nonsyn,False,nonada,nonada,nonada
2700CT,2700.0,CT,G,10,1,0.0007639419404125,rep,syn,False,nonada,nonada,nonada
2701TC,2701.0,TC,E,10,1,0.0007639419404125,rep,nonsyn,False,nonada,nonada,nonada
2704AG,2704.0,AG,H,10,1,0.0007639419404125,rep,nonsyn,False,nonada,nonada,nonada
2706TC,2706.0,TC,G,10,1,0.0007639419404125,rep,nonsyn,False,nonada,nonada,nonada
2706TC,2706.0,TC,H,10,1,0.0007639419404125,rep,nonsyn,False,nonada,nonada,nonada
2707CA,2707.0,CA,E,10,1,0.0007639419404125,rep,nonsyn,False,nonada,nonada,nonada
2707CG,2707.0,CG,E,10,1,0.0007639419404125,rep,nonsyn,False,nonada,nonada,nonada
270TC,270.0,TC,H,10,1,0.0007639419404125,mat,syn,False,nonada,nonada,nonada
270TG,270.0,TG,H,10,1,0.0007639419404125,mat,syn,False,nonada,nonada,nonada
2710TG,2710.0,TG,G,10,1,0.0007639419404125,rep,nonsyn,False,nonada,nonada,nonada
2710TG,2710.0,TG,H,10,3,0.0022918258212375,rep,nonsyn,False,nonada,nonada,nonada
2711GA,2711.0,GA,G,10,1,0.0007639419404125,rep,nonsyn,False,nonada,nonada,nonada
2712AG,2712.0,AG,H,10,1,0.0007639419404125,rep,nonsyn,False,nonada,nonada,nonada
2714AG,2714.0,AG,E,10,1,0.0007639419404125,rep,nonsyn,False,nonada,nonada,nonada
2714AG,2714.0,AG,G,10,1,0.0007639419404125,rep,nonsyn,False,nonada,nonada,nonada
271GA,271.0,GA,G,10,1,0.0007639419404125,mat,nonsyn,False,nonada,nonada,nonada
2720GA,2720.0,GA,E,10,1,0.0007639419404125,rep,nonsyn,True,nonada,nonada,nonada
2720GA,2720.0,GA,G,10,1,0.0007639419404125,rep,nonsyn,True,nonada,nonada,nonada
2722CA,2722.0,CA,H,10,1,0.0007639419404125,rep,nonsyn,False,nonada,nonada,nonada
2723AG,2723.0,AG,G,10,1,0.0007639419404125,rep,syn,False,nonada,nonada,nonada
2728TC,2728.0,TC,E,10,3,0.0022918258212375,rep,nonsyn,False,nonada,nonada,nonada
2728TC,2728.0,TC,G,10,1,0.0007639419404125,rep,nonsyn,False,nonada,nonada,nonada
2729CA,2729.0,CA,H,10,1,0.0007639419404125,rep,syn,False,nonada,nonada,nonada
2729CT,2729.0,CT,H,10,1,0.0007639419404125,rep,syn,False,nonada,nonada,nonada
272GA,272.0,GA,G,10,1,0.0007639419404125,mat,nonsyn,False,nonada,nonada,nonada
272GC,272.0,GC,H,10,1,0.0007639419404125,mat,nonsyn,False,nonada,nonada,nonada
2731AG,2731.0,AG,E,10,6,0.0045836516424751,rep,nonsyn,False,nonada,nonada,nonada
2731AG,2731.0,AG,H,10,1,0.0007639419404125,rep,nonsyn,False,nonada,nonada,nonada
2732AG,2732.0,AG,G,10,1,0.0007639419404125,rep,syn,False,nonada,nonada,nonada
2732AG,2732.0,AG,H,10,1,0.0007639419404125,rep,syn,False,nonada,nonada,nonada
2733GA,2733.0,GA,E,10,1,0.0007639419404125,rep,nonsyn,False,nonada,nonada,nonada
2733GA,2733.0,GA,G,10,2,0.001527883880825,rep,nonsyn,False,nonada,nonada,nonada
2733GC,2733.0,GC,G,10,1,0.0007639419404125,rep,nonsyn,False,nonada,nonada,nonada
2733GT,2733.0,GT,G,10,2,0.001527883880825,rep,nonsyn,False,nonada,nonada,nonada
2733GT,2733.0,GT,H,10,2,0.001527883880825,rep,nonsyn,False,nonada,nonada,nonada
2734CG,2734.0,CG,H,10,1,0.0007639419404125,rep,nonsyn,False,nonada,nonada,nonada
2734CT,2734.0,CT,H,10,1,0.0007639419404125,rep,nonsyn,False,nonada,nonada,nonada
2735GA,2735.0,GA,E,10,1,0.0007639419404125,rep,syn,False,nonada,nonada,nonada
2735GA,2735.0,GA,H,10,2,0.001527883880825,rep,syn,False,nonada,nonada,nonada
2736AG,2736.0,AG,G,10,1,0.0007639419404125,rep,nonsyn,False,nonada,nonada,nonada
2737CA,2737.0,CA,E,10,1,0.0007639419404125,rep,nonsyn,False,nonada,nonada,nonada
2737CT,2737.0,CT,H,10,1,0.0007639419404125,rep,nonsyn,False,nonada,nonada,nonada
2738CT,2738.0,CT,H,10,1,0.0007639419404125,rep,syn,False,nonada,nonada,nonada
2739CA,2739.0,CA,E,10,1,0.0007639419404125,rep,nonsyn,False,nonada,nonada,nonada
2739CA,2739.0,CA,G,10,5,0.0038197097020626,rep,nonsyn,False,nonada,nonada,nonada
2739CA,2739.0,CA,H,10,1,0.0007639419404125,rep,nonsyn,False,nonada,nonada,nonada
273GA,273.0,GA,G,10,1,0.0007639419404125,mat,syn,False,nonada,nonada,nonada
2741AC,2741.0,AC,H,10,1,0.0007639419404125,rep,nonsyn,False,nonada,nonada,nonada
2741AG,2741.0,AG,H,10,1,0.0007639419404125,rep,syn,False,nonada,nonada,nonada
2741AT,2741.0,AT,H,10,1,0.0007639419404125,rep,nonsyn,False,nonada,nonada,nonada
2742AG,2742.0,AG,H,10,1,0.0007639419404125,rep,nonsyn,False,nonada,nonada,nonada
2743TC,2743.0,TC,E,10,1,0.0007639419404125,rep,nonsyn,False,nonada,nonada,nonada
2744CT,2744.0,CT,E,10,2,0.001527883880825,rep,syn,False,nonada,nonada,nonada
2744CT,2744.0,CT,G,10,1,0.0007639419404125,rep,syn,False,nonada,nonada,nonada
2747TC,2747.0,TC,E,10,1,0.0007639419404125,rep,syn,False,nonada,nonada,nonada
2748TC,2748.0,TC,H,10,1,0.0007639419404125,rep,nonsyn,False,nonada,nonada,nonada
2749TC,2749.0,TC,H,10,1,0.0007639419404125,rep,nonsyn,False,nonada,nonada,nonada
274GA,274.0,GA,E,10,1,0.0007639419404125,mat,nonsyn,False,nonada,nonada,nonada
274GA,274.0,GA,G,10,3,0.0022918258212375,mat,nonsyn,False,nonada,nonada,nonada
2750TC,2750.0,TC,G,10,1,0.0007639419404125,rep,syn,False,nonada,nonada,nonada
2750TC,2750.0,TC,H,10,2,0.001527883880825,rep,syn,False,nonada,nonada,nonada
2750TG,2750.0,TG,E,10,2,0.001527883880825,rep,nonsyn,False,nonada,nonada,nonada
2750TG,2750.0,TG,G,10,1,0.0007639419404125,rep,nonsyn,False,nonada,nonada,nonada
2750TG,2750.0,TG,H,10,2,0.001527883880825,rep,nonsyn,False,nonada,nonada,nonada
2751GA,2751.0,GA,G,10,3,0.0022918258212375,rep,nonsyn,False,nonada,nonada,nonada
2751GA,2751.0,GA,H,10,1,0.0007639419404125,rep,nonsyn,False,nonada,nonada,nonada
2751GT,2751.0,GT,G,10,1,0.0007639419404125,rep,nonsyn,False,nonada,nonada,nonada
2753TC,2753.0,TC,H,10,1,0.0007639419404125,rep,syn,False,nonada,nonada,nonada
2753TG,2753.0,TG,H,10,1,0.0007639419404125,rep,syn,False,nonada,nonada,nonada
2754AG,2754.0,AG,E,10,1,0.0007639419404125,rep,nonsyn,False,nonada,nonada,nonada
2754AG,2754.0,AG,H,10,1,0.0007639419404125,rep,nonsyn,False,nonada,nonada,nonada
2755AG,2755.0,AG,G,10,1,0.0007639419404125,rep,nonsyn,False,nonada,nonada,nonada
2756CG,2756.0,CG,H,10,1,0.0007639419404125,rep,nonsyn,False,nonada,nonada,nonada
2756CT,2756.0,CT,G,10,1,0.0007639419404125,rep,syn,False,nonada,nonada,nonada
2757GT,2757.0,GT,H,10,1,0.0007639419404125,rep,nonsyn,False,nonada,nonada,nonada
2759CG,2759.0,CG,E,10,1,0.0007639419404125,rep,syn,False,nonada,nonada,nonada
2759CT,2759.0,CT,E,10,1,0.0007639419404125,rep,syn,False,nonada,nonada,nonada
275CT,275.0,CT,E,10,1,0.0007639419404125,mat,nonsyn,False,nonada,nonada,nonada
275CT,275.0,CT,G,10,1,0.0007639419404125,mat,nonsyn,False,nonada,nonada,nonada
2760GA,2760.0,GA,G,10,1,0.0007639419404125,rep,nonsyn,False,nonada,nonada,nonada
2763AC,2763.0,AC,E,10,1,0.0007639419404125,rep,nonsyn,False,nonada,nonada,nonada
2763AG,2763.0,AG,H,10,1,0.0007639419404125,rep,nonsyn,False,nonada,nonada,nonada
2763AT,2763.0,AT,E,10,1,0.0007639419404125,rep,nonsyn,False,nonada,nonada,nonada
2764CT,2764.0,CT,H,10,1,0.0007639419404125,rep,nonsyn,False,nonada,nonada,nonada
2765CT,2765.0,CT,G,10,1,0.0007639419404125,rep,syn,False,nonada,nonada,nonada
2767TC,2767.0,TC,E,10,1,0.0007639419404125,rep,nonsyn,False,nonada,nonada,nonada
2767TC,2767.0,TC,H,10,2,0.001527883880825,rep,nonsyn,False,nonada,nonada,nonada
2768AG,2768.0,AG,G,10,1,0.0007639419404125,rep,nonsyn,False,nonada,nonada,nonada
276CA,276.0,CA,E,10,1,0.0007639419404125,mat,syn,False,nonada,nonada,nonada
276CT,276.0,CT,G,10,1,0.0007639419404125,mat,syn,False,nonada,nonada,nonada
276CT,276.0,CT,H,10,1,0.0007639419404125,mat,syn,False,nonada,nonada,nonada
2771CT,2771.0,CT,E,10,1,0.0007639419404125,rep,syn,False,nonada,nonada,nonada
2772AG,2772.0,AG,G,10,1,0.0007639419404125,rep,nonsyn,False,nonada,nonada,nonada
2774CT,2774.0,CT,G,10,1,0.0007639419404125,rep,syn,False,nonada,nonada,nonada
2775TC,2775.0,TC,E,10,1,0.0007639419404125,rep,nonsyn,False,nonada,nonada,nonada
2776AT,2776.0,AT,E,10,1,0.0007639419404125,rep,nonsyn,False,nonada,nonada,nonada
2777CG,2777.0,CG,H,10,4,0.0030557677616501,rep,nonsyn,True,nonada,nonada,nonada
2777CT,2777.0,CT,G,10,1,0.0007639419404125,rep,syn,False,nonada,nonada,nonada
2779GA,2779.0,GA,E,10,1,0.0007639419404125,rep,nonsyn,False,nonada,nonada,nonada
277AG,277.0,AG,G,10,1,0.0007639419404125,mat,nonsyn,False,nonada,nonada,nonada
2783CG,2783.0,CG,H,10,1,0.0007639419404125,rep,nonsyn,False,nonada,nonada,nonada
2783CT,2783.0,CT,G,10,2,0.001527883880825,rep,syn,False,nonada,nonada,nonada
2783CT,2783.0,CT,H,10,1,0.0007639419404125,rep,syn,False,nonada,nonada,nonada
2785AG,2785.0,AG,E,10,1,0.0007639419404125,rep,nonsyn,False,nonada,nonada,nonada
2786TC,2786.0,TC,E,10,2,0.001527883880825,rep,syn,False,nonada,nonada,nonada
2786TC,2786.0,TC,H,10,1,0.0007639419404125,rep,syn,False,nonada,nonada,nonada
2789TC,2789.0,TC,E,10,1,0.0007639419404125,rep,syn,False,nonada,nonada,nonada
2789TC,2789.0,TC,H,10,1,0.0007639419404125,rep,syn,False,nonada,nonada,nonada
278AG,278.0,AG,E,10,1,0.0007639419404125,mat,nonsyn,False,nonada,nonada,nonada
278AG,278.0,AG,G,10,1,0.0007639419404125,mat,nonsyn,False,nonada,nonada,nonada
278AG,278.0,AG,H,10,1,0.0007639419404125,mat,nonsyn,False,nonada,nonada,nonada
2790AT,2790.0,AT,H,10,1,0.0007639419404125,rep,nonsyn,False,nonada,nonada,nonada
2791TA,2791.0,TA,G,10,1,0.0007639419404125,rep,nonsyn,False,nonada,nonada,nonada
2795TC,2795.0,TC,E,10,1,0.0007639419404125,rep,syn,False,nonada,nonada,nonada
2795TC,2795.0,TC,G,10,1,0.0007639419404125,rep,syn,False,nonada,nonada,nonada
2795TC,2795.0,TC,H,10,1,0.0007639419404125,rep,syn,False,nonada,nonada,nonada
2798CT,2798.0,CT,E,10,1,0.0007639419404125,rep,syn,False,nonada,nonada,nonada
2798CT,2798.0,CT,G,10,4,0.0030557677616501,rep,syn,False,nonada,nonada,nonada
2798CT,2798.0,CT,H,10,1,0.0007639419404125,rep,syn,False,nonada,nonada,nonada
2799AG,2799.0,AG,E,10,1,0.0007639419404125,rep,nonsyn,False,nonada,nonada,nonada
2799AG,2799.0,AG,G,10,1,0.0007639419404125,rep,nonsyn,False,nonada,nonada,nonada
279AG,279.0,AG,E,10,1,0.0007639419404125,mat,syn,False,nonada,nonada,nonada
2800GA,2800.0,GA,E,10,1,0.0007639419404125,rep,nonsyn,False,nonada,nonada,nonada
2801TC,2801.0,TC,E,10,3,0.0022918258212375,rep,syn,False,nonada,nonada,nonada
2801TC,2801.0,TC,H,10,2,0.001527883880825,rep,syn,False,nonada,nonada,nonada
2801TG,2801.0,TG,E,10,1,0.0007639419404125,rep,nonsyn,False,nonada,nonada,nonada
2801TG,2801.0,TG,H,10,1,0.0007639419404125,rep,nonsyn,False,nonada,nonada,nonada
2802GA,2802.0,GA,G,10,1,0.0007639419404125,rep,nonsyn,False,nonada,nonada,nonada
2803AG,2803.0,AG,E,10,1,0.0007639419404125,rep,nonsyn,False,nonada,nonada,nonada
2805AG,2805.0,AG,E,10,1,0.0007639419404125,rep,nonsyn,False,nonada,nonada,nonada
2805AG,2805.0,AG,H,10,1,0.0007639419404125,rep,nonsyn,False,nonada,nonada,nonada
2806TG,2806.0,TG,G,10,1,0.0007639419404125,rep,nonsyn,False,nonada,nonada,nonada
2807TA,2807.0,TA,H,10,1,0.0007639419404125,rep,syn,False,nonada,nonada,nonada
2808GA,2808.0,GA,G,10,1,0.0007639419404125,rep,nonsyn,False,nonada,nonada,nonada
2809CT,2809.0,CT,H,10,2,0.001527883880825,rep,nonsyn,False,nonada,nonada,nonada
280AG,280.0,AG,G,10,2,0.001527883880825,mat,nonsyn,False,nonada,nonada,nonada
280AG,280.0,AG,H,10,1,0.0007639419404125,mat,nonsyn,False,nonada,nonada,nonada
280AT,280.0,AT,G,10,1,0.0007639419404125,mat,nonsyn,False,nonada,nonada,nonada
2811CA,2811.0,CA,H,10,2,0.001527883880825,rep,nonsyn,False,nonada,nonada,nonada
2814CA,2814.0,CA,H,10,1,0.0007639419404125,rep,nonsyn,False,nonada,nonada,nonada
2814CG,2814.0,CG,H,10,1,0.0007639419404125,rep,nonsyn,False,nonada,nonada,nonada
2814CT,2814.0,CT,G,10,2,0.001527883880825,rep,nonsyn,False,nonada,nonada,nonada
2815GA,2815.0,GA,E,10,3,0.0022918258212375,rep,nonsyn,False,nonada,nonada,nonada
2815GA,2815.0,GA,G,10,1,0.0007639419404125,rep,nonsyn,False,nonada,nonada,nonada
2815GA,2815.0,GA,H,10,1,0.0007639419404125,rep,nonsyn,False,nonada,nonada,nonada
2816TC,2816.0,TC,E,10,1,0.0007639419404125,rep,syn,False,nonada,nonada,nonada
2816TC,2816.0,TC,H,10,3,0.0022918258212375,rep,syn,False,nonada,nonada,nonada
2816TG,2816.0,TG,E,10,2,0.001527883880825,rep,syn,False,nonada,nonada,nonada
2816TG,2816.0,TG,G,10,1,0.0007639419404125,rep,syn,False,nonada,nonada,nonada
2816TG,2816.0,TG,H,10,2,0.001527883880825,rep,syn,False,nonada,nonada,nonada
2818TC,2818.0,TC,G,10,1,0.0007639419404125,rep,nonsyn,False,nonada,nonada,nonada
2818TG,2818.0,TG,H,10,1,0.0007639419404125,rep,nonsyn,False,nonada,nonada,nonada
281CT,281.0,CT,E,10,1,0.0007639419404125,mat,nonsyn,False,nonada,nonada,nonada
2823GA,2823.0,GA,H,10,1,0.0007639419404125,rep,nonsyn,False,nonada,nonada,nonada
2824AG,2824.0,AG,H,10,1,0.0007639419404125,rep,nonsyn,False,nonada,nonada,nonada
2825GA,2825.0,GA,E,10,3,0.0022918258212375,rep,syn,False,nonada,nonada,nonada
2826GA,2826.0,GA,E,10,1,0.0007639419404125,rep,nonsyn,False,nonada,nonada,nonada
2828AG,2828.0,AG,E,10,1,0.0007639419404125,rep,syn,False,nonada,nonada,nonada
2828AG,2828.0,AG,H,10,1,0.0007639419404125,rep,syn,False,nonada,nonada,nonada
2829CT,2829.0,CT,H,10,1,0.0007639419404125,rep,nonsyn,False,nonada,nonada,nonada
282GA,282.0,GA,E,10,1,0.0007639419404125,mat,syn,False,nonada,nonada,nonada
282GA,282.0,GA,G,10,3,0.0022918258212375,mat,syn,False,nonada,nonada,nonada
282GA,282.0,GA,H,10,1,0.0007639419404125,mat,syn,False,nonada,nonada,nonada
2831TC,2831.0,TC,G,10,1,0.0007639419404125,rep,syn,False,nonada,nonada,nonada
2831TC,2831.0,TC,H,10,1,0.0007639419404125,rep,syn,False,nonada,nonada,nonada
2831TG,2831.0,TG,H,10,1,0.0007639419404125,rep,syn,False,nonada,nonada,nonada
2832GA,2832.0,GA,G,10,1,0.0007639419404125,rep,nonsyn,False,nonada,nonada,nonada
2832GT,2832.0,GT,H,10,1,0.0007639419404125,rep,nonsyn,False,nonada,nonada,nonada
2833CG,2833.0,CG,G,10,1,0.0007639419404125,rep,nonsyn,False,nonada,nonada,nonada
2833CG,2833.0,CG,H,10,1,0.0007639419404125,rep,nonsyn,False,nonada,nonada,nonada
2833CT,2833.0,CT,E,10,1,0.0007639419404125,rep,nonsyn,False,nonada,nonada,nonada
2833CT,2833.0,CT,G,10,1,0.0007639419404125,rep,nonsyn,False,nonada,nonada,nonada
2836AT,2836.0,AT,H,10,1,0.0007639419404125,rep,nonsyn,False,nonada,nonada,nonada
2837CT,2837.0,CT,E,10,2,0.001527883880825,rep,syn,False,nonada,nonada,nonada
2838TA,2838.0,TA,H,10,1,0.0007639419404125,rep,nonsyn,False,nonada,nonada,nonada
2839AG,2839.0,AG,H,10,3,0.0022918258212375,rep,nonsyn,False,nonada,nonada,nonada
283AG,283.0,AG,E,10,1,0.0007639419404125,mat,nonsyn,False,nonada,nonada,nonada
283AT,283.0,AT,H,10,1,0.0007639419404125,mat,nonsyn,True,nonada,nonada,nonada
2840CG,2840.0,CG,E,10,1,0.0007639419404125,rep,nonsyn,True,nonada,nonada,nonada
2840CG,2840.0,CG,H,10,1,0.0007639419404125,rep,nonsyn,True,nonada,nonada,nonada
2840CT,2840.0,CT,H,10,1,0.0007639419404125,rep,syn,False,nonada,nonada,nonada
2842GA,2842.0,GA,G,10,1,0.0007639419404125,rep,nonsyn,False,nonada,nonada,nonada
2842GT,2842.0,GT,E,10,2,0.001527883880825,rep,nonsyn,False,nonada,nonada,nonada
2842GT,2842.0,GT,G,10,2,0.001527883880825,rep,nonsyn,False,nonada,nonada,nonada
2842GT,2842.0,GT,H,10,1,0.0007639419404125,rep,nonsyn,False,nonada,nonada,nonada
2843TC,2843.0,TC,G,10,1,0.0007639419404125,rep,syn,False,nonada,nonada,nonada
2843TC,2843.0,TC,H,10,1,0.0007639419404125,rep,syn,False,nonada,nonada,nonada
2846TC,2846.0,TC,G,10,2,0.001527883880825,rep,syn,False,nonada,nonada,nonada
2847AG,2847.0,AG,H,10,1,0.0007639419404125,rep,nonsyn,False,nonada,nonada,nonada
2848AG,2848.0,AG,G,10,1,0.0007639419404125,rep,nonsyn,False,nonada,nonada,nonada
2848AG,2848.0,AG,H,10,2,0.001527883880825,rep,nonsyn,False,nonada,nonada,nonada
284AG,284.0,AG,G,10,1,0.0007639419404125,mat,nonsyn,False,nonada,nonada,nonada
2855TC,2855.0,TC,G,10,1,0.0007639419404125,rep,syn,False,nonada,nonada,nonada
2856CA,2856.0,CA,G,10,1,0.0007639419404125,rep,nonsyn,False,nonada,nonada,nonada
2857TC,2857.0,TC,H,10,1,0.0007639419404125,rep,nonsyn,False,nonada,nonada,nonada
2858TC,2858.0,TC,E,10,1,0.0007639419404125,rep,syn,False,nonada,nonada,nonada
2858TC,2858.0,TC,H,10,2,0.001527883880825,rep,syn,False,nonada,nonada,nonada
2858TG,2858.0,TG,H,10,1,0.0007639419404125,rep,syn,False,nonada,nonada,nonada
2859CT,2859.0,CT,E,10,3,0.0022918258212375,rep,nonsyn,False,nonada,ada,nonada
2859CT,2859.0,CT,G,10,50,0.0381970970206264,rep,nonsyn,False,nonada,ada,ada
2859CT,2859.0,CT,H,10,55,0.042016806722689,rep,nonsyn,False,nonada,ada,ada
285AC,285.0,AC,E,10,2,0.001527883880825,mat,nonsyn,False,nonada,nonada,nonada
285AG,285.0,AG,G,10,1,0.0007639419404125,mat,syn,False,nonada,nonada,nonada
285AG,285.0,AG,H,10,2,0.001527883880825,mat,syn,False,nonada,nonada,nonada
2860GA,2860.0,GA,E,10,2,0.001527883880825,rep,nonsyn,False,nonada,nonada,nonada
2860GA,2860.0,GA,G,10,3,0.0022918258212375,rep,nonsyn,False,nonada,nonada,nonada
2860GA,2860.0,GA,H,10,1,0.0007639419404125,rep,nonsyn,False,nonada,nonada,nonada
2861TA,2861.0,TA,G,10,1,0.0007639419404125,rep,syn,False,nonada,nonada,nonada
2861TA,2861.0,TA,H,10,1,0.0007639419404125,rep,syn,False,nonada,nonada,nonada
2861TC,2861.0,TC,E,10,1,0.0007639419404125,rep,syn,False,nonada,nonada,nonada
2862AT,2862.0,AT,G,10,1,0.0007639419404125,rep,nonsyn,True,nonada,nonada,nonada
2862AT,2862.0,AT,H,10,1,0.0007639419404125,rep,nonsyn,True,nonada,nonada,nonada
2864AG,2864.0,AG,G,10,1,0.0007639419404125,rep,syn,False,nonada,nonada,nonada
2865AG,2865.0,AG,H,10,1,0.0007639419404125,rep,nonsyn,False,nonada,nonada,nonada
2865AT,2865.0,AT,G,10,1,0.0007639419404125,rep,nonsyn,False,nonada,nonada,nonada
2866CA,2866.0,CA,H,10,1,0.0007639419404125,rep,nonsyn,False,nonada,nonada,nonada
2866CG,2866.0,CG,H,10,3,0.0022918258212375,rep,nonsyn,False,nonada,nonada,nonada
2866CT,2866.0,CT,E,10,1,0.0007639419404125,rep,nonsyn,False,nonada,nonada,nonada
2866CT,2866.0,CT,G,10,2,0.001527883880825,rep,nonsyn,False,nonada,nonada,nonada
2866CT,2866.0,CT,H,10,1,0.0007639419404125,rep,nonsyn,False,nonada,nonada,nonada
2869TG,2869.0,TG,H,10,1,0.0007639419404125,rep,nonsyn,False,nonada,nonada,nonada
286CT,286.0,CT,G,10,1,0.0007639419404125,mat,nonsyn,True,nonada,nonada,nonada
2870CT,2870.0,CT,H,10,1,0.0007639419404125,rep,syn,False,nonada,nonada,nonada
2873GA,2873.0,GA,G,10,3,0.0022918258212375,rep,syn,False,nonada,nonada,nonada
2873GA,2873.0,GA,H,10,1,0.0007639419404125,rep,syn,False,nonada,nonada,nonada
2874TC,2874.0,TC,G,10,1,0.0007639419404125,rep,nonsyn,False,nonada,nonada,nonada
2874TC,2874.0,TC,H,10,3,0.0022918258212375,rep,nonsyn,False,nonada,nonada,nonada
2874TG,2874.0,TG,H,10,1,0.0007639419404125,rep,nonsyn,False,nonada,nonada,nonada
2876CG,2876.0,CG,E,10,1,0.0007639419404125,rep,syn,False,nonada,nonada,nonada
2878GA,2878.0,GA,E,10,1,0.0007639419404125,rep,nonsyn,False,nonada,nonada,nonada
2878GA,2878.0,GA,G,10,1,0.0007639419404125,rep,nonsyn,False,nonada,nonada,nonada
2878GA,2878.0,GA,H,10,1,0.0007639419404125,rep,nonsyn,False,nonada,nonada,nonada
2879GA,2879.0,GA,G,10,1,0.0007639419404125,rep,syn,False,nonada,nonada,nonada
287AG,287.0,AG,E,10,1,0.0007639419404125,mat,nonsyn,False,nonada,nonada,nonada
287AG,287.0,AG,G,10,1,0.0007639419404125,mat,nonsyn,False,nonada,nonada,nonada
287AT,287.0,AT,G,10,1,0.0007639419404125,mat,nonsyn,False,nonada,nonada,nonada
2881TC,2881.0,TC,H,10,1,0.0007639419404125,rep,nonsyn,False,nonada,nonada,nonada
2882CT,2882.0,CT,E,10,2,0.001527883880825,rep,syn,False,nonada,nonada,nonada
2882CT,2882.0,CT,G,10,3,0.0022918258212375,rep,syn,False,nonada,nonada,nonada
2882CT,2882.0,CT,H,10,1,0.0007639419404125,rep,syn,False,nonada,nonada,nonada
2884TC,2884.0,TC,E,10,1,0.0007639419404125,rep,nonsyn,False,nonada,nonada,nonada
2885TG,2885.0,TG,E,10,1,0.0007639419404125,rep,nonsyn,False,nonada,nonada,nonada
2886CT,2886.0,CT,H,10,1,0.0007639419404125,rep,nonsyn,False,nonada,nonada,nonada
2887GA,2887.0,GA,E,10,3,0.0022918258212375,rep,nonsyn,False,nonada,nonada,nonada
2888CG,2888.0,CG,E,10,1,0.0007639419404125,rep,syn,False,nonada,nonada,nonada
2888CT,2888.0,CT,G,10,1,0.0007639419404125,rep,syn,False,nonada,nonada,nonada
2889GA,2889.0,GA,G,10,2,0.001527883880825,rep,nonsyn,False,nonada,nonada,nonada
288GA,288.0,GA,E,10,5,0.0038197097020626,mat,syn,False,nonada,nonada,nonada
288GA,288.0,GA,G,10,1,0.0007639419404125,mat,syn,False,nonada,nonada,nonada
288GT,288.0,GT,E,10,1,0.0007639419404125,mat,nonsyn,False,nonada,nonada,nonada
2890AG,2890.0,AG,H,10,1,0.0007639419404125,rep,nonsyn,False,nonada,nonada,nonada
2894CT,2894.0,CT,E,10,1,0.0007639419404125,rep,syn,False,nonada,nonada,nonada
2896GA,2896.0,GA,G,10,2,0.001527883880825,rep,nonsyn,False,nonada,nonada,nonada
2896GC,2896.0,GC,G,10,1,0.0007639419404125,rep,nonsyn,False,nonada,nonada,nonada
2896GT,2896.0,GT,H,10,2,0.001527883880825,rep,nonsyn,False,nonada,nonada,nonada
2897CG,2897.0,CG,H,10,2,0.001527883880825,rep,nonsyn,False,nonada,nonada,nonada
2897CT,2897.0,CT,E,10,1,0.0007639419404125,rep,syn,False,nonada,nonada,nonada
2897CT,2897.0,CT,G,10,1,0.0007639419404125,rep,syn,False,nonada,nonada,nonada
2897CT,2897.0,CT,H,10,2,0.001527883880825,rep,syn,False,nonada,nonada,nonada
2898GA,2898.0,GA,H,10,2,0.001527883880825,rep,nonsyn,False,nonada,nonada,nonada
2899GA,2899.0,GA,G,10,1,0.0007639419404125,rep,nonsyn,False,nonada,nonada,nonada
289TC,289.0,TC,H,10,1,0.0007639419404125,mat,nonsyn,False,nonada,nonada,nonada
2901GA,2901.0,GA,E,10,1,0.0007639419404125,rep,nonsyn,False,nonada,nonada,nonada
2901GA,2901.0,GA,G,10,1,0.0007639419404125,rep,nonsyn,False,nonada,nonada,nonada
2903GA,2903.0,GA,G,10,1,0.0007639419404125,rep,syn,False,nonada,nonada,nonada
2903GC,2903.0,GC,G,10,1,0.0007639419404125,rep,syn,False,nonada,nonada,nonada
2906CT,2906.0,CT,E,10,2,0.001527883880825,rep,syn,False,nonada,nonada,nonada
2906CT,2906.0,CT,G,10,1,0.0007639419404125,rep,syn,False,nonada,nonada,nonada
2907TC,2907.0,TC,E,10,1,0.0007639419404125,rep,nonsyn,False,nonada,nonada,nonada
2907TC,2907.0,TC,G,10,3,0.0022918258212375,rep,nonsyn,False,nonada,nonada,nonada
2907TC,2907.0,TC,H,10,1,0.0007639419404125,rep,nonsyn,False,nonada,nonada,nonada
2908TC,2908.0,TC,E,10,1,0.0007639419404125,rep,nonsyn,False,nonada,nonada,nonada
2908TG,2908.0,TG,H,10,1,0.0007639419404125,rep,nonsyn,False,nonada,nonada,nonada
2909TC,2909.0,TC,E,10,1,0.0007639419404125,rep,syn,False,nonada,nonada,nonada
2909TC,2909.0,TC,G,10,1,0.0007639419404125,rep,syn,False,nonada,nonada,nonada
2909TG,2909.0,TG,G,10,1,0.0007639419404125,rep,nonsyn,False,nonada,nonada,nonada
2912CT,2912.0,CT,G,10,1,0.0007639419404125,rep,syn,False,nonada,nonada,nonada
2912CT,2912.0,CT,H,10,1,0.0007639419404125,rep,syn,False,nonada,nonada,nonada
2913CT,2913.0,CT,H,10,1,0.0007639419404125,rep,nonsyn,False,nonada,nonada,nonada
2914GT,2914.0,GT,G,10,3,0.0022918258212375,rep,nonsyn,False,nonada,nonada,nonada
2914GT,2914.0,GT,H,10,1,0.0007639419404125,rep,nonsyn,False,nonada,nonada,nonada
2915TG,2915.0,TG,E,10,2,0.001527883880825,rep,syn,False,nonada,nonada,nonada
2915TG,2915.0,TG,H,10,11,0.0084033613445378,rep,syn,False,nonada,nonada,nonada
2916GC,2916.0,GC,G,10,1,0.0007639419404125,rep,nonsyn,False,nonada,nonada,nonada
2917GA,2917.0,GA,E,10,1,0.0007639419404125,rep,nonsyn,False,nonada,nonada,nonada
2918TC,2918.0,TC,H,10,1,0.0007639419404125,rep,syn,False,nonada,nonada,nonada
291GA,291.0,GA,E,10,1,0.0007639419404125,mat,nonsyn,True,nonada,nonada,nonada
2920TC,2920.0,TC,E,10,1,0.0007639419404125,rep,nonsyn,False,nonada,nonada,nonada
2920TC,2920.0,TC,H,10,2,0.001527883880825,rep,nonsyn,False,nonada,nonada,nonada
2921CG,2921.0,CG,H,10,1,0.0007639419404125,rep,syn,False,nonada,nonada,nonada
2922GT,2922.0,GT,E,10,1,0.0007639419404125,rep,nonsyn,False,nonada,nonada,nonada
2924TG,2924.0,TG,H,10,1,0.0007639419404125,rep,nonsyn,False,nonada,nonada,nonada
2925GA,2925.0,GA,H,10,1,0.0007639419404125,rep,nonsyn,False,nonada,nonada,nonada
2926TC,2926.0,TC,G,10,2,0.001527883880825,rep,nonsyn,False,nonada,nonada,nonada
2926TG,2926.0,TG,E,10,1,0.0007639419404125,rep,nonsyn,False,nonada,nonada,nonada
2926TG,2926.0,TG,H,10,1,0.0007639419404125,rep,nonsyn,False,nonada,nonada,nonada
2927CT,2927.0,CT,G,10,1,0.0007639419404125,rep,syn,False,nonada,nonada,nonada
2930AT,2930.0,AT,E,10,1,0.0007639419404125,rep,nonsyn,False,nonada,nonada,nonada
2931CA,2931.0,CA,H,10,1,0.0007639419404125,rep,nonsyn,False,nonada,nonada,nonada
2932CT,2932.0,CT,E,10,1,0.0007639419404125,rep,nonsyn,False,nonada,nonada,nonada
2933GA,2933.0,GA,G,10,2,0.001527883880825,rep,syn,False,nonada,nonada,nonada
2936TC,2936.0,TC,E,10,1,0.0007639419404125,rep,syn,False,nonada,nonada,nonada
2936TC,2936.0,TC,H,10,1,0.0007639419404125,rep,syn,False,nonada,nonada,nonada
2937TC,2937.0,TC,H,10,1,0.0007639419404125,rep,nonsyn,False,nonada,nonada,nonada
2937TG,2937.0,TG,H,10,1,0.0007639419404125,rep,nonsyn,False,nonada,nonada,nonada
293AG,293.0,AG,G,10,1,0.0007639419404125,mat,nonsyn,False,nonada,nonada,nonada
2943AG,2943.0,AG,E,10,1,0.0007639419404125,rep,nonsyn,False,nonada,nonada,nonada
2944AG,2944.0,AG,E,10,1,0.0007639419404125,rep,nonsyn,False,nonada,nonada,nonada
2945GA,2945.0,GA,E,10,1,0.0007639419404125,rep,syn,False,nonada,nonada,nonada
2945GA,2945.0,GA,G,10,3,0.0022918258212375,rep,syn,False,nonada,nonada,nonada
2945GA,2945.0,GA,H,10,2,0.001527883880825,rep,syn,False,nonada,nonada,nonada
2946AG,2946.0,AG,H,10,1,0.0007639419404125,rep,nonsyn,False,nonada,nonada,nonada
2947AC,2947.0,AC,G,10,1,0.0007639419404125,rep,nonsyn,False,nonada,nonada,nonada
2947AG,2947.0,AG,E,10,1,0.0007639419404125,rep,nonsyn,False,nonada,nonada,nonada
2947AG,2947.0,AG,G,10,1,0.0007639419404125,rep,nonsyn,False,nonada,nonada,nonada
2948AC,2948.0,AC,E,10,1,0.0007639419404125,rep,nonsyn,False,nonada,nonada,nonada
2948AG,2948.0,AG,E,10,1,0.0007639419404125,rep,syn,False,nonada,nonada,nonada
2949CA,2949.0,CA,G,10,1,0.0007639419404125,rep,nonsyn,False,nonada,nonada,nonada
2952GA,2952.0,GA,G,10,1,0.0007639419404125,rep,nonsyn,False,nonada,nonada,nonada
2952GT,2952.0,GT,E,10,3,0.0022918258212375,rep,nonsyn,False,nonada,nonada,nonada
2954TG,2954.0,TG,H,10,1,0.0007639419404125,rep,syn,False,nonada,nonada,nonada
2955GA,2955.0,GA,H,10,1,0.0007639419404125,rep,nonsyn,False,nonada,nonada,nonada
2956AG,2956.0,AG,E,10,1,0.0007639419404125,rep,nonsyn,False,nonada,nonada,nonada
2957CT,2957.0,CT,E,10,1,0.0007639419404125,rep,syn,False,nonada,nonada,nonada
2957CT,2957.0,CT,G,10,1,0.0007639419404125,rep,syn,False,nonada,nonada,nonada
2960TC,2960.0,TC,G,10,1,0.0007639419404125,rep,syn,False,nonada,nonada,nonada
2960TC,2960.0,TC,H,10,1,0.0007639419404125,rep,syn,False,nonada,nonada,nonada
2962TC,2962.0,TC,H,10,1,0.0007639419404125,rep,nonsyn,False,nonada,nonada,nonada
2966CT,2966.0,CT,G,10,1,0.0007639419404125,rep,syn,False,nonada,nonada,nonada
2966CT,2966.0,CT,H,10,1,0.0007639419404125,rep,syn,False,nonada,nonada,nonada
2967GC,2967.0,GC,H,10,1,0.0007639419404125,rep,nonsyn,False,nonada,nonada,nonada
2969CT,2969.0,CT,G,10,1,0.0007639419404125,rep,syn,False,nonada,nonada,nonada
296AC,296.0,AC,G,10,1,0.0007639419404125,mat,nonsyn,False,nonada,nonada,nonada
296AG,296.0,AG,G,10,1,0.0007639419404125,mat,nonsyn,False,nonada,nonada,nonada
2970CT,2970.0,CT,H,10,1,0.0007639419404125,rep,syn,False,nonada,nonada,nonada
2971TC,2971.0,TC,G,10,1,0.0007639419404125,rep,nonsyn,False,nonada,nonada,nonada
2972GA,2972.0,GA,E,10,2,0.001527883880825,rep,syn,False,nonada,nonada,nonada
2972GA,2972.0,GA,G,10,2,0.001527883880825,rep,syn,False,nonada,nonada,nonada
2972GA,2972.0,GA,H,10,3,0.0022918258212375,rep,syn,False,nonada,nonada,nonada
2976CT,2976.0,CT,H,10,1,0.0007639419404125,rep,syn,False,nonada,nonada,nonada
2978GT,2978.0,GT,E,10,1,0.0007639419404125,rep,syn,False,nonada,nonada,nonada
297CT,297.0,CT,H,10,1,0.0007639419404125,mat,syn,False,nonada,nonada,nonada
2980TC,2980.0,TC,E,10,2,0.001527883880825,rep,nonsyn,False,nonada,nonada,nonada
2981AG,2981.0,AG,G,10,1,0.0007639419404125,rep,nonsyn,False,nonada,nonada,nonada
2981AT,2981.0,AT,E,10,1,0.0007639419404125,rep,syn,False,nonada,nonada,nonada
2983TC,2983.0,TC,E,10,1,0.0007639419404125,rep,nonsyn,False,nonada,nonada,nonada
2983TC,2983.0,TC,G,10,1,0.0007639419404125,rep,nonsyn,False,nonada,nonada,nonada
2984AG,2984.0,AG,E,10,1,0.0007639419404125,rep,syn,False,nonada,nonada,nonada
2984AG,2984.0,AG,H,10,1,0.0007639419404125,rep,syn,False,nonada,nonada,nonada
2989GA,2989.0,GA,H,10,2,0.001527883880825,rep,nonsyn,False,nonada,nonada,nonada
2991CT,2991.0,CT,E,10,2,0.001527883880825,rep,syn,False,nonada,nonada,nonada
2991CT,2991.0,CT,G,10,2,0.001527883880825,rep,syn,False,nonada,nonada,nonada
2993AG,2993.0,AG,G,10,1,0.0007639419404125,rep,syn,False,nonada,nonada,nonada
2993AG,2993.0,AG,H,10,1,0.0007639419404125,rep,syn,False,nonada,nonada,nonada
2994CT,2994.0,CT,H,10,1,0.0007639419404125,rep,nonsyn,False,nonada,nonada,nonada
2995GA,2995.0,GA,E,10,1,0.0007639419404125,rep,nonsyn,False,nonada,nonada,nonada
2995GA,2995.0,GA,G,10,1,0.0007639419404125,rep,nonsyn,False,nonada,nonada,nonada
2995GC,2995.0,GC,H,10,1,0.0007639419404125,rep,nonsyn,False,nonada,nonada,nonada
2995GT,2995.0,GT,G,10,1,0.0007639419404125,rep,nonsyn,False,nonada,nonada,nonada
2998GA,2998.0,GA,E,10,1,0.0007639419404125,rep,nonsyn,False,nonada,nonada,nonada
2998GA,2998.0,GA,G,10,1,0.0007639419404125,rep,nonsyn,False,nonada,nonada,nonada
2999TC,2999.0,TC,E,10,1,0.0007639419404125,rep,syn,False,nonada,nonada,nonada
2999TC,2999.0,TC,H,10,1,0.0007639419404125,rep,syn,False,nonada,nonada,nonada
3000TC,3000.0,TC,H,10,1,0.0007639419404125,rep,nonsyn,False,nonada,nonada,nonada
3000TG,3000.0,TG,E,10,1,0.0007639419404125,rep,nonsyn,False,nonada,nonada,nonada
3000TG,3000.0,TG,H,10,3,0.0022918258212375,rep,nonsyn,False,nonada,nonada,nonada
3001GA,3001.0,GA,G,10,1,0.0007639419404125,rep,nonsyn,True,nonada,nonada,nonada
3001GT,3001.0,GT,H,10,1,0.0007639419404125,rep,nonsyn,False,nonada,nonada,nonada
3003GA,3003.0,GA,E,10,2,0.001527883880825,rep,nonsyn,False,nonada,nonada,nonada
3003GA,3003.0,GA,H,10,1,0.0007639419404125,rep,nonsyn,False,nonada,nonada,nonada
3004GA,3004.0,GA,G,10,1,0.0007639419404125,rep,nonsyn,False,nonada,nonada,nonada
3005AG,3005.0,AG,E,10,2,0.001527883880825,rep,syn,False,nonada,nonada,nonada
3005AG,3005.0,AG,H,10,2,0.001527883880825,rep,syn,False,nonada,nonada,nonada
3005AT,3005.0,AT,G,10,1,0.0007639419404125,rep,syn,False,nonada,nonada,nonada
3006GA,3006.0,GA,G,10,1,0.0007639419404125,rep,nonsyn,False,nonada,nonada,nonada
3008TC,3008.0,TC,G,10,1,0.0007639419404125,rep,syn,False,nonada,nonada,nonada
3008TC,3008.0,TC,H,10,2,0.001527883880825,rep,syn,False,nonada,nonada,nonada
3009GA,3009.0,GA,E,10,1,0.0007639419404125,rep,nonsyn,False,nonada,nonada,nonada
3009GA,3009.0,GA,H,10,2,0.001527883880825,rep,nonsyn,False,nonada,nonada,nonada
300CT,300.0,CT,E,10,1,0.0007639419404125,mat,syn,False,nonada,nonada,nonada
300CT,300.0,CT,H,10,1,0.0007639419404125,mat,syn,False,nonada,nonada,nonada
3010TC,3010.0,TC,G,10,1,0.0007639419404125,rep,nonsyn,False,nonada,nonada,nonada
3010TC,3010.0,TC,H,10,1,0.0007639419404125,rep,nonsyn,False,nonada,nonada,nonada
3011CG,3011.0,CG,E,10,1,0.0007639419404125,rep,syn,False,nonada,nonada,nonada
3011CG,3011.0,CG,H,10,4,0.0030557677616501,rep,syn,False,nonada,nonada,nonada
3012GA,3012.0,GA,H,10,1,0.0007639419404125,rep,nonsyn,False,nonada,nonada,nonada
3012GT,3012.0,GT,E,10,1,0.0007639419404125,rep,nonsyn,True,nonada,nonada,nonada
3012GT,3012.0,GT,G,10,1,0.0007639419404125,rep,nonsyn,True,nonada,nonada,nonada
3015GA,3015.0,GA,G,10,1,0.0007639419404125,rep,nonsyn,False,nonada,nonada,nonada
3016GA,3016.0,GA,E,10,1,0.0007639419404125,rep,nonsyn,False,nonada,nonada,nonada
3019TC,3019.0,TC,E,10,1,0.0007639419404125,rep,nonsyn,False,nonada,nonada,nonada
3021TA,3021.0,TA,H,10,1,0.0007639419404125,rep,nonsyn,False,nonada,nonada,nonada
3021TC,3021.0,TC,E,10,1,0.0007639419404125,rep,nonsyn,False,nonada,nonada,nonada
3021TC,3021.0,TC,H,10,1,0.0007639419404125,rep,nonsyn,False,nonada,nonada,nonada
3026TC,3026.0,TC,E,10,1,0.0007639419404125,rep,syn,False,nonada,nonada,nonada
3028CT,3028.0,CT,E,10,1,0.0007639419404125,rep,nonsyn,False,nonada,nonada,nonada
3028CT,3028.0,CT,H,10,1,0.0007639419404125,rep,nonsyn,False,nonada,nonada,nonada
3029AT,3029.0,AT,E,10,1,0.0007639419404125,rep,syn,False,nonada,nonada,nonada
302CT,302.0,CT,H,10,1,0.0007639419404125,mat,nonsyn,False,nonada,nonada,nonada
3030CT,3030.0,CT,E,10,1,0.0007639419404125,rep,nonsyn,False,nonada,nonada,nonada
3033CT,3033.0,CT,E,10,1,0.0007639419404125,rep,nonsyn,False,nonada,nonada,nonada
3034TC,3034.0,TC,E,10,1,0.0007639419404125,rep,nonsyn,False,nonada,nonada,nonada
3035CA,3035.0,CA,H,10,1,0.0007639419404125,rep,syn,False,nonada,nonada,nonada
3035CT,3035.0,CT,G,10,1,0.0007639419404125,rep,syn,False,nonada,nonada,nonada
3036TC,3036.0,TC,G,10,1,0.0007639419404125,rep,nonsyn,False,nonada,nonada,nonada
3037AG,3037.0,AG,E,10,1,0.0007639419404125,rep,nonsyn,False,nonada,nonada,nonada
3037AG,3037.0,AG,H,10,1,0.0007639419404125,rep,nonsyn,False,nonada,nonada,nonada
3038CT,3038.0,CT,E,10,1,0.0007639419404125,rep,syn,False,nonada,nonada,nonada
3038CT,3038.0,CT,G,10,2,0.001527883880825,rep,syn,False,nonada,nonada,nonada
3038CT,3038.0,CT,H,10,2,0.001527883880825,rep,syn,False,nonada,nonada,nonada
3039AG,3039.0,AG,G,10,1,0.0007639419404125,rep,nonsyn,False,nonada,nonada,nonada
303TC,303.0,TC,E,10,2,0.001527883880825,mat,syn,False,nonada,nonada,nonada
303TC,303.0,TC,G,10,1,0.0007639419404125,mat,syn,False,nonada,nonada,nonada
303TC,303.0,TC,H,10,2,0.001527883880825,mat,syn,False,nonada,nonada,nonada
3040AG,3040.0,AG,G,10,2,0.001527883880825,rep,nonsyn,False,nonada,nonada,nonada
3040AG,3040.0,AG,H,10,1,0.0007639419404125,rep,nonsyn,False,nonada,nonada,nonada
3040AT,3040.0,AT,H,10,1,0.0007639419404125,rep,nonsyn,False,nonada,nonada,nonada
3042GA,3042.0,GA,G,10,1,0.0007639419404125,rep,nonsyn,False,nonada,nonada,nonada
3043TC,3043.0,TC,G,10,3,0.0022918258212375,rep,nonsyn,False,nonada,nonada,nonada
3043TG,3043.0,TG,E,10,1,0.0007639419404125,rep,nonsyn,False,nonada,nonada,nonada
3046GA,3046.0,GA,G,10,1,0.0007639419404125,rep,nonsyn,True,nonada,nonada,nonada
3048GA,3048.0,GA,H,10,1,0.0007639419404125,rep,nonsyn,False,nonada,nonada,nonada
304CT,304.0,CT,G,10,2,0.001527883880825,mat,nonsyn,False,nonada,nonada,nonada
3051CG,3051.0,CG,H,10,1,0.0007639419404125,rep,nonsyn,False,nonada,nonada,nonada
3051CT,3051.0,CT,H,10,1,0.0007639419404125,rep,nonsyn,False,nonada,nonada,nonada
3053GA,3053.0,GA,G,10,3,0.0022918258212375,rep,syn,False,nonada,nonada,nonada
3053GA,3053.0,GA,H,10,1,0.0007639419404125,rep,syn,False,nonada,nonada,nonada
3057TC,3057.0,TC,E,10,1,0.0007639419404125,rep,nonsyn,False,nonada,nonada,nonada
3058CT,3058.0,CT,E,10,1,0.0007639419404125,rep,nonsyn,False,nonada,nonada,nonada
3058CT,3058.0,CT,G,10,23,0.0175706646294881,rep,nonsyn,False,nonada,nonada,nonada
3058CT,3058.0,CT,H,10,1,0.0007639419404125,rep,nonsyn,False,nonada,nonada,nonada
3060TC,3060.0,TC,G,10,1,0.0007639419404125,rep,nonsyn,False,nonada,nonada,nonada
3060TC,3060.0,TC,H,10,2,0.001527883880825,rep,nonsyn,False,nonada,nonada,nonada
3066GA,3066.0,GA,E,10,1,0.0007639419404125,rep,nonsyn,False,nonada,nonada,nonada
3066GA,3066.0,GA,G,10,14,0.0106951871657754,rep,nonsyn,False,nonada,nonada,nonada
3066GA,3066.0,GA,H,10,1,0.0007639419404125,rep,nonsyn,False,nonada,nonada,nonada
3067TG,3067.0,TG,H,10,1,0.0007639419404125,rep,nonsyn,False,nonada,nonada,nonada
3069CT,3069.0,CT,H,10,1,0.0007639419404125,rep,nonsyn,False,nonada,nonada,nonada
306GA,306.0,GA,E,10,1,0.0007639419404125,mat,syn,False,nonada,nonada,nonada
306GA,306.0,GA,G,10,1,0.0007639419404125,mat,syn,False,nonada,nonada,nonada
306GA,306.0,GA,H,10,1,0.0007639419404125,mat,syn,False,nonada,nonada,nonada
3070CT,3070.0,CT,G,10,1,0.0007639419404125,rep,nonsyn,False,nonada,nonada,nonada
3071TC,3071.0,TC,G,10,1,0.0007639419404125,rep,syn,False,nonada,nonada,nonada
3071TG,3071.0,TG,E,10,1,0.0007639419404125,rep,syn,False,nonada,nonada,nonada
3072TC,3072.0,TC,G,10,1,0.0007639419404125,rep,nonsyn,False,nonada,nonada,nonada
3072TG,3072.0,TG,H,10,1,0.0007639419404125,rep,nonsyn,False,nonada,nonada,nonada
3073CG,3073.0,CG,E,10,1,0.0007639419404125,rep,nonsyn,False,nonada,nonada,nonada
3073CG,3073.0,CG,H,10,1,0.0007639419404125,rep,nonsyn,False,nonada,nonada,nonada
3073CT,3073.0,CT,G,10,1,0.0007639419404125,rep,nonsyn,False,nonada,nonada,nonada
3073CT,3073.0,CT,H,10,1,0.0007639419404125,rep,nonsyn,False,nonada,nonada,nonada
3076TG,3076.0,TG,E,10,1,0.0007639419404125,rep,nonsyn,False,nonada,nonada,nonada
3078TC,3078.0,TC,G,10,1,0.0007639419404125,rep,nonsyn,False,nonada,nonada,nonada
3078TC,3078.0,TC,H,10,2,0.001527883880825,rep,nonsyn,False,nonada,nonada,nonada
307TC,307.0,TC,E,10,1,0.0007639419404125,mat,nonsyn,False,nonada,nonada,nonada
3080CT,3080.0,CT,G,10,3,0.0022918258212375,rep,syn,False,nonada,nonada,nonada
3081TC,3081.0,TC,E,10,2,0.001527883880825,rep,nonsyn,False,nonada,nonada,nonada
3082TC,3082.0,TC,G,10,1,0.0007639419404125,rep,nonsyn,False,nonada,nonada,nonada
3084GA,3084.0,GA,G,10,1,0.0007639419404125,rep,nonsyn,False,nonada,nonada,nonada
3084GA,3084.0,GA,H,10,1,0.0007639419404125,rep,nonsyn,False,nonada,nonada,nonada
3085GA,3085.0,GA,G,10,1,0.0007639419404125,rep,nonsyn,False,nonada,nonada,nonada
3086TA,3086.0,TA,H,10,1,0.0007639419404125,rep,syn,False,nonada,nonada,nonada
3086TG,3086.0,TG,E,10,5,0.0038197097020626,rep,syn,False,nonada,nonada,nonada
3086TG,3086.0,TG,H,10,18,0.0137509549274255,rep,syn,False,nonada,nonada,nonada
3087GA,3087.0,GA,E,10,1,0.0007639419404125,rep,nonsyn,False,nonada,nonada,nonada
3087GC,3087.0,GC,E,10,1,0.0007639419404125,rep,nonsyn,False,nonada,nonada,nonada
3088GA,3088.0,GA,G,10,1,0.0007639419404125,rep,nonsyn,False,nonada,nonada,nonada
3088GA,3088.0,GA,H,10,1,0.0007639419404125,rep,nonsyn,False,nonada,nonada,nonada
3090AG,3090.0,AG,G,10,2,0.001527883880825,rep,nonsyn,False,nonada,nonada,nonada
3090AG,3090.0,AG,H,10,1,0.0007639419404125,rep,nonsyn,False,nonada,nonada,nonada
3090AT,3090.0,AT,E,10,1,0.0007639419404125,rep,nonsyn,False,nonada,nonada,nonada
3091CG,3091.0,CG,E,10,2,0.001527883880825,rep,nonsyn,False,nonada,nonada,nonada
3091CG,3091.0,CG,H,10,3,0.0022918258212375,rep,nonsyn,False,nonada,nonada,nonada
3092GA,3092.0,GA,G,10,3,0.0022918258212375,rep,syn,False,nonada,nonada,nonada
3093GA,3093.0,GA,H,10,1,0.0007639419404125,rep,nonsyn,False,nonada,nonada,nonada
3093GC,3093.0,GC,G,10,1,0.0007639419404125,rep,nonsyn,False,nonada,nonada,nonada
3093GT,3093.0,GT,G,10,1,0.0007639419404125,rep,nonsyn,False,nonada,nonada,nonada
3095CA,3095.0,CA,E,10,1,0.0007639419404125,rep,nonsyn,False,nonada,nonada,nonada
3095CT,3095.0,CT,E,10,2,0.001527883880825,rep,syn,False,nonada,nonada,nonada
3096CT,3096.0,CT,G,10,1,0.0007639419404125,rep,nonsyn,False,nonada,nonada,nonada
3097TC,3097.0,TC,H,10,13,0.0099312452253628,rep,nonsyn,False,nonada,nonada,nonada
3098CT,3098.0,CT,G,10,1,0.0007639419404125,rep,syn,False,nonada,nonada,nonada
309TC,309.0,TC,G,10,1,0.0007639419404125,mat,syn,False,nonada,nonada,nonada
309TC,309.0,TC,H,10,1,0.0007639419404125,mat,syn,False,nonada,nonada,nonada
3101TC,3101.0,TC,E,10,1,0.0007639419404125,rep,syn,False,nonada,nonada,nonada
3101TC,3101.0,TC,G,10,1,0.0007639419404125,rep,syn,False,nonada,nonada,nonada
3102GA,3102.0,GA,E,10,2,0.001527883880825,rep,nonsyn,False,nonada,nonada,nonada
3102GA,3102.0,GA,G,10,1,0.0007639419404125,rep,nonsyn,False,nonada,nonada,nonada
3102GA,3102.0,GA,H,10,1,0.0007639419404125,rep,nonsyn,False,nonada,nonada,nonada
3104CT,3104.0,CT,H,10,2,0.001527883880825,rep,syn,False,nonada,nonada,nonada
3107CT,3107.0,CT,E,10,1,0.0007639419404125,rep,syn,False,nonada,nonada,nonada
310TC,310.0,TC,G,10,1,0.0007639419404125,mat,nonsyn,False,nonada,nonada,nonada
3110CT,3110.0,CT,G,10,1,0.0007639419404125,rep,syn,False,nonada,nonada,nonada
3111TA,3111.0,TA,H,10,1,0.0007639419404125,rep,nonsyn,False,nonada,nonada,nonada
3114GA,3114.0,GA,G,10,1,0.0007639419404125,rep,nonsyn,False,nonada,nonada,nonada
3115TC,3115.0,TC,E,10,2,0.001527883880825,rep,nonsyn,False,nonada,nonada,nonada
3115TG,3115.0,TG,E,10,1,0.0007639419404125,rep,nonsyn,False,nonada,nonada,nonada
3116AG,3116.0,AG,E,10,1,0.0007639419404125,rep,syn,False,nonada,nonada,nonada
3116AG,3116.0,AG,H,10,1,0.0007639419404125,rep,syn,False,nonada,nonada,nonada
3119CT,3119.0,CT,E,10,1,0.0007639419404125,rep,syn,False,nonada,nonada,nonada
311CT,311.0,CT,G,10,1,0.0007639419404125,mat,nonsyn,False,nonada,nonada,nonada
3122CT,3122.0,CT,E,10,1,0.0007639419404125,rep,syn,False,nonada,nonada,nonada
3122CT,3122.0,CT,G,10,1,0.0007639419404125,rep,syn,False,nonada,nonada,nonada
3123CA,3123.0,CA,E,10,1,0.0007639419404125,rep,nonsyn,False,nonada,nonada,nonada
3123CT,3123.0,CT,H,10,1,0.0007639419404125,rep,nonsyn,False,nonada,nonada,nonada
3125GA,3125.0,GA,E,10,2,0.001527883880825,rep,syn,False,nonada,nonada,nonada
3125GA,3125.0,GA,G,10,1,0.0007639419404125,rep,syn,False,nonada,nonada,nonada
3126CA,3126.0,CA,H,10,1,0.0007639419404125,rep,nonsyn,False,nonada,nonada,nonada
3129AG,3129.0,AG,G,10,1,0.0007639419404125,rep,nonsyn,False,nonada,nonada,nonada
312AG,312.0,AG,G,10,1,0.0007639419404125,mat,syn,False,nonada,nonada,nonada
3131GA,3131.0,GA,G,10,1,0.0007639419404125,rep,syn,False,nonada,nonada,nonada
3131GA,3131.0,GA,H,10,3,0.0022918258212375,rep,syn,False,nonada,nonada,nonada
3132GA,3132.0,GA,G,10,1,0.0007639419404125,rep,nonsyn,False,nonada,nonada,nonada
3132GT,3132.0,GT,G,10,1,0.0007639419404125,rep,nonsyn,False,nonada,nonada,nonada
3133CG,3133.0,CG,H,10,1,0.0007639419404125,rep,nonsyn,False,nonada,nonada,nonada
3133CT,3133.0,CT,E,10,2,0.001527883880825,rep,nonsyn,False,nonada,nonada,nonada
3133CT,3133.0,CT,G,10,2,0.001527883880825,rep,nonsyn,False,nonada,nonada,nonada
3134AG,3134.0,AG,E,10,3,0.0022918258212375,rep,syn,False,nonada,nonada,nonada
3134AG,3134.0,AG,H,10,2,0.001527883880825,rep,syn,False,nonada,nonada,nonada
3136TC,3136.0,TC,H,10,2,0.001527883880825,rep,nonsyn,False,nonada,nonada,nonada
3137CT,3137.0,CT,H,10,1,0.0007639419404125,rep,syn,False,nonada,nonada,nonada
3138TC,3138.0,TC,G,10,2,0.001527883880825,rep,nonsyn,False,nonada,nonada,nonada
3138TG,3138.0,TG,G,10,1,0.0007639419404125,rep,nonsyn,False,nonada,nonada,nonada
313CT,313.0,CT,E,10,1,0.0007639419404125,mat,nonsyn,False,nonada,nonada,nonada
3140GA,3140.0,GA,G,10,1,0.0007639419404125,rep,syn,False,nonada,nonada,nonada
3140GC,3140.0,GC,G,10,1,0.0007639419404125,rep,syn,False,nonada,nonada,nonada
3141GA,3141.0,GA,E,10,1,0.0007639419404125,rep,nonsyn,False,nonada,nonada,nonada
3143AG,3143.0,AG,E,10,1,0.0007639419404125,rep,syn,False,nonada,nonada,nonada
3143AG,3143.0,AG,G,10,2,0.001527883880825,rep,syn,False,nonada,nonada,nonada
3146CT,3146.0,CT,E,10,2,0.001527883880825,rep,syn,False,nonada,nonada,nonada
3146CT,3146.0,CT,G,10,1,0.0007639419404125,rep,syn,False,nonada,nonada,nonada
3146CT,3146.0,CT,H,10,1,0.0007639419404125,rep,syn,False,nonada,nonada,nonada
3147AT,3147.0,AT,E,10,1,0.0007639419404125,rep,nonsyn,False,nonada,nonada,nonada
3148CT,3148.0,CT,E,10,1,0.0007639419404125,rep,nonsyn,False,nonada,nonada,nonada
3148CT,3148.0,CT,H,10,3,0.0022918258212375,rep,nonsyn,False,nonada,nonada,nonada
3149CT,3149.0,CT,E,10,1,0.0007639419404125,rep,syn,False,nonada,nonada,nonada
3149CT,3149.0,CT,G,10,1,0.0007639419404125,rep,syn,False,nonada,nonada,nonada
314GA,314.0,GA,E,10,1,0.0007639419404125,mat,nonsyn,False,nonada,nonada,nonada
3150AG,3150.0,AG,G,10,2,0.001527883880825,rep,nonsyn,False,nonada,nonada,nonada
3151AG,3151.0,AG,H,10,1,0.0007639419404125,rep,nonsyn,False,nonada,nonada,nonada
3152GA,3152.0,GA,G,10,1,0.0007639419404125,rep,syn,False,nonada,nonada,nonada
3154CT,3154.0,CT,G,10,1,0.0007639419404125,rep,nonsyn,False,nonada,nonada,nonada
3154CT,3154.0,CT,H,10,1,0.0007639419404125,rep,nonsyn,False,nonada,nonada,nonada
3155TC,3155.0,TC,G,10,1,0.0007639419404125,rep,syn,False,nonada,nonada,nonada
3156CT,3156.0,CT,E,10,2,0.001527883880825,rep,nonsyn,False,nonada,nonada,nonada
3156CT,3156.0,CT,H,10,2,0.001527883880825,rep,nonsyn,False,nonada,nonada,nonada
3157CT,3157.0,CT,E,10,1,0.0007639419404125,rep,nonsyn,False,nonada,nonada,nonada
3158GA,3158.0,GA,E,10,1,0.0007639419404125,rep,syn,False,nonada,nonada,nonada
3158GT,3158.0,GT,G,10,1,0.0007639419404125,rep,syn,False,nonada,nonada,nonada
3159TC,3159.0,TC,E,10,1,0.0007639419404125,rep,nonsyn,False,nonada,nonada,nonada
3159TC,3159.0,TC,G,10,2,0.001527883880825,rep,nonsyn,False,nonada,nonada,nonada
3159TC,3159.0,TC,H,10,3,0.0022918258212375,rep,nonsyn,False,nonada,nonada,nonada
315GA,315.0,GA,H,10,1,0.0007639419404125,mat,syn,False,nonada,nonada,nonada
315GC,315.0,GC,H,10,1,0.0007639419404125,mat,syn,False,nonada,nonada,nonada
3160AG,3160.0,AG,E,10,2,0.001527883880825,rep,nonsyn,False,nonada,nonada,nonada
3160AG,3160.0,AG,G,10,1,0.0007639419404125,rep,nonsyn,False,nonada,nonada,nonada
3160AG,3160.0,AG,H,10,2,0.001527883880825,rep,nonsyn,False,nonada,nonada,nonada
3161CT,3161.0,CT,E,10,2,0.001527883880825,rep,syn,False,nonada,nonada,nonada
3161CT,3161.0,CT,G,10,4,0.0030557677616501,rep,syn,False,nonada,nonada,nonada
3161CT,3161.0,CT,H,10,1,0.0007639419404125,rep,syn,False,nonada,nonada,nonada
3163GA,3163.0,GA,G,10,1,0.0007639419404125,rep,nonsyn,False,nonada,nonada,nonada
3163GA,3163.0,GA,H,10,1,0.0007639419404125,rep,nonsyn,False,nonada,nonada,nonada
3164GA,3164.0,GA,E,10,2,0.001527883880825,rep,syn,False,nonada,nonada,nonada
3164GA,3164.0,GA,H,10,1,0.0007639419404125,rep,syn,False,nonada,nonada,nonada
3165CA,3165.0,CA,E,10,1,0.0007639419404125,rep,syn,False,nonada,nonada,nonada
3165CT,3165.0,CT,G,10,1,0.0007639419404125,rep,nonsyn,False,nonada,nonada,nonada
3166GA,3166.0,GA,G,10,1,0.0007639419404125,rep,nonsyn,False,nonada,nonada,nonada
3167GA,3167.0,GA,G,10,2,0.001527883880825,rep,syn,False,nonada,nonada,nonada
3168CG,3168.0,CG,H,10,1,0.0007639419404125,rep,nonsyn,False,nonada,nonada,nonada
3168CT,3168.0,CT,H,10,1,0.0007639419404125,rep,syn,False,nonada,nonada,nonada
3169TC,3169.0,TC,H,10,1,0.0007639419404125,rep,nonsyn,False,nonada,nonada,nonada
3169TG,3169.0,TG,E,10,1,0.0007639419404125,rep,nonsyn,False,nonada,nonada,nonada
316GA,316.0,GA,H,10,1,0.0007639419404125,mat,nonsyn,False,nonada,nonada,nonada
3170GA,3170.0,GA,E,10,2,0.001527883880825,rep,syn,False,nonada,nonada,nonada
3174GA,3174.0,GA,H,10,2,0.001527883880825,rep,nonsyn,False,nonada,nonada,nonada
3175CG,3175.0,CG,E,10,1,0.0007639419404125,rep,nonsyn,False,nonada,nonada,nonada
3175CG,3175.0,CG,H,10,1,0.0007639419404125,rep,nonsyn,False,nonada,nonada,nonada
3175CT,3175.0,CT,E,10,1,0.0007639419404125,rep,nonsyn,False,nonada,nonada,nonada
3175CT,3175.0,CT,G,10,1,0.0007639419404125,rep,nonsyn,False,nonada,nonada,nonada
3176GA,3176.0,GA,G,10,4,0.0030557677616501,rep,syn,False,nonada,nonada,nonada
3179TC,3179.0,TC,G,10,1,0.0007639419404125,rep,syn,False,nonada,nonada,nonada
3179TC,3179.0,TC,H,10,1,0.0007639419404125,rep,syn,False,nonada,nonada,nonada
3181CA,3181.0,CA,G,10,1,0.0007639419404125,rep,nonsyn,False,nonada,nonada,nonada
3183CA,3183.0,CA,E,10,1,0.0007639419404125,rep,nonsyn,False,nonada,nonada,nonada
3184GA,3184.0,GA,G,10,1,0.0007639419404125,rep,nonsyn,False,nonada,nonada,nonada
3184GC,3184.0,GC,H,10,1,0.0007639419404125,rep,nonsyn,False,nonada,nonada,nonada
3185TC,3185.0,TC,E,10,3,0.0022918258212375,rep,syn,False,nonada,nonada,nonada
3185TC,3185.0,TC,G,10,1,0.0007639419404125,rep,syn,False,nonada,nonada,nonada
3186AC,3186.0,AC,G,10,1,0.0007639419404125,rep,nonsyn,False,nonada,nonada,nonada
3186AG,3186.0,AG,E,10,1,0.0007639419404125,rep,nonsyn,False,nonada,nonada,nonada
3187CT,3187.0,CT,E,10,1,0.0007639419404125,rep,nonsyn,False,nonada,nonada,nonada
3187CT,3187.0,CT,G,10,1,0.0007639419404125,rep,nonsyn,False,nonada,nonada,nonada
3187CT,3187.0,CT,H,10,1,0.0007639419404125,rep,nonsyn,False,nonada,nonada,nonada
3188CT,3188.0,CT,H,10,1,0.0007639419404125,rep,syn,False,nonada,nonada,nonada
3189TC,3189.0,TC,E,10,2,0.001527883880825,rep,nonsyn,False,nonada,nonada,nonada
318GA,318.0,GA,E,10,2,0.001527883880825,mat,syn,False,nonada,nonada,nonada
318GA,318.0,GA,G,10,2,0.001527883880825,mat,syn,False,nonada,nonada,nonada
3192GA,3192.0,GA,H,10,1,0.0007639419404125,rep,nonsyn,False,nonada,nonada,nonada
3192GT,3192.0,GT,E,10,1,0.0007639419404125,rep,nonsyn,False,nonada,nonada,nonada
3193GT,3193.0,GT,E,10,3,0.0022918258212375,rep,nonsyn,False,nonada,nonada,nonada
3193GT,3193.0,GT,G,10,8,0.0061115355233002,rep,nonsyn,False,nonada,nonada,nonada
3193GT,3193.0,GT,H,10,7,0.0053475935828877,rep,nonsyn,False,nonada,nonada,nonada
3194TC,3194.0,TC,H,10,1,0.0007639419404125,rep,syn,False,nonada,nonada,nonada
3195TC,3195.0,TC,G,10,2,0.001527883880825,rep,nonsyn,False,nonada,nonada,nonada
3195TC,3195.0,TC,H,10,1,0.0007639419404125,rep,nonsyn,False,nonada,nonada,nonada
3196TC,3196.0,TC,G,10,1,0.0007639419404125,rep,nonsyn,False,nonada,nonada,nonada
3197CT,3197.0,CT,E,10,1,0.0007639419404125,rep,syn,False,nonada,nonada,nonada
3197CT,3197.0,CT,H,10,1,0.0007639419404125,rep,syn,False,nonada,nonada,nonada
3198CT,3198.0,CT,G,10,2,0.001527883880825,rep,nonsyn,False,nonada,nonada,nonada
319GA,319.0,GA,E,10,1,0.0007639419404125,mat,nonsyn,False,nonada,nonada,nonada
319GT,319.0,GT,H,10,1,0.0007639419404125,mat,nonsyn,False,nonada,nonada,nonada
3200TA,3200.0,TA,G,10,1,0.0007639419404125,rep,syn,False,nonada,nonada,nonada
3200TC,3200.0,TC,E,10,2,0.001527883880825,rep,syn,False,nonada,nonada,nonada
3200TC,3200.0,TC,G,10,1,0.0007639419404125,rep,syn,False,nonada,nonada,nonada
3200TC,3200.0,TC,H,10,1,0.0007639419404125,rep,syn,False,nonada,nonada,nonada
3203TC,3203.0,TC,E,10,1,0.0007639419404125,rep,syn,False,nonada,nonada,nonada
3203TC,3203.0,TC,G,10,1,0.0007639419404125,rep,syn,False,nonada,nonada,nonada
3204GA,3204.0,GA,E,10,1,0.0007639419404125,rep,nonsyn,False,nonada,nonada,nonada
3205CA,3205.0,CA,G,10,1,0.0007639419404125,rep,nonsyn,False,nonada,nonada,nonada
3206TC,3206.0,TC,G,10,2,0.001527883880825,rep,syn,False,nonada,nonada,nonada
3207CT,3207.0,CT,G,10,1,0.0007639419404125,rep,nonsyn,False,nonada,nonada,nonada
3208GA,3208.0,GA,E,10,1,0.0007639419404125,rep,nonsyn,False,nonada,nonada,nonada
3208GA,3208.0,GA,G,10,5,0.0038197097020626,rep,nonsyn,False,nonada,nonada,nonada
3208GA,3208.0,GA,H,10,1,0.0007639419404125,rep,nonsyn,False,nonada,nonada,nonada
3208GC,3208.0,GC,H,10,1,0.0007639419404125,rep,nonsyn,False,nonada,nonada,nonada
3208GT,3208.0,GT,G,10,1,0.0007639419404125,rep,nonsyn,False,nonada,nonada,nonada
3209TC,3209.0,TC,E,10,3,0.0022918258212375,rep,syn,False,nonada,nonada,nonada
3209TC,3209.0,TC,G,10,1,0.0007639419404125,rep,syn,False,nonada,nonada,nonada
3212CT,3212.0,CT,G,10,1,0.0007639419404125,rep,syn,False,nonada,nonada,nonada
3213GA,3213.0,GA,E,10,1,0.0007639419404125,rep,nonsyn,False,nonada,nonada,nonada
3213GA,3213.0,GA,G,10,1,0.0007639419404125,rep,nonsyn,False,nonada,nonada,nonada
3213GA,3213.0,GA,H,10,1,0.0007639419404125,rep,nonsyn,False,nonada,nonada,nonada
3214CT,3214.0,CT,H,10,1,0.0007639419404125,rep,nonsyn,False,nonada,nonada,nonada
3217GA,3217.0,GA,E,10,2,0.001527883880825,rep,nonsyn,False,nonada,nonada,nonada
3218AG,3218.0,AG,E,10,2,0.001527883880825,rep,syn,False,nonada,nonada,nonada
3218AG,3218.0,AG,G,10,1,0.0007639419404125,rep,syn,False,nonada,nonada,nonada
3218AG,3218.0,AG,H,10,1,0.0007639419404125,rep,syn,False,nonada,nonada,nonada
3219GA,3219.0,GA,G,10,2,0.001527883880825,rep,nonsyn,False,nonada,nonada,nonada
321GA,321.0,GA,G,10,1,0.0007639419404125,mat,syn,False,nonada,nonada,nonada
321GA,321.0,GA,H,10,1,0.0007639419404125,mat,syn,False,nonada,nonada,nonada
321GT,321.0,GT,E,10,1,0.0007639419404125,mat,syn,False,nonada,nonada,nonada
321GT,321.0,GT,G,10,1,0.0007639419404125,mat,syn,False,nonada,nonada,nonada
3220AG,3220.0,AG,G,10,2,0.001527883880825,rep,nonsyn,False,nonada,nonada,nonada
3224CA,3224.0,CA,E,10,1,0.0007639419404125,rep,syn,False,nonada,nonada,nonada
3224CT,3224.0,CT,E,10,1,0.0007639419404125,rep,syn,False,nonada,nonada,nonada
3224CT,3224.0,CT,G,10,3,0.0022918258212375,rep,syn,False,nonada,nonada,nonada
3224CT,3224.0,CT,H,10,5,0.0038197097020626,rep,syn,False,nonada,nonada,nonada
3225AG,3225.0,AG,E,10,1,0.0007639419404125,rep,nonsyn,False,nonada,nonada,nonada
3226AG,3226.0,AG,E,10,1,0.0007639419404125,rep,nonsyn,False,nonada,nonada,nonada
3227GA,3227.0,GA,H,10,1,0.0007639419404125,rep,syn,False,nonada,nonada,nonada
3228TG,3228.0,TG,E,10,1,0.0007639419404125,rep,nonsyn,False,nonada,nonada,nonada
322TC,322.0,TC,G,10,1,0.0007639419404125,mat,syn,False,nonada,nonada,nonada
3230CT,3230.0,CT,E,10,1,0.0007639419404125,rep,syn,False,nonada,nonada,nonada
3231TC,3231.0,TC,G,10,1,0.0007639419404125,rep,nonsyn,False,nonada,nonada,nonada
3231TC,3231.0,TC,H,10,1,0.0007639419404125,rep,nonsyn,False,nonada,nonada,nonada
3232TC,3232.0,TC,G,10,1,0.0007639419404125,rep,nonsyn,False,nonada,nonada,nonada
3233CT,3233.0,CT,H,10,1,0.0007639419404125,rep,syn,False,nonada,nonada,nonada
3234AG,3234.0,AG,E,10,1,0.0007639419404125,rep,nonsyn,False,nonada,nonada,nonada
3234AG,3234.0,AG,G,10,1,0.0007639419404125,rep,nonsyn,False,nonada,nonada,nonada
3234AG,3234.0,AG,H,10,1,0.0007639419404125,rep,nonsyn,False,nonada,nonada,nonada
3235GA,3235.0,GA,H,10,1,0.0007639419404125,rep,nonsyn,False,nonada,nonada,nonada
3237GA,3237.0,GA,E,10,2,0.001527883880825,rep,nonsyn,False,nonada,nonada,nonada
3237GA,3237.0,GA,G,10,4,0.0030557677616501,rep,nonsyn,False,nonada,nonada,nonada
3237GA,3237.0,GA,H,10,3,0.0022918258212375,rep,nonsyn,False,nonada,nonada,nonada
3238AG,3238.0,AG,H,10,1,0.0007639419404125,rep,nonsyn,False,nonada,nonada,nonada
3239AG,3239.0,AG,E,10,2,0.001527883880825,rep,syn,False,nonada,nonada,nonada
3239AG,3239.0,AG,H,10,1,0.0007639419404125,rep,syn,False,nonada,nonada,nonada
323TC,323.0,TC,E,10,1,0.0007639419404125,mat,nonsyn,False,nonada,nonada,nonada
3241AG,3241.0,AG,E,10,1,0.0007639419404125,rep,nonsyn,False,nonada,nonada,nonada
3241AG,3241.0,AG,H,10,4,0.0030557677616501,rep,nonsyn,False,nonada,nonada,nonada
3242GA,3242.0,GA,G,10,1,0.0007639419404125,rep,syn,False,nonada,nonada,nonada
3246GA,3246.0,GA,G,10,1,0.0007639419404125,rep,nonsyn,False,nonada,nonada,nonada
3248CT,3248.0,CT,E,10,1,0.0007639419404125,rep,syn,False,nonada,nonada,nonada
3249AG,3249.0,AG,G,10,1,0.0007639419404125,rep,nonsyn,False,nonada,nonada,nonada
3249AG,3249.0,AG,H,10,2,0.001527883880825,rep,nonsyn,False,nonada,nonada,nonada
324AG,324.0,AG,E,10,1,0.0007639419404125,mat,syn,False,nonada,nonada,nonada
324AG,324.0,AG,G,10,1,0.0007639419404125,mat,syn,False,nonada,nonada,nonada
324AG,324.0,AG,H,10,1,0.0007639419404125,mat,syn,False,nonada,nonada,nonada
3250GA,3250.0,GA,E,10,1,0.0007639419404125,rep,nonsyn,False,nonada,nonada,nonada
3251TC,3251.0,TC,G,10,1,0.0007639419404125,rep,syn,False,nonada,nonada,nonada
3251TG,3251.0,TG,E,10,1,0.0007639419404125,rep,nonsyn,False,nonada,nonada,nonada
3257CT,3257.0,CT,E,10,1,0.0007639419404125,rep,syn,False,nonada,nonada,nonada
3258TC,3258.0,TC,G,10,1,0.0007639419404125,rep,nonsyn,False,nonada,nonada,nonada
3261AG,3261.0,AG,E,10,1,0.0007639419404125,rep,nonsyn,False,nonada,nonada,nonada
3262TC,3262.0,TC,E,10,1,0.0007639419404125,rep,nonsyn,False,nonada,nonada,nonada
3263AG,3263.0,AG,G,10,1,0.0007639419404125,rep,nonsyn,False,nonada,nonada,nonada
3264GA,3264.0,GA,H,10,2,0.001527883880825,rep,nonsyn,False,nonada,nonada,nonada
3266GA,3266.0,GA,E,10,2,0.001527883880825,rep,syn,False,nonada,nonada,nonada
3270TC,3270.0,TC,H,10,2,0.001527883880825,rep,nonsyn,False,nonada,nonada,nonada
3271TC,3271.0,TC,G,10,1,0.0007639419404125,rep,nonsyn,False,nonada,nonada,nonada
3272CT,3272.0,CT,G,10,1,0.0007639419404125,rep,syn,False,nonada,nonada,nonada
3275TC,3275.0,TC,E,10,1,0.0007639419404125,rep,syn,False,nonada,nonada,nonada
3275TC,3275.0,TC,G,10,1,0.0007639419404125,rep,syn,False,nonada,nonada,nonada
3275TC,3275.0,TC,H,10,1,0.0007639419404125,rep,syn,False,nonada,nonada,nonada
3276AG,3276.0,AG,E,10,1,0.0007639419404125,rep,nonsyn,False,nonada,nonada,nonada
3276AG,3276.0,AG,G,10,1,0.0007639419404125,rep,nonsyn,False,nonada,nonada,nonada
3276AG,3276.0,AG,H,10,3,0.0022918258212375,rep,nonsyn,False,nonada,nonada,nonada
327TC,327.0,TC,G,10,3,0.0022918258212375,mat,syn,False,nonada,nonada,nonada
3281AC,3281.0,AC,G,10,1,0.0007639419404125,rep,syn,False,nonada,nonada,nonada
3283GA,3283.0,GA,E,10,1,0.0007639419404125,rep,nonsyn,False,nonada,nonada,nonada
3284TC,3284.0,TC,E,10,1,0.0007639419404125,rep,syn,False,nonada,nonada,nonada
3284TC,3284.0,TC,G,10,1,0.0007639419404125,rep,syn,False,nonada,nonada,nonada
3284TC,3284.0,TC,H,10,1,0.0007639419404125,rep,syn,False,nonada,nonada,nonada
3285GA,3285.0,GA,E,10,1,0.0007639419404125,rep,nonsyn,False,nonada,nonada,nonada
3285GA,3285.0,GA,G,10,5,0.0038197097020626,rep,nonsyn,False,nonada,nonada,nonada
3285GA,3285.0,GA,H,10,4,0.0030557677616501,rep,nonsyn,False,nonada,nonada,nonada
3286AG,3286.0,AG,E,10,1,0.0007639419404125,rep,nonsyn,False,nonada,nonada,nonada
3286AG,3286.0,AG,H,10,1,0.0007639419404125,rep,nonsyn,False,nonada,nonada,nonada
3287AG,3287.0,AG,E,10,3,0.0022918258212375,rep,syn,False,nonada,nonada,nonada
3287AG,3287.0,AG,G,10,2,0.001527883880825,rep,syn,False,nonada,nonada,nonada
3288AG,3288.0,AG,G,10,1,0.0007639419404125,rep,nonsyn,False,nonada,nonada,nonada
3289TA,3289.0,TA,G,10,1,0.0007639419404125,rep,nonsyn,False,nonada,nonada,nonada
328GA,328.0,GA,H,10,1,0.0007639419404125,mat,nonsyn,False,nonada,nonada,nonada
3290CG,3290.0,CG,H,10,1,0.0007639419404125,rep,nonsyn,False,nonada,nonada,nonada
3290CT,3290.0,CT,E,10,1,0.0007639419404125,rep,syn,False,nonada,nonada,nonada
3291AT,3291.0,AT,H,10,1,0.0007639419404125,rep,nonsyn,False,nonada,nonada,nonada
3292CA,3292.0,CA,H,10,1,0.0007639419404125,rep,nonsyn,False,nonada,nonada,nonada
3292CT,3292.0,CT,G,10,2,0.001527883880825,rep,nonsyn,False,nonada,nonada,nonada
3293CA,3293.0,CA,H,10,1,0.0007639419404125,rep,syn,False,nonada,nonada,nonada
3293CT,3293.0,CT,E,10,1,0.0007639419404125,rep,syn,False,nonada,nonada,nonada
3296CT,3296.0,CT,E,10,1,0.0007639419404125,rep,syn,False,nonada,nonada,nonada
3296CT,3296.0,CT,H,10,2,0.001527883880825,rep,syn,False,nonada,nonada,nonada
3299CT,3299.0,CT,E,10,2,0.001527883880825,rep,syn,False,nonada,nonada,nonada
3299CT,3299.0,CT,H,10,2,0.001527883880825,rep,syn,False,nonada,nonada,nonada
329TC,329.0,TC,G,10,1,0.0007639419404125,mat,nonsyn,False,nonada,nonada,nonada
3300AG,3300.0,AG,G,10,1,0.0007639419404125,rep,nonsyn,False,nonada,nonada,nonada
3303AG,3303.0,AG,E,10,1,0.0007639419404125,rep,nonsyn,False,nonada,nonada,nonada
3303AG,3303.0,AG,G,10,1,0.0007639419404125,rep,nonsyn,False,nonada,nonada,nonada
3304AG,3304.0,AG,G,10,1,0.0007639419404125,rep,nonsyn,False,nonada,nonada,nonada
3304AT,3304.0,AT,H,10,1,0.0007639419404125,rep,nonsyn,False,nonada,nonada,nonada
3305GA,3305.0,GA,E,10,1,0.0007639419404125,rep,syn,False,nonada,nonada,nonada
3305GA,3305.0,GA,G,10,2,0.001527883880825,rep,syn,False,nonada,nonada,nonada
3305GA,3305.0,GA,H,10,2,0.001527883880825,rep,syn,False,nonada,nonada,nonada
3305GC,3305.0,GC,G,10,1,0.0007639419404125,rep,nonsyn,False,nonada,nonada,nonada
3306TG,3306.0,TG,E,10,1,0.0007639419404125,rep,nonsyn,False,nonada,nonada,nonada
3307CT,3307.0,CT,H,10,1,0.0007639419404125,rep,nonsyn,False,nonada,nonada,nonada
3309GA,3309.0,GA,E,10,3,0.0022918258212375,rep,nonsyn,False,nonada,nonada,nonada
330CA,330.0,CA,E,10,1,0.0007639419404125,mat,syn,False,nonada,nonada,nonada
330CA,330.0,CA,G,10,1,0.0007639419404125,mat,syn,False,nonada,nonada,nonada
3311CG,3311.0,CG,H,10,1,0.0007639419404125,rep,syn,False,nonada,nonada,nonada
3311CT,3311.0,CT,H,10,2,0.001527883880825,rep,syn,False,nonada,nonada,nonada
3312GA,3312.0,GA,G,10,2,0.001527883880825,rep,nonsyn,False,nonada,nonada,nonada
3315GA,3315.0,GA,G,10,1,0.0007639419404125,rep,nonsyn,False,nonada,nonada,nonada
3315GA,3315.0,GA,H,10,3,0.0022918258212375,rep,nonsyn,False,nonada,nonada,nonada
3316TC,3316.0,TC,G,10,1,0.0007639419404125,rep,nonsyn,False,nonada,nonada,nonada
3317GA,3317.0,GA,G,10,3,0.0022918258212375,rep,syn,False,nonada,nonada,nonada
3317GA,3317.0,GA,H,10,1,0.0007639419404125,rep,syn,False,nonada,nonada,nonada
3319GT,3319.0,GT,E,10,2,0.001527883880825,rep,nonsyn,False,nonada,nonada,nonada
331AG,331.0,AG,G,10,1,0.0007639419404125,mat,nonsyn,False,nonada,nonada,nonada
3320CA,3320.0,CA,G,10,1,0.0007639419404125,rep,syn,False,nonada,nonada,nonada
3320CT,3320.0,CT,E,10,1,0.0007639419404125,rep,syn,False,nonada,nonada,nonada
3320CT,3320.0,CT,G,10,1,0.0007639419404125,rep,syn,False,nonada,nonada,nonada
3320CT,3320.0,CT,H,10,3,0.0022918258212375,rep,syn,False,nonada,nonada,nonada
3321GA,3321.0,GA,E,10,1,0.0007639419404125,rep,nonsyn,False,nonada,nonada,nonada
3322TC,3322.0,TC,E,10,1,0.0007639419404125,rep,nonsyn,False,nonada,nonada,nonada
3322TC,3322.0,TC,G,10,1,0.0007639419404125,rep,nonsyn,False,nonada,nonada,nonada
3323TC,3323.0,TC,G,10,2,0.001527883880825,rep,syn,False,nonada,nonada,nonada
3323TC,3323.0,TC,H,10,1,0.0007639419404125,rep,syn,False,nonada,nonada,nonada
3324AG,3324.0,AG,G,10,1,0.0007639419404125,rep,nonsyn,False,nonada,nonada,nonada
3324AG,3324.0,AG,H,10,1,0.0007639419404125,rep,nonsyn,False,nonada,nonada,nonada
3325TA,3325.0,TA,H,10,1,0.0007639419404125,rep,nonsyn,False,nonada,nonada,nonada
3325TC,3325.0,TC,G,10,1,0.0007639419404125,rep,nonsyn,False,nonada,nonada,nonada
3325TG,3325.0,TG,G,10,1,0.0007639419404125,rep,nonsyn,False,nonada,nonada,nonada
3326AC,3326.0,AC,E,10,1,0.0007639419404125,rep,syn,False,nonada,nonada,nonada
3326AG,3326.0,AG,E,10,1,0.0007639419404125,rep,nonsyn,False,nonada,nonada,nonada
3327CT,3327.0,CT,G,10,1,0.0007639419404125,rep,nonsyn,False,nonada,nonada,nonada
3327CT,3327.0,CT,H,10,2,0.001527883880825,rep,nonsyn,False,nonada,nonada,nonada
332CT,332.0,CT,G,10,1,0.0007639419404125,mat,nonsyn,False,nonada,nonada,nonada
3336GA,3336.0,GA,H,10,1,0.0007639419404125,rep,nonsyn,False,nonada,nonada,nonada
3338GT,3338.0,GT,E,10,1,0.0007639419404125,rep,nonsyn,False,nonada,nonada,nonada
3338GT,3338.0,GT,H,10,1,0.0007639419404125,rep,nonsyn,False,nonada,nonada,nonada
3339TA,3339.0,TA,G,10,1,0.0007639419404125,rep,nonsyn,False,nonada,nonada,nonada
333AG,333.0,AG,E,10,2,0.001527883880825,mat,syn,False,nonada,nonada,nonada
333AG,333.0,AG,G,10,3,0.0022918258212375,mat,syn,False,nonada,nonada,nonada
333AG,333.0,AG,H,10,3,0.0022918258212375,mat,syn,False,nonada,nonada,nonada
3340GT,3340.0,GT,G,10,1,0.0007639419404125,rep,nonsyn,False,nonada,nonada,nonada
3342CT,3342.0,CT,G,10,1,0.0007639419404125,rep,syn,False,nonada,nonada,nonada
3342CT,3342.0,CT,H,10,1,0.0007639419404125,rep,syn,False,nonada,nonada,nonada
3343TC,3343.0,TC,E,10,1,0.0007639419404125,rep,nonsyn,False,nonada,nonada,nonada
3344AG,3344.0,AG,G,10,1,0.0007639419404125,rep,syn,False,nonada,nonada,nonada
3348CT,3348.0,CT,E,10,1,0.0007639419404125,rep,nonsyn,False,nonada,nonada,nonada
3348CT,3348.0,CT,G,10,1,0.0007639419404125,rep,nonsyn,False,nonada,nonada,nonada
3348CT,3348.0,CT,H,10,1,0.0007639419404125,rep,nonsyn,False,nonada,nonada,nonada
3349CT,3349.0,CT,E,10,1,0.0007639419404125,rep,nonsyn,False,nonada,nonada,nonada
334TA,334.0,TA,H,10,1,0.0007639419404125,mat,nonsyn,False,nonada,nonada,nonada
3351GT,3351.0,GT,G,10,1,0.0007639419404125,rep,nonsyn,False,nonada,nonada,nonada
3352TC,3352.0,TC,G,10,1,0.0007639419404125,rep,nonsyn,False,nonada,nonada,nonada
3353TC,3353.0,TC,G,10,1,0.0007639419404125,rep,syn,False,nonada,nonada,nonada
3355CA,3355.0,CA,G,10,1,0.0007639419404125,rep,nonsyn,False,nonada,nonada,nonada
3355CT,3355.0,CT,G,10,1,0.0007639419404125,rep,nonsyn,False,nonada,nonada,nonada
3356CT,3356.0,CT,E,10,1,0.0007639419404125,rep,syn,False,nonada,nonada,nonada
335CT,335.0,CT,E,10,1,0.0007639419404125,mat,nonsyn,False,nonada,nonada,nonada
3363CT,3363.0,CT,H,10,2,0.001527883880825,rep,nonsyn,False,nonada,nonada,nonada
3365TC,3365.0,TC,G,10,3,0.0022918258212375,rep,syn,False,nonada,nonada,nonada
3365TC,3365.0,TC,H,10,2,0.001527883880825,rep,syn,False,nonada,nonada,nonada
3365TG,3365.0,TG,G,10,4,0.0030557677616501,rep,syn,False,nonada,nonada,nonada
3366CT,3366.0,CT,E,10,1,0.0007639419404125,rep,nonsyn,True,nonada,nonada,nonada
3367AG,3367.0,AG,G,10,1,0.0007639419404125,rep,nonsyn,False,nonada,nonada,nonada
3367AG,3367.0,AG,H,10,1,0.0007639419404125,rep,nonsyn,False,nonada,nonada,nonada
3367AT,3367.0,AT,G,10,1,0.0007639419404125,rep,nonsyn,False,nonada,nonada,nonada
3368GA,3368.0,GA,E,10,1,0.0007639419404125,rep,syn,False,nonada,nonada,nonada
3368GA,3368.0,GA,G,10,1,0.0007639419404125,rep,syn,False,nonada,nonada,nonada
3368GA,3368.0,GA,H,10,1,0.0007639419404125,rep,syn,False,nonada,nonada,nonada
3368GT,3368.0,GT,E,10,1,0.0007639419404125,rep,nonsyn,False,nonada,nonada,nonada
3368GT,3368.0,GT,G,10,1,0.0007639419404125,rep,nonsyn,False,nonada,nonada,nonada
336GA,336.0,GA,H,10,1,0.0007639419404125,mat,syn,False,nonada,nonada,nonada
3371GA,3371.0,GA,G,10,1,0.0007639419404125,rep,syn,False,nonada,nonada,nonada
3371GA,3371.0,GA,H,10,1,0.0007639419404125,rep,syn,False,nonada,nonada,nonada
3371GC,3371.0,GC,G,10,1,0.0007639419404125,rep,nonsyn,False,nonada,nonada,nonada
3371GT,3371.0,GT,G,10,5,0.0038197097020626,rep,nonsyn,False,nonada,nonada,nonada
3372TC,3372.0,TC,E,10,1,0.0007639419404125,rep,nonsyn,False,nonada,nonada,nonada
3372TC,3372.0,TC,G,10,1,0.0007639419404125,rep,nonsyn,False,nonada,nonada,nonada
3372TG,3372.0,TG,H,10,2,0.001527883880825,rep,nonsyn,False,nonada,nonada,nonada
3374TG,3374.0,TG,E,10,1,0.0007639419404125,rep,nonsyn,False,nonada,nonada,nonada
3376GA,3376.0,GA,E,10,2,0.001527883880825,rep,nonsyn,False,nonada,nonada,nonada
3377GC,3377.0,GC,H,10,1,0.0007639419404125,rep,syn,False,nonada,nonada,nonada
3378CT,3378.0,CT,G,10,3,0.0022918258212375,rep,nonsyn,False,nonada,nonada,nonada
3378CT,3378.0,CT,H,10,4,0.0030557677616501,rep,nonsyn,False,nonada,nonada,nonada
337AT,337.0,AT,E,10,1,0.0007639419404125,mat,nonsyn,False,nonada,nonada,nonada
3382CT,3382.0,CT,G,10,1,0.0007639419404125,rep,nonsyn,False,nonada,nonada,nonada
3385GA,3385.0,GA,H,10,1,0.0007639419404125,rep,nonsyn,False,nonada,nonada,nonada
3388CA,3388.0,CA,E,10,1,0.0007639419404125,rep,nonsyn,False,nonada,nonada,nonada
3390CT,3390.0,CT,E,10,1,0.0007639419404125,rep,nonsyn,False,nonada,nonada,nonada
3393CA,3393.0,CA,E,10,1,0.0007639419404125,rep,syn,False,nonada,nonada,nonada
3395GA,3395.0,GA,E,10,1,0.0007639419404125,rep,syn,False,nonada,nonada,nonada
3395GT,3395.0,GT,H,10,1,0.0007639419404125,rep,syn,False,nonada,nonada,nonada
3396TC,3396.0,TC,E,10,1,0.0007639419404125,rep,nonsyn,True,nonada,nonada,nonada
3398GA,3398.0,GA,G,10,2,0.001527883880825,rep,syn,False,nonada,nonada,nonada
3398GA,3398.0,GA,H,10,1,0.0007639419404125,rep,syn,False,nonada,nonada,nonada
341AT,341.0,AT,E,10,1,0.0007639419404125,mat,nonsyn,False,nonada,nonada,nonada
342TC,342.0,TC,G,10,1,0.0007639419404125,mat,syn,False,nonada,nonada,nonada
345AG,345.0,AG,G,10,1,0.0007639419404125,mat,syn,False,nonada,nonada,nonada
346GA,346.0,GA,E,10,1,0.0007639419404125,mat,nonsyn,False,nonada,nonada,nonada
346GT,346.0,GT,G,10,1,0.0007639419404125,mat,nonsyn,False,nonada,nonada,nonada
347GA,347.0,GA,G,10,1,0.0007639419404125,mat,nonsyn,False,nonada,nonada,nonada
347GA,347.0,GA,H,10,1,0.0007639419404125,mat,nonsyn,False,nonada,nonada,nonada
348TA,348.0,TA,E,10,1,0.0007639419404125,mat,syn,False,nonada,nonada,nonada
348TC,348.0,TC,G,10,1,0.0007639419404125,mat,syn,False,nonada,nonada,nonada
349GA,349.0,GA,H,10,1,0.0007639419404125,mat,nonsyn,False,nonada,nonada,nonada
350CT,350.0,CT,E,10,1,0.0007639419404125,mat,nonsyn,False,nonada,nonada,nonada
350CT,350.0,CT,G,10,1,0.0007639419404125,mat,nonsyn,False,nonada,nonada,nonada
351CT,351.0,CT,E,10,4,0.0030557677616501,mat,syn,False,nonada,nonada,nonada
352TC,352.0,TC,E,10,1,0.0007639419404125,mat,nonsyn,False,nonada,nonada,nonada
354CT,354.0,CT,E,10,1,0.0007639419404125,mat,syn,False,nonada,nonada,nonada
357GA,357.0,GA,E,10,1,0.0007639419404125,mat,syn,False,nonada,nonada,nonada
359GA,359.0,GA,G,10,1,0.0007639419404125,mat,nonsyn,False,nonada,nonada,nonada
360AT,360.0,AT,E,10,2,0.001527883880825,mat,syn,False,nonada,nonada,nonada
360AT,360.0,AT,G,10,1,0.0007639419404125,mat,syn,False,nonada,nonada,nonada
362GA,362.0,GA,G,10,2,0.001527883880825,mat,nonsyn,False,nonada,nonada,nonada
363TA,363.0,TA,E,10,1,0.0007639419404125,mat,nonsyn,False,nonada,nonada,nonada
363TC,363.0,TC,E,10,2,0.001527883880825,mat,syn,False,nonada,nonada,nonada
363TG,363.0,TG,E,10,2,0.001527883880825,mat,nonsyn,False,nonada,nonada,nonada
364GA,364.0,GA,E,10,1,0.0007639419404125,mat,nonsyn,False,nonada,nonada,nonada
366GT,366.0,GT,E,10,1,0.0007639419404125,mat,syn,False,nonada,nonada,nonada
368CT,368.0,CT,G,10,1,0.0007639419404125,mat,nonsyn,False,nonada,nonada,nonada
369AG,369.0,AG,E,10,1,0.0007639419404125,mat,syn,False,nonada,nonada,nonada
370TA,370.0,TA,G,10,1,0.0007639419404125,mat,nonsyn,False,nonada,nonada,nonada
370TG,370.0,TG,G,10,1,0.0007639419404125,mat,nonsyn,False,nonada,nonada,nonada
371CT,371.0,CT,E,10,2,0.001527883880825,mat,nonsyn,False,nonada,nonada,nonada
371CT,371.0,CT,G,10,1,0.0007639419404125,mat,nonsyn,False,nonada,nonada,nonada
371CT,371.0,CT,H,10,1,0.0007639419404125,mat,nonsyn,False,nonada,nonada,nonada
372GA,372.0,GA,E,10,1,0.0007639419404125,mat,syn,False,nonada,nonada,nonada
372GA,372.0,GA,G,10,1,0.0007639419404125,mat,syn,False,nonada,nonada,nonada
373TC,373.0,TC,G,10,1,0.0007639419404125,mat,nonsyn,False,nonada,nonada,nonada
374GT,374.0,GT,G,10,1,0.0007639419404125,mat,nonsyn,False,nonada,nonada,nonada
374GT,374.0,GT,H,10,1,0.0007639419404125,mat,nonsyn,False,nonada,nonada,nonada
375GA,375.0,GA,H,10,1,0.0007639419404125,mat,nonsyn,True,nonada,nonada,nonada
375GC,375.0,GC,E,10,1,0.0007639419404125,mat,nonsyn,False,nonada,nonada,nonada
375GT,375.0,GT,G,10,1,0.0007639419404125,mat,nonsyn,False,nonada,nonada,nonada
377GA,377.0,GA,G,10,1,0.0007639419404125,mat,nonsyn,False,nonada,nonada,nonada
378TC,378.0,TC,E,10,1,0.0007639419404125,mat,syn,False,nonada,nonada,nonada
382CT,382.0,CT,G,10,1,0.0007639419404125,mat,nonsyn,False,nonada,nonada,nonada
384GA,384.0,GA,H,10,1,0.0007639419404125,mat,syn,False,nonada,nonada,nonada
385TC,385.0,TC,H,10,1,0.0007639419404125,mat,nonsyn,False,nonada,nonada,nonada
386AG,386.0,AG,G,10,1,0.0007639419404125,mat,nonsyn,False,nonada,nonada,nonada
386AT,386.0,AT,E,10,1,0.0007639419404125,mat,nonsyn,False,nonada,nonada,nonada
387CT,387.0,CT,G,10,1,0.0007639419404125,mat,syn,False,nonada,nonada,nonada
387CT,387.0,CT,H,10,2,0.001527883880825,mat,syn,False,nonada,nonada,nonada
390GT,390.0,GT,G,10,2,0.001527883880825,mat,nonsyn,False,nonada,nonada,nonada
392AG,392.0,AG,G,10,1,0.0007639419404125,mat,nonsyn,False,nonada,nonada,nonada
392AG,392.0,AG,H,10,1,0.0007639419404125,mat,nonsyn,False,nonada,nonada,nonada
393GA,393.0,GA,G,10,1,0.0007639419404125,mat,syn,False,nonada,nonada,nonada
393GA,393.0,GA,H,10,3,0.0022918258212375,mat,syn,False,nonada,nonada,nonada
393GT,393.0,GT,G,10,1,0.0007639419404125,mat,nonsyn,False,nonada,nonada,nonada
394AG,394.0,AG,G,10,1,0.0007639419404125,mat,nonsyn,False,nonada,nonada,nonada
395AG,395.0,AG,E,10,3,0.0022918258212375,mat,nonsyn,False,nonada,nonada,nonada
397GA,397.0,GA,E,10,1,0.0007639419404125,mat,nonsyn,False,nonada,nonada,nonada
397GA,397.0,GA,G,10,4,0.0030557677616501,mat,nonsyn,False,nonada,nonada,nonada
397GA,397.0,GA,H,10,2,0.001527883880825,mat,nonsyn,False,nonada,nonada,nonada
398CT,398.0,CT,G,10,2,0.001527883880825,mat,nonsyn,False,nonada,nonada,nonada
400GA,400.0,GA,E,10,1,0.0007639419404125,mat,nonsyn,False,nonada,nonada,nonada
400GA,400.0,GA,G,10,1,0.0007639419404125,mat,nonsyn,False,nonada,nonada,nonada
400GA,400.0,GA,H,10,1,0.0007639419404125,mat,nonsyn,False,nonada,nonada,nonada
401GT,401.0,GT,E,10,7,0.0053475935828877,mat,nonsyn,False,nonada,nonada,nonada
401GT,401.0,GT,G,10,3,0.0022918258212375,mat,nonsyn,False,nonada,nonada,nonada
402TC,402.0,TC,E,10,2,0.001527883880825,mat,syn,False,nonada,nonada,nonada
403TC,403.0,TC,E,10,1,0.0007639419404125,mat,nonsyn,False,nonada,nonada,nonada
404TC,404.0,TC,E,10,1,0.0007639419404125,mat,nonsyn,False,nonada,nonada,nonada
405CT,405.0,CT,E,10,5,0.0038197097020626,mat,syn,False,nonada,nonada,nonada
405CT,405.0,CT,G,10,1,0.0007639419404125,mat,syn,False,nonada,nonada,nonada
406GA,406.0,GA,G,10,1,0.0007639419404125,mat,nonsyn,False,nonada,nonada,nonada
406GA,406.0,GA,H,10,1,0.0007639419404125,mat,nonsyn,False,nonada,nonada,nonada
408CT,408.0,CT,E,10,3,0.0022918258212375,mat,syn,False,nonada,nonada,nonada
408CT,408.0,CT,G,10,2,0.001527883880825,mat,syn,False,nonada,nonada,nonada
409TC,409.0,TC,E,10,2,0.001527883880825,mat,nonsyn,False,nonada,nonada,nonada
409TG,409.0,TG,H,10,1,0.0007639419404125,mat,nonsyn,False,nonada,nonada,nonada
410TC,410.0,TC,E,10,2,0.001527883880825,mat,nonsyn,False,nonada,nonada,nonada
412TA,412.0,TA,H,10,1,0.0007639419404125,mat,nonsyn,False,nonada,nonada,nonada
412TG,412.0,TG,E,10,1,0.0007639419404125,mat,nonsyn,False,nonada,nonada,nonada
413CT,413.0,CT,G,10,2,0.001527883880825,mat,nonsyn,False,nonada,nonada,nonada
414CT,414.0,CT,G,10,1,0.0007639419404125,mat,syn,False,nonada,nonada,nonada
415CA,415.0,CA,E,10,1,0.0007639419404125,mat,nonsyn,False,nonada,nonada,nonada
417CT,417.0,CT,G,10,1,0.0007639419404125,mat,syn,False,nonada,nonada,nonada
417CT,417.0,CT,H,10,1,0.0007639419404125,mat,syn,False,nonada,nonada,nonada
418GT,418.0,GT,G,10,1,0.0007639419404125,mat,nonsyn,False,nonada,nonada,nonada
420CT,420.0,CT,E,10,1,0.0007639419404125,mat,syn,False,nonada,nonada,nonada
421GA,421.0,GA,H,10,1,0.0007639419404125,mat,nonsyn,False,nonada,nonada,nonada
422CG,422.0,CG,E,10,1,0.0007639419404125,mat,nonsyn,False,nonada,nonada,nonada
422CT,422.0,CT,G,10,1,0.0007639419404125,mat,nonsyn,False,nonada,nonada,nonada
422CT,422.0,CT,H,10,1,0.0007639419404125,mat,nonsyn,False,nonada,nonada,nonada
425GA,425.0,GA,E,10,1,0.0007639419404125,mat,nonsyn,False,nonada,nonada,nonada
426CT,426.0,CT,G,10,1,0.0007639419404125,mat,syn,False,nonada,nonada,nonada
427TC,427.0,TC,G,10,1,0.0007639419404125,mat,nonsyn,False,nonada,nonada,nonada
428CT,428.0,CT,E,10,1,0.0007639419404125,mat,nonsyn,False,nonada,nonada,nonada
428CT,428.0,CT,G,10,1,0.0007639419404125,mat,nonsyn,False,nonada,nonada,nonada
430TG,430.0,TG,G,10,1,0.0007639419404125,mat,nonsyn,False,nonada,nonada,nonada
431GA,431.0,GA,E,10,1,0.0007639419404125,mat,nonsyn,False,nonada,nonada,nonada
432CT,432.0,CT,E,10,1,0.0007639419404125,mat,syn,False,nonada,nonada,nonada
432CT,432.0,CT,G,10,2,0.001527883880825,mat,syn,False,nonada,nonada,nonada
433TC,433.0,TC,G,10,1,0.0007639419404125,mat,nonsyn,False,nonada,nonada,nonada
436AG,436.0,AG,E,10,2,0.001527883880825,mat,nonsyn,False,nonada,nonada,nonada
436AG,436.0,AG,G,10,2,0.001527883880825,mat,nonsyn,False,nonada,nonada,nonada
436AG,436.0,AG,H,10,1,0.0007639419404125,mat,nonsyn,False,nonada,nonada,nonada
437GA,437.0,GA,H,10,1,0.0007639419404125,mat,nonsyn,False,nonada,nonada,nonada
437GT,437.0,GT,H,10,1,0.0007639419404125,mat,nonsyn,False,nonada,nonada,nonada
439CG,439.0,CG,E,10,1,0.0007639419404125,mat,nonsyn,False,nonada,nonada,nonada
441CA,441.0,CA,E,10,1,0.0007639419404125,mat,syn,False,nonada,nonada,nonada
442TC,442.0,TC,G,10,1,0.0007639419404125,mat,nonsyn,False,nonada,nonada,nonada
443TC,443.0,TC,E,10,1,0.0007639419404125,mat,nonsyn,False,nonada,nonada,nonada
444CT,444.0,CT,E,10,1,0.0007639419404125,mat,syn,False,nonada,nonada,nonada
444CT,444.0,CT,G,10,2,0.001527883880825,mat,syn,False,nonada,nonada,nonada
444CT,444.0,CT,H,10,1,0.0007639419404125,mat,syn,False,nonada,nonada,nonada
446CT,446.0,CT,E,10,2,0.001527883880825,mat,nonsyn,False,nonada,nonada,nonada
447TC,447.0,TC,E,10,2,0.001527883880825,mat,syn,False,nonada,nonada,nonada
447TC,447.0,TC,G,10,1,0.0007639419404125,mat,syn,False,nonada,nonada,nonada
447TG,447.0,TG,H,10,1,0.0007639419404125,mat,syn,False,nonada,nonada,nonada
448GA,448.0,GA,E,10,1,0.0007639419404125,mat,nonsyn,False,nonada,nonada,nonada
448GA,448.0,GA,G,10,1,0.0007639419404125,mat,nonsyn,False,nonada,nonada,nonada
449TC,449.0,TC,H,10,2,0.001527883880825,mat,nonsyn,False,nonada,nonada,nonada
450AG,450.0,AG,E,10,1,0.0007639419404125,mat,syn,False,nonada,nonada,nonada
450AG,450.0,AG,G,10,1,0.0007639419404125,mat,syn,False,nonada,nonada,nonada
453CT,453.0,CT,E,10,1,0.0007639419404125,mat,syn,False,nonada,nonada,nonada
453CT,453.0,CT,G,10,1,0.0007639419404125,mat,syn,False,nonada,nonada,nonada
454CA,454.0,CA,G,10,1,0.0007639419404125,mat,nonsyn,False,nonada,nonada,nonada
454CA,454.0,CA,H,10,1,0.0007639419404125,mat,nonsyn,False,nonada,nonada,nonada
455AC,455.0,AC,E,10,1,0.0007639419404125,mat,nonsyn,False,nonada,nonada,nonada
455AC,455.0,AC,G,10,3,0.0022918258212375,mat,nonsyn,False,nonada,nonada,nonada
456AG,456.0,AG,E,10,5,0.0038197097020626,mat,syn,False,nonada,nonada,nonada
458AG,458.0,AG,E,10,1,0.0007639419404125,mat,nonsyn,False,nonada,nonada,nonada
458AT,458.0,AT,H,10,1,0.0007639419404125,mat,nonsyn,False,nonada,nonada,nonada
459CT,459.0,CT,E,10,2,0.001527883880825,mat,syn,False,nonada,nonada,nonada
460TC,460.0,TC,E,10,1,0.0007639419404125,mat,syn,False,nonada,nonada,nonada
460TC,460.0,TC,G,10,1,0.0007639419404125,mat,syn,False,nonada,nonada,nonada
461TC,461.0,TC,G,10,1,0.0007639419404125,mat,nonsyn,False,nonada,nonada,nonada
461TG,461.0,TG,H,10,1,0.0007639419404125,mat,nonsyn,False,nonada,nonada,nonada
462GA,462.0,GA,E,10,1,0.0007639419404125,mat,syn,False,nonada,nonada,nonada
463AG,463.0,AG,G,10,1,0.0007639419404125,mat,nonsyn,False,nonada,nonada,nonada
465TC,465.0,TC,E,10,2,0.001527883880825,mat,syn,False,nonada,nonada,nonada
466TC,466.0,TC,H,10,1,0.0007639419404125,mat,nonsyn,False,nonada,nonada,nonada
471CT,471.0,CT,H,10,1,0.0007639419404125,mat,syn,False,nonada,nonada,nonada
473AG,473.0,AG,E,10,1,0.0007639419404125,mat,nonsyn,False,nonada,nonada,nonada
473AG,473.0,AG,H,10,1,0.0007639419404125,mat,nonsyn,False,nonada,nonada,nonada
479CT,479.0,CT,H,10,1,0.0007639419404125,mat,nonsyn,False,nonada,nonada,nonada
480GA,480.0,GA,E,10,2,0.001527883880825,mat,syn,False,nonada,nonada,nonada
482AG,482.0,AG,G,10,1,0.0007639419404125,mat,nonsyn,False,nonada,nonada,nonada
483GT,483.0,GT,E,10,1,0.0007639419404125,mat,nonsyn,False,nonada,nonada,nonada
483GT,483.0,GT,H,10,1,0.0007639419404125,mat,nonsyn,False,nonada,nonada,nonada
484AG,484.0,AG,G,10,1,0.0007639419404125,mat,nonsyn,False,nonada,nonada,nonada
486CA,486.0,CA,G,10,1,0.0007639419404125,mat,nonsyn,False,nonada,nonada,nonada
486CT,486.0,CT,E,10,1,0.0007639419404125,mat,syn,False,nonada,nonada,nonada
487GA,487.0,GA,H,10,1,0.0007639419404125,mat,nonsyn,False,nonada,nonada,nonada
487GC,487.0,GC,G,10,1,0.0007639419404125,mat,nonsyn,False,nonada,nonada,nonada
488TC,488.0,TC,E,10,1,0.0007639419404125,mat,nonsyn,False,nonada,nonada,nonada
489TG,489.0,TG,H,10,1,0.0007639419404125,mat,syn,False,nonada,nonada,nonada
490GA,490.0,GA,E,10,1,0.0007639419404125,mat,nonsyn,False,nonada,nonada,nonada
492GA,492.0,GA,G,10,1,0.0007639419404125,mat,syn,False,nonada,nonada,nonada
493AC,493.0,AC,H,10,1,0.0007639419404125,mat,nonsyn,False,nonada,nonada,nonada
495CG,495.0,CG,H,10,1,0.0007639419404125,mat,nonsyn,False,nonada,nonada,nonada
495CT,495.0,CT,E,10,2,0.001527883880825,mat,syn,False,nonada,nonada,nonada
495CT,495.0,CT,G,10,2,0.001527883880825,mat,syn,False,nonada,nonada,nonada
495CT,495.0,CT,H,10,3,0.0022918258212375,mat,syn,False,nonada,nonada,nonada
496CA,496.0,CA,E,10,1,0.0007639419404125,mat,syn,False,nonada,nonada,nonada
497GA,497.0,GA,G,10,1,0.0007639419404125,mat,nonsyn,False,nonada,nonada,nonada
498GA,498.0,GA,G,10,1,0.0007639419404125,mat,syn,False,nonada,nonada,nonada
498GT,498.0,GT,G,10,1,0.0007639419404125,mat,syn,False,nonada,nonada,nonada
499GA,499.0,GA,E,10,1,0.0007639419404125,mat,nonsyn,False,nonada,nonada,nonada
499GA,499.0,GA,G,10,1,0.0007639419404125,mat,nonsyn,False,nonada,nonada,nonada
500CT,500.0,CT,E,10,3,0.0022918258212375,mat,nonsyn,False,nonada,nonada,nonada
500CT,500.0,CT,H,10,1,0.0007639419404125,mat,nonsyn,False,nonada,nonada,nonada
501GA,501.0,GA,H,10,2,0.001527883880825,mat,syn,False,nonada,nonada,nonada
501GT,501.0,GT,E,10,1,0.0007639419404125,mat,syn,False,nonada,nonada,nonada
501GT,501.0,GT,G,10,3,0.0022918258212375,mat,syn,False,nonada,nonada,nonada
501GT,501.0,GT,H,10,1,0.0007639419404125,mat,syn,False,nonada,nonada,nonada
502TG,502.0,TG,H,10,1,0.0007639419404125,mat,nonsyn,False,nonada,nonada,nonada
504GA,504.0,GA,E,10,1,0.0007639419404125,mat,syn,False,nonada,nonada,nonada
505AG,505.0,AG,E,10,2,0.001527883880825,mat,nonsyn,False,nonada,nonada,nonada
505AG,505.0,AG,H,10,1,0.0007639419404125,mat,nonsyn,False,nonada,nonada,nonada
506CG,506.0,CG,H,10,1,0.0007639419404125,mat,nonsyn,False,nonada,nonada,nonada
506CT,506.0,CT,H,10,1,0.0007639419404125,mat,nonsyn,False,nonada,nonada,nonada
507CG,507.0,CG,H,10,1,0.0007639419404125,mat,syn,False,nonada,nonada,nonada
508GA,508.0,GA,H,10,1,0.0007639419404125,mat,nonsyn,False,nonada,nonada,nonada
508GT,508.0,GT,H,10,1,0.0007639419404125,mat,nonsyn,True,nonada,nonada,nonada
510AG,510.0,AG,E,10,1,0.0007639419404125,mat,syn,False,nonada,nonada,nonada
510AG,510.0,AG,G,10,2,0.001527883880825,mat,syn,False,nonada,nonada,nonada
510AG,510.0,AG,H,10,3,0.0022918258212375,mat,syn,False,nonada,nonada,nonada
511GC,511.0,GC,H,10,1,0.0007639419404125,mat,nonsyn,False,nonada,nonada,nonada
513CT,513.0,CT,H,10,1,0.0007639419404125,mat,syn,False,nonada,nonada,nonada
514CA,514.0,CA,H,10,2,0.001527883880825,mat,nonsyn,False,nonada,nonada,nonada
514CT,514.0,CT,G,10,1,0.0007639419404125,mat,syn,False,nonada,nonada,nonada
515TC,515.0,TC,G,10,1,0.0007639419404125,mat,nonsyn,False,nonada,nonada,nonada
516GA,516.0,GA,E,10,2,0.001527883880825,mat,syn,False,nonada,nonada,nonada
516GA,516.0,GA,G,10,1,0.0007639419404125,mat,syn,False,nonada,nonada,nonada
516GA,516.0,GA,H,10,1,0.0007639419404125,mat,syn,False,nonada,nonada,nonada
519AG,519.0,AG,E,10,1,0.0007639419404125,mat,syn,False,nonada,nonada,nonada
519AG,519.0,AG,G,10,1,0.0007639419404125,mat,syn,False,nonada,nonada,nonada
522GA,522.0,GA,E,10,2,0.001527883880825,mat,syn,False,nonada,nonada,nonada
522GA,522.0,GA,H,10,3,0.0022918258212375,mat,syn,False,nonada,nonada,nonada
523GA,523.0,GA,G,10,1,0.0007639419404125,mat,nonsyn,False,nonada,nonada,nonada
525CA,525.0,CA,G,10,1,0.0007639419404125,mat,syn,False,nonada,nonada,nonada
525CT,525.0,CT,E,10,3,0.0022918258212375,mat,syn,False,nonada,nonada,nonada
525CT,525.0,CT,G,10,2,0.001527883880825,mat,syn,False,nonada,nonada,nonada
526AG,526.0,AG,E,10,1,0.0007639419404125,mat,nonsyn,False,nonada,nonada,nonada
527CT,527.0,CT,H,10,2,0.001527883880825,mat,nonsyn,False,nonada,nonada,nonada
528CT,528.0,CT,E,10,1,0.0007639419404125,mat,syn,False,nonada,nonada,nonada
528CT,528.0,CT,G,10,3,0.0022918258212375,mat,syn,False,nonada,nonada,nonada
530AG,530.0,AG,H,10,1,0.0007639419404125,mat,nonsyn,False,nonada,nonada,nonada
531GA,531.0,GA,E,10,1,0.0007639419404125,mat,syn,False,nonada,nonada,nonada
531GA,531.0,GA,G,10,2,0.001527883880825,mat,syn,False,nonada,nonada,nonada
532GA,532.0,GA,G,10,1,0.0007639419404125,mat,nonsyn,False,nonada,nonada,nonada
535AG,535.0,AG,E,10,19,0.014514896867838,mat,nonsyn,False,ada,ada,ada
535AG,535.0,AG,G,10,24,0.0183346065699006,mat,nonsyn,False,ada,ada,ada
535AG,535.0,AG,H,10,29,0.0221543162719633,mat,nonsyn,False,ada,ada,ada
536AG,536.0,AG,E,10,1,0.0007639419404125,mat,nonsyn,False,nonada,nonada,nonada
536AG,536.0,AG,G,10,1,0.0007639419404125,mat,nonsyn,False,nonada,nonada,nonada
536AT,536.0,AT,G,10,1,0.0007639419404125,mat,nonsyn,False,nonada,nonada,nonada
537TA,537.0,TA,E,10,1,0.0007639419404125,mat,nonsyn,False,nonada,nonada,nonada
537TA,537.0,TA,H,10,1,0.0007639419404125,mat,nonsyn,False,nonada,nonada,nonada
538TC,538.0,TC,G,10,2,0.001527883880825,mat,nonsyn,False,nonada,nonada,nonada
539TC,539.0,TC,H,10,1,0.0007639419404125,mat,nonsyn,False,nonada,nonada,nonada
540TC,540.0,TC,E,10,2,0.001527883880825,mat,syn,False,nonada,nonada,nonada
540TC,540.0,TC,H,10,1,0.0007639419404125,mat,syn,False,nonada,nonada,nonada
541AT,541.0,AT,G,10,1,0.0007639419404125,mat,nonsyn,False,nonada,nonada,nonada
542AG,542.0,AG,E,10,1,0.0007639419404125,mat,nonsyn,False,nonada,nonada,nonada
545TC,545.0,TC,H,10,1,0.0007639419404125,mat,nonsyn,False,nonada,nonada,nonada
546TC,546.0,TC,H,10,1,0.0007639419404125,mat,syn,False,nonada,nonada,nonada
548GA,548.0,GA,H,10,1,0.0007639419404125,mat,nonsyn,False,nonada,nonada,nonada
548GT,548.0,GT,E,10,1,0.0007639419404125,mat,nonsyn,False,nonada,nonada,nonada
549TC,549.0,TC,G,10,1,0.0007639419404125,mat,syn,False,nonada,nonada,nonada
550GA,550.0,GA,E,10,1,0.0007639419404125,mat,nonsyn,False,nonada,nonada,nonada
550GA,550.0,GA,G,10,1,0.0007639419404125,mat,nonsyn,False,nonada,nonada,nonada
550GT,550.0,GT,H,10,1,0.0007639419404125,mat,nonsyn,False,nonada,nonada,nonada
551TC,551.0,TC,H,10,3,0.0022918258212375,mat,nonsyn,False,nonada,nonada,nonada
552TC,552.0,TC,E,10,1,0.0007639419404125,mat,syn,False,nonada,nonada,nonada
552TG,552.0,TG,H,10,1,0.0007639419404125,mat,syn,False,nonada,nonada,nonada
553GA,553.0,GA,E,10,1,0.0007639419404125,mat,nonsyn,False,nonada,nonada,nonada
555TC,555.0,TC,E,10,2,0.001527883880825,mat,syn,False,nonada,nonada,nonada
555TC,555.0,TC,G,10,6,0.0045836516424751,mat,syn,False,nonada,nonada,nonada
555TC,555.0,TC,H,10,1,0.0007639419404125,mat,syn,False,nonada,nonada,nonada
556TC,556.0,TC,G,10,3,0.0022918258212375,mat,syn,False,nonada,nonada,nonada
557TC,557.0,TC,H,10,1,0.0007639419404125,mat,nonsyn,False,nonada,nonada,nonada
558AG,558.0,AG,E,10,2,0.001527883880825,mat,syn,False,nonada,nonada,nonada
558AG,558.0,AG,G,10,1,0.0007639419404125,mat,syn,False,nonada,nonada,nonada
560CT,560.0,CT,H,10,1,0.0007639419404125,mat,nonsyn,False,nonada,nonada,nonada
561AC,561.0,AC,H,10,1,0.0007639419404125,mat,syn,False,nonada,nonada,nonada
561AG,561.0,AG,E,10,1,0.0007639419404125,mat,syn,False,nonada,nonada,nonada
561AG,561.0,AG,H,10,1,0.0007639419404125,mat,syn,False,nonada,nonada,nonada
562GT,562.0,GT,G,10,1,0.0007639419404125,mat,nonsyn,True,nonada,nonada,nonada
562GT,562.0,GT,H,10,1,0.0007639419404125,mat,nonsyn,True,nonada,nonada,nonada
564GA,564.0,GA,H,10,1,0.0007639419404125,mat,syn,False,nonada,nonada,nonada
564GC,564.0,GC,G,10,1,0.0007639419404125,mat,nonsyn,False,nonada,nonada,nonada
564GT,564.0,GT,G,10,1,0.0007639419404125,mat,nonsyn,False,nonada,nonada,nonada
565GA,565.0,GA,H,10,1,0.0007639419404125,mat,nonsyn,False,nonada,nonada,nonada
566CT,566.0,CT,E,10,1,0.0007639419404125,mat,nonsyn,False,nonada,nonada,nonada
567CG,567.0,CG,E,10,1,0.0007639419404125,mat,syn,False,nonada,nonada,nonada
567CT,567.0,CT,E,10,1,0.0007639419404125,mat,syn,False,nonada,nonada,nonada
567CT,567.0,CT,G,10,1,0.0007639419404125,mat,syn,False,nonada,nonada,nonada
567CT,567.0,CT,H,10,1,0.0007639419404125,mat,syn,False,nonada,nonada,nonada
568AG,568.0,AG,E,10,1,0.0007639419404125,mat,nonsyn,False,nonada,nonada,nonada
568AG,568.0,AG,H,10,1,0.0007639419404125,mat,nonsyn,False,nonada,nonada,nonada
569GA,569.0,GA,E,10,3,0.0022918258212375,mat,nonsyn,False,nonada,nonada,nonada
569GA,569.0,GA,G,10,1,0.0007639419404125,mat,nonsyn,False,nonada,nonada,nonada
569GA,569.0,GA,H,10,1,0.0007639419404125,mat,nonsyn,False,nonada,nonada,nonada
570GA,570.0,GA,E,10,2,0.001527883880825,mat,syn,False,nonada,nonada,nonada
570GC,570.0,GC,E,10,1,0.0007639419404125,mat,nonsyn,False,nonada,nonada,nonada
571TA,571.0,TA,H,10,1,0.0007639419404125,mat,nonsyn,False,nonada,nonada,nonada
573GA,573.0,GA,E,10,3,0.0022918258212375,mat,syn,False,nonada,nonada,nonada
573GA,573.0,GA,G,10,1,0.0007639419404125,mat,syn,False,nonada,nonada,nonada
573GA,573.0,GA,H,10,4,0.0030557677616501,mat,syn,False,nonada,nonada,nonada
574AG,574.0,AG,E,10,1,0.0007639419404125,mat,nonsyn,False,nonada,nonada,nonada
574AG,574.0,AG,G,10,1,0.0007639419404125,mat,nonsyn,False,nonada,nonada,nonada
574AT,574.0,AT,E,10,2,0.001527883880825,mat,nonsyn,False,nonada,nonada,nonada
575CT,575.0,CT,E,10,1,0.0007639419404125,mat,nonsyn,False,nonada,nonada,nonada
576AG,576.0,AG,E,10,2,0.001527883880825,mat,syn,False,nonada,nonada,nonada
576AG,576.0,AG,H,10,1,0.0007639419404125,mat,syn,False,nonada,nonada,nonada
576AT,576.0,AT,G,10,1,0.0007639419404125,mat,syn,False,nonada,nonada,nonada
577GA,577.0,GA,G,10,1,0.0007639419404125,mat,nonsyn,False,nonada,nonada,nonada
577GA,577.0,GA,H,10,1,0.0007639419404125,mat,nonsyn,False,nonada,nonada,nonada
577GC,577.0,GC,G,10,1,0.0007639419404125,mat,nonsyn,False,nonada,nonada,nonada
578CT,578.0,CT,E,10,1,0.0007639419404125,mat,nonsyn,False,nonada,nonada,nonada
578CT,578.0,CT,H,10,2,0.001527883880825,mat,nonsyn,False,nonada,nonada,nonada
579CT,579.0,CT,E,10,1,0.0007639419404125,mat,syn,False,nonada,nonada,nonada
579CT,579.0,CT,G,10,1,0.0007639419404125,mat,syn,False,nonada,nonada,nonada
580TA,580.0,TA,G,10,1,0.0007639419404125,mat,nonsyn,False,nonada,nonada,nonada
580TG,580.0,TG,E,10,2,0.001527883880825,mat,nonsyn,False,nonada,nonada,nonada
581CT,581.0,CT,G,10,1,0.0007639419404125,mat,nonsyn,False,nonada,nonada,nonada
582AG,582.0,AG,E,10,1,0.0007639419404125,mat,syn,False,nonada,nonada,nonada
582AG,582.0,AG,H,10,2,0.001527883880825,mat,syn,False,nonada,nonada,nonada
583CT,583.0,CT,E,10,1,0.0007639419404125,mat,nonsyn,True,nonada,nonada,nonada
583CT,583.0,CT,H,10,2,0.001527883880825,mat,nonsyn,True,nonada,nonada,nonada
585AC,585.0,AC,E,10,1,0.0007639419404125,mat,nonsyn,False,nonada,nonada,nonada
585AG,585.0,AG,E,10,1,0.0007639419404125,mat,syn,False,nonada,nonada,nonada
585AG,585.0,AG,G,10,2,0.001527883880825,mat,syn,False,nonada,nonada,nonada
585AT,585.0,AT,G,10,1,0.0007639419404125,mat,nonsyn,False,nonada,nonada,nonada
587TC,587.0,TC,E,10,1,0.0007639419404125,mat,nonsyn,False,nonada,nonada,nonada
588CT,588.0,CT,E,10,2,0.001527883880825,mat,syn,False,nonada,nonada,nonada
588CT,588.0,CT,G,10,2,0.001527883880825,mat,syn,False,nonada,nonada,nonada
589GA,589.0,GA,E,10,1,0.0007639419404125,mat,nonsyn,False,nonada,nonada,nonada
590CT,590.0,CT,H,10,2,0.001527883880825,mat,nonsyn,False,nonada,nonada,nonada
591GA,591.0,GA,G,10,1,0.0007639419404125,mat,syn,False,nonada,nonada,nonada
592AG,592.0,AG,H,10,1,0.0007639419404125,mat,nonsyn,False,nonada,nonada,nonada
594GT,594.0,GT,E,10,1,0.0007639419404125,mat,syn,False,nonada,nonada,nonada
596AC,596.0,AC,G,10,1,0.0007639419404125,mat,nonsyn,False,nonada,nonada,nonada
597AG,597.0,AG,E,10,1,0.0007639419404125,mat,syn,False,nonada,nonada,nonada
598AC,598.0,AC,G,10,1,0.0007639419404125,mat,nonsyn,False,nonada,nonada,nonada
598AG,598.0,AG,E,10,1,0.0007639419404125,mat,nonsyn,False,nonada,nonada,nonada
599CT,599.0,CT,G,10,1,0.0007639419404125,mat,nonsyn,False,nonada,nonada,nonada
601AG,601.0,AG,G,10,1,0.0007639419404125,mat,nonsyn,False,nonada,nonada,nonada
603TC,603.0,TC,E,10,4,0.0030557677616501,mat,syn,False,nonada,nonada,nonada
603TG,603.0,TG,G,10,1,0.0007639419404125,mat,nonsyn,False,nonada,nonada,nonada
605CT,605.0,CT,H,10,1,0.0007639419404125,mat,nonsyn,False,nonada,nonada,nonada
607CT,607.0,CT,E,10,1,0.0007639419404125,mat,nonsyn,False,nonada,nonada,nonada
609CT,609.0,CT,G,10,1,0.0007639419404125,mat,syn,False,nonada,nonada,nonada
610GA,610.0,GA,H,10,1,0.0007639419404125,mat,nonsyn,False,nonada,nonada,nonada
611TG,611.0,TG,E,10,1,0.0007639419404125,mat,nonsyn,False,nonada,nonada,nonada
612GA,612.0,GA,G,10,6,0.0045836516424751,mat,syn,False,nonada,nonada,nonada
614AC,614.0,AC,G,10,1,0.0007639419404125,mat,nonsyn,False,nonada,nonada,nonada
614AT,614.0,AT,G,10,1,0.0007639419404125,mat,nonsyn,False,nonada,nonada,nonada
615GA,615.0,GA,E,10,1,0.0007639419404125,mat,syn,False,nonada,nonada,nonada
615GA,615.0,GA,G,10,1,0.0007639419404125,mat,syn,False,nonada,nonada,nonada
615GT,615.0,GT,H,10,1,0.0007639419404125,mat,nonsyn,False,nonada,nonada,nonada
618GA,618.0,GA,E,10,1,0.0007639419404125,mat,syn,False,nonada,nonada,nonada
618GA,618.0,GA,G,10,1,0.0007639419404125,mat,syn,False,nonada,nonada,nonada
620AG,620.0,AG,E,10,1,0.0007639419404125,mat,nonsyn,False,nonada,nonada,nonada
620AG,620.0,AG,G,10,1,0.0007639419404125,mat,nonsyn,False,nonada,nonada,nonada
621CT,621.0,CT,E,10,2,0.001527883880825,mat,syn,False,nonada,nonada,nonada
621CT,621.0,CT,G,10,1,0.0007639419404125,mat,syn,False,nonada,nonada,nonada
626CT,626.0,CT,E,10,1,0.0007639419404125,mat,nonsyn,False,nonada,nonada,nonada
626CT,626.0,CT,G,10,1,0.0007639419404125,mat,nonsyn,False,nonada,nonada,nonada
626CT,626.0,CT,H,10,1,0.0007639419404125,mat,nonsyn,False,nonada,nonada,nonada
627CT,627.0,CT,E,10,2,0.001527883880825,mat,syn,False,nonada,nonada,nonada
627CT,627.0,CT,G,10,1,0.0007639419404125,mat,syn,False,nonada,nonada,nonada
627CT,627.0,CT,H,10,1,0.0007639419404125,mat,syn,False,nonada,nonada,nonada
628GA,628.0,GA,G,10,1,0.0007639419404125,mat,nonsyn,False,nonada,nonada,nonada
629CT,629.0,CT,H,10,1,0.0007639419404125,mat,nonsyn,False,nonada,nonada,nonada
630TC,630.0,TC,E,10,1,0.0007639419404125,mat,syn,False,nonada,nonada,nonada
630TC,630.0,TC,H,10,1,0.0007639419404125,mat,syn,False,nonada,nonada,nonada
630TG,630.0,TG,E,10,1,0.0007639419404125,mat,syn,False,nonada,nonada,nonada
630TG,630.0,TG,H,10,1,0.0007639419404125,mat,syn,False,nonada,nonada,nonada
631CT,631.0,CT,G,10,1,0.0007639419404125,mat,nonsyn,False,nonada,nonada,nonada
632GA,632.0,GA,G,10,1,0.0007639419404125,mat,nonsyn,False,nonada,nonada,nonada
633TA,633.0,TA,G,10,1,0.0007639419404125,mat,syn,False,nonada,nonada,nonada
633TC,633.0,TC,E,10,1,0.0007639419404125,mat,syn,False,nonada,nonada,nonada
633TC,633.0,TC,G,10,2,0.001527883880825,mat,syn,False,nonada,nonada,nonada
633TC,633.0,TC,H,10,1,0.0007639419404125,mat,syn,False,nonada,nonada,nonada
635GT,635.0,GT,E,10,1,0.0007639419404125,mat,nonsyn,False,nonada,nonada,nonada
636CG,636.0,CG,E,10,1,0.0007639419404125,mat,syn,False,nonada,nonada,nonada
636CG,636.0,CG,H,10,1,0.0007639419404125,mat,syn,False,nonada,nonada,nonada
636CT,636.0,CT,G,10,1,0.0007639419404125,mat,syn,False,nonada,nonada,nonada
637GT,637.0,GT,H,10,1,0.0007639419404125,mat,nonsyn,False,nonada,nonada,nonada
638GA,638.0,GA,G,10,1,0.0007639419404125,mat,nonsyn,False,nonada,nonada,nonada
638GT,638.0,GT,H,10,1,0.0007639419404125,mat,nonsyn,False,nonada,nonada,nonada
639TA,639.0,TA,E,10,1,0.0007639419404125,mat,syn,False,nonada,nonada,nonada
639TC,639.0,TC,E,10,1,0.0007639419404125,mat,syn,False,nonada,nonada,nonada
639TC,639.0,TC,G,10,2,0.001527883880825,mat,syn,False,nonada,nonada,nonada
639TG,639.0,TG,G,10,1,0.0007639419404125,mat,syn,False,nonada,nonada,nonada
640AC,640.0,AC,G,10,1,0.0007639419404125,mat,nonsyn,False,nonada,nonada,nonada
640AG,640.0,AG,G,10,1,0.0007639419404125,mat,nonsyn,False,nonada,nonada,nonada
641AG,641.0,AG,G,10,1,0.0007639419404125,mat,nonsyn,False,nonada,nonada,nonada
642TC,642.0,TC,E,10,3,0.0022918258212375,mat,syn,False,nonada,nonada,nonada
642TC,642.0,TC,G,10,1,0.0007639419404125,mat,syn,False,nonada,nonada,nonada
642TG,642.0,TG,E,10,1,0.0007639419404125,mat,nonsyn,False,nonada,nonada,nonada
642TG,642.0,TG,G,10,2,0.001527883880825,mat,nonsyn,False,nonada,nonada,nonada
643TG,643.0,TG,H,10,3,0.0022918258212375,mat,nonsyn,False,nonada,nonada,nonada
644GA,644.0,GA,G,10,1,0.0007639419404125,mat,nonsyn,True,nonada,nonada,nonada
645GA,645.0,GA,H,10,1,0.0007639419404125,mat,nonsyn,True,nonada,nonada,nonada
647GA,647.0,GA,H,10,2,0.001527883880825,mat,nonsyn,False,nonada,nonada,nonada
649CA,649.0,CA,E,10,1,0.0007639419404125,mat,nonsyn,False,nonada,nonada,nonada
649CT,649.0,CT,E,10,1,0.0007639419404125,mat,nonsyn,True,nonada,nonada,nonada
650AG,650.0,AG,H,10,1,0.0007639419404125,mat,nonsyn,False,nonada,nonada,nonada
650AT,650.0,AT,H,10,1,0.0007639419404125,mat,nonsyn,False,nonada,nonada,nonada
652GA,652.0,GA,E,10,2,0.001527883880825,mat,nonsyn,False,nonada,nonada,nonada
652GA,652.0,GA,G,10,1,0.0007639419404125,mat,nonsyn,False,nonada,nonada,nonada
652GA,652.0,GA,H,10,6,0.0045836516424751,mat,nonsyn,False,nonada,nonada,nonada
652GC,652.0,GC,H,10,1,0.0007639419404125,mat,nonsyn,False,nonada,nonada,nonada
653CT,653.0,CT,E,10,1,0.0007639419404125,mat,nonsyn,False,nonada,nonada,nonada
654GA,654.0,GA,E,10,2,0.001527883880825,mat,syn,False,nonada,nonada,nonada
655CA,655.0,CA,E,10,1,0.0007639419404125,mat,nonsyn,False,nonada,nonada,nonada
659GA,659.0,GA,E,10,1,0.0007639419404125,mat,nonsyn,False,nonada,nonada,nonada
659GA,659.0,GA,H,10,1,0.0007639419404125,mat,nonsyn,False,nonada,nonada,nonada
660CT,660.0,CT,E,10,1,0.0007639419404125,mat,syn,False,nonada,nonada,nonada
660CT,660.0,CT,G,10,1,0.0007639419404125,mat,syn,False,nonada,nonada,nonada
661TA,661.0,TA,H,10,1,0.0007639419404125,mat,nonsyn,False,nonada,nonada,nonada
663CT,663.0,CT,E,10,1,0.0007639419404125,mat,syn,False,nonada,nonada,nonada
663CT,663.0,CT,G,10,1,0.0007639419404125,mat,syn,False,nonada,nonada,nonada
663CT,663.0,CT,H,10,1,0.0007639419404125,mat,syn,False,nonada,nonada,nonada
664CA,664.0,CA,H,10,1,0.0007639419404125,mat,nonsyn,False,nonada,nonada,nonada
664CT,664.0,CT,H,10,1,0.0007639419404125,mat,nonsyn,False,nonada,nonada,nonada
666TC,666.0,TC,H,10,2,0.001527883880825,mat,syn,False,nonada,nonada,nonada
667GT,667.0,GT,E,10,1,0.0007639419404125,mat,nonsyn,False,nonada,nonada,nonada
668CT,668.0,CT,E,10,1,0.0007639419404125,mat,nonsyn,False,nonada,nonada,nonada
669CT,669.0,CT,E,10,1,0.0007639419404125,mat,syn,False,nonada,nonada,nonada
670CT,670.0,CT,G,10,2,0.001527883880825,mat,syn,False,nonada,nonada,nonada
671TA,671.0,TA,E,10,1,0.0007639419404125,mat,nonsyn,False,nonada,nonada,nonada
671TA,671.0,TA,G,10,1,0.0007639419404125,mat,nonsyn,False,nonada,nonada,nonada
672AC,672.0,AC,G,10,1,0.0007639419404125,mat,syn,False,nonada,nonada,nonada
672AC,672.0,AC,H,10,1,0.0007639419404125,mat,syn,False,nonada,nonada,nonada
672AG,672.0,AG,E,10,2,0.001527883880825,mat,syn,False,nonada,nonada,nonada
672AG,672.0,AG,G,10,1,0.0007639419404125,mat,syn,False,nonada,nonada,nonada
672AG,672.0,AG,H,10,1,0.0007639419404125,mat,syn,False,nonada,nonada,nonada
673AG,673.0,AG,E,10,1,0.0007639419404125,mat,nonsyn,False,nonada,nonada,nonada
673AG,673.0,AG,H,10,3,0.0022918258212375,mat,nonsyn,False,nonada,nonada,nonada
674AG,674.0,AG,G,10,1,0.0007639419404125,mat,nonsyn,False,nonada,nonada,nonada
675CA,675.0,CA,E,10,1,0.0007639419404125,mat,nonsyn,False,nonada,nonada,nonada
675CG,675.0,CG,G,10,1,0.0007639419404125,mat,nonsyn,False,nonada,nonada,nonada
677AT,677.0,AT,G,10,1,0.0007639419404125,mat,nonsyn,False,nonada,nonada,nonada
678AC,678.0,AC,E,10,1,0.0007639419404125,mat,nonsyn,False,nonada,nonada,nonada
678AG,678.0,AG,E,10,1,0.0007639419404125,mat,syn,False,nonada,nonada,nonada
678AG,678.0,AG,G,10,1,0.0007639419404125,mat,syn,False,nonada,nonada,nonada
678AG,678.0,AG,H,10,1,0.0007639419404125,mat,syn,False,nonada,nonada,nonada
678AT,678.0,AT,G,10,1,0.0007639419404125,mat,nonsyn,False,nonada,nonada,nonada
679GA,679.0,GA,G,10,2,0.001527883880825,mat,nonsyn,False,nonada,nonada,nonada
679GA,679.0,GA,H,10,1,0.0007639419404125,mat,nonsyn,False,nonada,nonada,nonada
680AG,680.0,AG,E,10,1,0.0007639419404125,mat,nonsyn,False,nonada,nonada,nonada
680AG,680.0,AG,G,10,1,0.0007639419404125,mat,nonsyn,False,nonada,nonada,nonada
681TC,681.0,TC,E,10,1,0.0007639419404125,mat,syn,False,nonada,nonada,nonada
681TC,681.0,TC,G,10,2,0.001527883880825,mat,syn,False,nonada,nonada,nonada
681TG,681.0,TG,G,10,1,0.0007639419404125,mat,nonsyn,False,nonada,nonada,nonada
683GA,683.0,GA,H,10,1,0.0007639419404125,mat,nonsyn,False,nonada,nonada,nonada
684AG,684.0,AG,H,10,2,0.001527883880825,mat,syn,False,nonada,nonada,nonada
685AG,685.0,AG,E,10,1,0.0007639419404125,mat,nonsyn,False,nonada,nonada,nonada
686AG,686.0,AG,H,10,1,0.0007639419404125,mat,nonsyn,False,nonada,nonada,nonada
687GA,687.0,GA,E,10,2,0.001527883880825,mat,syn,False,nonada,nonada,nonada
687GA,687.0,GA,G,10,2,0.001527883880825,mat,syn,False,nonada,nonada,nonada
687GA,687.0,GA,H,10,1,0.0007639419404125,mat,syn,False,nonada,nonada,nonada
687GT,687.0,GT,E,10,1,0.0007639419404125,mat,nonsyn,False,nonada,nonada,nonada
687GT,687.0,GT,G,10,1,0.0007639419404125,mat,nonsyn,False,nonada,nonada,nonada
688TC,688.0,TC,E,10,2,0.001527883880825,mat,nonsyn,False,nonada,nonada,nonada
688TC,688.0,TC,H,10,2,0.001527883880825,mat,nonsyn,False,nonada,nonada,nonada
689TC,689.0,TC,G,10,1,0.0007639419404125,mat,nonsyn,False,nonada,nonada,nonada
689TG,689.0,TG,G,10,1,0.0007639419404125,mat,nonsyn,False,nonada,nonada,nonada
690TC,690.0,TC,E,10,2,0.001527883880825,mat,syn,False,nonada,nonada,nonada
690TC,690.0,TC,H,10,1,0.0007639419404125,mat,syn,False,nonada,nonada,nonada
691CT,691.0,CT,H,10,2,0.001527883880825,mat,nonsyn,True,nonada,nonada,nonada
693AG,693.0,AG,E,10,1,0.0007639419404125,mat,syn,False,nonada,nonada,nonada
693AG,693.0,AG,G,10,1,0.0007639419404125,mat,syn,False,nonada,nonada,nonada
693AG,693.0,AG,H,10,1,0.0007639419404125,mat,syn,False,nonada,nonada,nonada
694TC,694.0,TC,E,10,1,0.0007639419404125,mat,nonsyn,False,nonada,nonada,nonada
695CA,695.0,CA,H,10,2,0.001527883880825,mat,nonsyn,True,nonada,nonada,nonada
696AG,696.0,AG,E,10,2,0.001527883880825,mat,syn,False,nonada,nonada,nonada
696AG,696.0,AG,H,10,2,0.001527883880825,mat,syn,False,nonada,nonada,nonada
698AG,698.0,AG,H,10,1,0.0007639419404125,mat,nonsyn,False,nonada,nonada,nonada
699AG,699.0,AG,G,10,1,0.0007639419404125,mat,syn,False,nonada,nonada,nonada
702CT,702.0,CT,E,10,1,0.0007639419404125,mat,syn,False,nonada,nonada,nonada
702CT,702.0,CT,G,10,1,0.0007639419404125,mat,syn,False,nonada,nonada,nonada
704TG,704.0,TG,E,10,1,0.0007639419404125,mat,nonsyn,False,nonada,nonada,nonada
704TG,704.0,TG,H,10,1,0.0007639419404125,mat,nonsyn,False,nonada,nonada,nonada
705GA,705.0,GA,E,10,1,0.0007639419404125,mat,syn,False,nonada,nonada,nonada
705GA,705.0,GA,G,10,2,0.001527883880825,mat,syn,False,nonada,nonada,nonada
706GA,706.0,GA,G,10,1,0.0007639419404125,mat,nonsyn,False,nonada,nonada,nonada
706GA,706.0,GA,H,10,1,0.0007639419404125,mat,nonsyn,False,nonada,nonada,nonada
706GC,706.0,GC,G,10,1,0.0007639419404125,mat,nonsyn,False,nonada,nonada,nonada
706GT,706.0,GT,E,10,1,0.0007639419404125,mat,nonsyn,False,nonada,nonada,nonada
707CT,707.0,CT,G,10,1,0.0007639419404125,mat,nonsyn,False,nonada,nonada,nonada
708CT,708.0,CT,G,10,1,0.0007639419404125,mat,syn,False,nonada,nonada,nonada
708CT,708.0,CT,H,10,1,0.0007639419404125,mat,syn,False,nonada,nonada,nonada
709GA,709.0,GA,G,10,1,0.0007639419404125,mat,nonsyn,False,nonada,nonada,nonada
709GA,709.0,GA,H,10,1,0.0007639419404125,mat,nonsyn,False,nonada,nonada,nonada
709GT,709.0,GT,G,10,1,0.0007639419404125,mat,nonsyn,False,nonada,nonada,nonada
710GA,710.0,GA,E,10,2,0.001527883880825,mat,nonsyn,False,nonada,nonada,nonada
710GA,710.0,GA,H,10,2,0.001527883880825,mat,nonsyn,False,nonada,nonada,nonada
711CT,711.0,CT,G,10,1,0.0007639419404125,mat,syn,False,nonada,nonada,nonada
712AG,712.0,AG,E,10,1,0.0007639419404125,mat,nonsyn,False,nonada,nonada,nonada
713GA,713.0,GA,E,10,1,0.0007639419404125,mat,nonsyn,False,nonada,nonada,nonada
714GA,714.0,GA,G,10,1,0.0007639419404125,mat,syn,False,nonada,nonada,nonada
715TG,715.0,TG,H,10,1,0.0007639419404125,mat,nonsyn,False,nonada,nonada,nonada
717GA,717.0,GA,H,10,1,0.0007639419404125,mat,nonsyn,True,nonada,nonada,nonada
718TC,718.0,TC,G,10,1,0.0007639419404125,mat,syn,False,nonada,nonada,nonada
719TC,719.0,TC,G,10,1,0.0007639419404125,mat,nonsyn,False,nonada,nonada,nonada
720GA,720.0,GA,G,10,1,0.0007639419404125,mat,syn,False,nonada,nonada,nonada
720GC,720.0,GC,G,10,1,0.0007639419404125,mat,nonsyn,False,nonada,nonada,nonada
720GT,720.0,GT,G,10,1,0.0007639419404125,mat,nonsyn,False,nonada,nonada,nonada
721GA,721.0,GA,E,10,1,0.0007639419404125,mat,nonsyn,False,nonada,nonada,nonada
721GA,721.0,GA,G,10,1,0.0007639419404125,mat,nonsyn,False,nonada,nonada,nonada
722AG,722.0,AG,G,10,1,0.0007639419404125,mat,nonsyn,False,nonada,nonada,nonada
723GA,723.0,GA,G,10,2,0.001527883880825,mat,syn,False,nonada,nonada,nonada
728AG,728.0,AG,H,10,1,0.0007639419404125,mat,nonsyn,False,nonada,nonada,nonada
730TC,730.0,TC,G,10,1,0.0007639419404125,mat,nonsyn,False,nonada,nonada,nonada
732CG,732.0,CG,H,10,1,0.0007639419404125,mat,nonsyn,False,nonada,nonada,nonada
732CT,732.0,CT,H,10,1,0.0007639419404125,mat,syn,False,nonada,nonada,nonada
733GA,733.0,GA,G,10,1,0.0007639419404125,mat,nonsyn,False,nonada,nonada,nonada
734GT,734.0,GT,E,10,1,0.0007639419404125,mat,nonsyn,False,nonada,nonada,nonada
734GT,734.0,GT,G,10,1,0.0007639419404125,mat,nonsyn,False,nonada,nonada,nonada
735TC,735.0,TC,E,10,1,0.0007639419404125,mat,syn,False,nonada,nonada,nonada
735TC,735.0,TC,H,10,1,0.0007639419404125,mat,syn,False,nonada,nonada,nonada
735TG,735.0,TG,G,10,1,0.0007639419404125,mat,syn,False,nonada,nonada,nonada
739TC,739.0,TC,E,10,2,0.001527883880825,mat,syn,False,nonada,nonada,nonada
739TG,739.0,TG,G,10,1,0.0007639419404125,mat,nonsyn,False,nonada,nonada,nonada
742CT,742.0,CT,H,10,1,0.0007639419404125,mat,nonsyn,False,nonada,nonada,nonada
745CA,745.0,CA,G,10,1,0.0007639419404125,mat,nonsyn,False,nonada,nonada,nonada
746TA,746.0,TA,G,10,1,0.0007639419404125,mat,nonsyn,False,nonada,nonada,nonada
747AG,747.0,AG,E,10,1,0.0007639419404125,mat,syn,False,nonada,nonada,nonada
747AG,747.0,AG,G,10,1,0.0007639419404125,mat,syn,False,nonada,nonada,nonada
748AG,748.0,AG,E,10,1,0.0007639419404125,mat,nonsyn,False,nonada,nonada,nonada
749TC,749.0,TC,G,10,1,0.0007639419404125,mat,nonsyn,False,nonada,nonada,nonada
751AG,751.0,AG,G,10,1,0.0007639419404125,mat,nonsyn,False,nonada,nonada,nonada
753TC,753.0,TC,G,10,1,0.0007639419404125,mat,syn,False,nonada,nonada,nonada
758TC,758.0,TC,E,10,1,0.0007639419404125,mat,nonsyn,False,nonada,nonada,nonada
758TC,758.0,TC,H,10,1,0.0007639419404125,mat,nonsyn,False,nonada,nonada,nonada
761AG,761.0,AG,H,10,1,0.0007639419404125,mat,nonsyn,False,nonada,nonada,nonada
762GA,762.0,GA,E,10,1,0.0007639419404125,mat,syn,False,nonada,nonada,nonada
762GA,762.0,GA,H,10,2,0.001527883880825,mat,syn,False,nonada,nonada,nonada
762GT,762.0,GT,G,10,2,0.001527883880825,mat,nonsyn,False,nonada,nonada,nonada
763GA,763.0,GA,E,10,1,0.0007639419404125,mat,nonsyn,False,nonada,nonada,nonada
765TC,765.0,TC,E,10,4,0.0030557677616501,mat,syn,False,nonada,nonada,nonada
765TC,765.0,TC,G,10,5,0.0038197097020626,mat,syn,False,nonada,nonada,nonada
765TG,765.0,TG,E,10,1,0.0007639419404125,mat,syn,False,nonada,nonada,nonada
765TG,765.0,TG,G,10,1,0.0007639419404125,mat,syn,False,nonada,nonada,nonada
766GA,766.0,GA,G,10,2,0.001527883880825,mat,nonsyn,False,nonada,nonada,nonada
766GT,766.0,GT,G,10,1,0.0007639419404125,mat,nonsyn,False,nonada,nonada,nonada
767CT,767.0,CT,G,10,2,0.001527883880825,mat,nonsyn,False,nonada,nonada,nonada
768AG,768.0,AG,G,10,2,0.001527883880825,mat,syn,False,nonada,nonada,nonada
769TC,769.0,TC,E,10,2,0.001527883880825,mat,nonsyn,False,nonada,nonada,nonada
769TC,769.0,TC,G,10,1,0.0007639419404125,mat,nonsyn,False,nonada,nonada,nonada
770AT,770.0,AT,E,10,1,0.0007639419404125,mat,nonsyn,False,nonada,nonada,nonada
771TC,771.0,TC,H,10,1,0.0007639419404125,mat,syn,False,nonada,nonada,nonada
772GA,772.0,GA,G,10,1,0.0007639419404125,mat,nonsyn,False,nonada,nonada,nonada
773AC,773.0,AC,G,10,1,0.0007639419404125,mat,nonsyn,False,nonada,nonada,nonada
773AT,773.0,AT,G,10,1,0.0007639419404125,mat,nonsyn,False,nonada,nonada,nonada
774GA,774.0,GA,G,10,1,0.0007639419404125,mat,syn,False,nonada,nonada,nonada
775AG,775.0,AG,E,10,1,0.0007639419404125,mat,nonsyn,False,nonada,nonada,nonada
775AG,775.0,AG,G,10,1,0.0007639419404125,mat,nonsyn,False,nonada,nonada,nonada
775AG,775.0,AG,H,10,1,0.0007639419404125,mat,nonsyn,False,nonada,nonada,nonada
777GA,777.0,GA,E,10,1,0.0007639419404125,mat,nonsyn,False,nonada,nonada,nonada
777GT,777.0,GT,E,10,1,0.0007639419404125,mat,nonsyn,False,nonada,nonada,nonada
779TC,779.0,TC,E,10,1,0.0007639419404125,mat,nonsyn,False,nonada,nonada,nonada
780TC,780.0,TC,E,10,7,0.0053475935828877,mat,syn,False,nonada,nonada,nonada
780TC,780.0,TC,G,10,1,0.0007639419404125,mat,syn,False,nonada,nonada,nonada
781AG,781.0,AG,G,10,1,0.0007639419404125,mat,nonsyn,False,nonada,nonada,nonada
782CG,782.0,CG,H,10,1,0.0007639419404125,mat,nonsyn,False,nonada,nonada,nonada
782CT,782.0,CT,E,10,1,0.0007639419404125,mat,nonsyn,False,nonada,nonada,nonada
783GA,783.0,GA,E,10,1,0.0007639419404125,mat,syn,False,nonada,nonada,nonada
784AG,784.0,AG,E,10,1,0.0007639419404125,mat,nonsyn,False,nonada,nonada,nonada
785AG,785.0,AG,G,10,1,0.0007639419404125,mat,nonsyn,False,nonada,nonada,nonada
787GA,787.0,GA,G,10,1,0.0007639419404125,mat,nonsyn,False,nonada,nonada,nonada
789TC,789.0,TC,E,10,1,0.0007639419404125,mat,syn,False,nonada,nonada,nonada
789TG,789.0,TG,G,10,1,0.0007639419404125,mat,syn,False,nonada,nonada,nonada
790CT,790.0,CT,E,10,1,0.0007639419404125,mat,nonsyn,False,nonada,nonada,nonada
791AG,791.0,AG,H,10,2,0.001527883880825,mat,nonsyn,False,nonada,nonada,nonada
793CT,793.0,CT,H,10,1,0.0007639419404125,mat,nonsyn,False,nonada,nonada,nonada
799GA,799.0,GA,E,10,1,0.0007639419404125,mat,nonsyn,False,nonada,nonada,nonada
799GA,799.0,GA,H,10,1,0.0007639419404125,mat,nonsyn,False,nonada,nonada,nonada
801GT,801.0,GT,G,10,1,0.0007639419404125,mat,nonsyn,False,nonada,nonada,nonada
802TC,802.0,TC,H,10,1,0.0007639419404125,mat,nonsyn,False,nonada,nonada,nonada
804TC,804.0,TC,G,10,1,0.0007639419404125,mat,syn,False,nonada,nonada,nonada
805CT,805.0,CT,H,10,1,0.0007639419404125,mat,nonsyn,False,nonada,nonada,nonada
806TC,806.0,TC,H,10,2,0.001527883880825,mat,nonsyn,False,nonada,nonada,nonada
807TC,807.0,TC,G,10,1,0.0007639419404125,mat,syn,False,nonada,nonada,nonada
807TC,807.0,TC,H,10,2,0.001527883880825,mat,syn,False,nonada,nonada,nonada
808CG,808.0,CG,H,10,1,0.0007639419404125,mat,nonsyn,False,nonada,nonada,nonada
808CT,808.0,CT,E,10,1,0.0007639419404125,mat,nonsyn,False,nonada,nonada,nonada
809CT,809.0,CT,E,10,1,0.0007639419404125,mat,nonsyn,False,nonada,nonada,nonada
809CT,809.0,CT,H,10,1,0.0007639419404125,mat,nonsyn,False,nonada,nonada,nonada
810TC,810.0,TC,H,10,1,0.0007639419404125,mat,syn,False,nonada,nonada,nonada
813GT,813.0,GT,G,10,1,0.0007639419404125,mat,nonsyn,False,nonada,nonada,nonada
815GC,815.0,GC,E,10,1,0.0007639419404125,mat,nonsyn,False,nonada,nonada,nonada
815GC,815.0,GC,G,10,1,0.0007639419404125,mat,nonsyn,False,nonada,nonada,nonada
816AG,816.0,AG,G,10,2,0.001527883880825,mat,syn,False,nonada,nonada,nonada
816AG,816.0,AG,H,10,1,0.0007639419404125,mat,syn,False,nonada,nonada,nonada
820GA,820.0,GA,E,10,1,0.0007639419404125,mat,nonsyn,False,nonada,nonada,nonada
820GA,820.0,GA,G,10,2,0.001527883880825,mat,nonsyn,False,nonada,nonada,nonada
820GA,820.0,GA,H,10,1,0.0007639419404125,mat,nonsyn,False,nonada,nonada,nonada
821TC,821.0,TC,H,10,1,0.0007639419404125,mat,nonsyn,False,nonada,nonada,nonada
822AG,822.0,AG,E,10,1,0.0007639419404125,mat,syn,False,nonada,nonada,nonada
822AG,822.0,AG,G,10,3,0.0022918258212375,mat,syn,False,nonada,nonada,nonada
822AG,822.0,AG,H,10,1,0.0007639419404125,mat,syn,False,nonada,nonada,nonada
825TC,825.0,TC,G,10,2,0.001527883880825,mat,syn,False,nonada,nonada,nonada
825TC,825.0,TC,H,10,1,0.0007639419404125,mat,syn,False,nonada,nonada,nonada
827AC,827.0,AC,G,10,1,0.0007639419404125,mat,nonsyn,False,nonada,nonada,nonada
827AG,827.0,AG,G,10,1,0.0007639419404125,mat,nonsyn,False,nonada,nonada,nonada
828GA,828.0,GA,E,10,1,0.0007639419404125,mat,syn,False,nonada,nonada,nonada
829GC,829.0,GC,G,10,1,0.0007639419404125,mat,nonsyn,False,nonada,nonada,nonada
829GT,829.0,GT,G,10,1,0.0007639419404125,mat,nonsyn,False,nonada,nonada,nonada
830TG,830.0,TG,H,10,1,0.0007639419404125,mat,nonsyn,False,nonada,nonada,nonada
831CT,831.0,CT,G,10,2,0.001527883880825,mat,syn,False,nonada,nonada,nonada
832GA,832.0,GA,E,10,1,0.0007639419404125,mat,nonsyn,False,nonada,nonada,nonada
832GA,832.0,GA,G,10,1,0.0007639419404125,mat,nonsyn,False,nonada,nonada,nonada
833GT,833.0,GT,G,10,1,0.0007639419404125,mat,nonsyn,False,nonada,nonada,nonada
834TC,834.0,TC,E,10,1,0.0007639419404125,mat,syn,False,nonada,nonada,nonada
834TC,834.0,TC,G,10,2,0.001527883880825,mat,syn,False,nonada,nonada,nonada
834TC,834.0,TC,H,10,2,0.001527883880825,mat,syn,False,nonada,nonada,nonada
835AG,835.0,AG,E,10,2,0.001527883880825,mat,nonsyn,False,nonada,nonada,nonada
835AT,835.0,AT,E,10,1,0.0007639419404125,mat,nonsyn,False,nonada,nonada,nonada
838AG,838.0,AG,G,10,1,0.0007639419404125,mat,nonsyn,False,nonada,nonada,nonada
840CT,840.0,CT,E,10,1,0.0007639419404125,mat,syn,False,nonada,nonada,nonada
841AG,841.0,AG,E,10,3,0.0022918258212375,mat,nonsyn,False,nonada,nonada,nonada
842TC,842.0,TC,E,10,1,0.0007639419404125,mat,nonsyn,False,nonada,nonada,nonada
843CA,843.0,CA,E,10,7,0.0053475935828877,mat,syn,False,nonada,nonada,nonada
843CT,843.0,CT,E,10,2,0.001527883880825,mat,syn,False,nonada,nonada,nonada
843CT,843.0,CT,G,10,4,0.0030557677616501,mat,syn,False,nonada,nonada,nonada
844AG,844.0,AG,E,10,1,0.0007639419404125,mat,nonsyn,False,nonada,nonada,nonada
845AC,845.0,AC,G,10,1,0.0007639419404125,mat,nonsyn,False,nonada,nonada,nonada
845AG,845.0,AG,G,10,1,0.0007639419404125,mat,nonsyn,False,nonada,nonada,nonada
845AG,845.0,AG,H,10,2,0.001527883880825,mat,nonsyn,False,nonada,nonada,nonada
846GT,846.0,GT,G,10,1,0.0007639419404125,mat,nonsyn,False,nonada,nonada,nonada
847TC,847.0,TC,G,10,1,0.0007639419404125,mat,syn,False,nonada,nonada,nonada
848TC,848.0,TC,H,10,1,0.0007639419404125,mat,nonsyn,False,nonada,nonada,nonada
849AG,849.0,AG,H,10,1,0.0007639419404125,mat,syn,False,nonada,nonada,nonada
849AT,849.0,AT,G,10,1,0.0007639419404125,mat,nonsyn,False,nonada,nonada,nonada
850GC,850.0,GC,H,10,1,0.0007639419404125,mat,nonsyn,False,nonada,nonada,nonada
850GT,850.0,GT,G,10,1,0.0007639419404125,mat,nonsyn,False,nonada,nonada,nonada
851AG,851.0,AG,E,10,1,0.0007639419404125,mat,nonsyn,False,nonada,nonada,nonada
852TC,852.0,TC,E,10,1,0.0007639419404125,mat,syn,False,nonada,nonada,nonada
852TC,852.0,TC,G,10,1,0.0007639419404125,mat,syn,False,nonada,nonada,nonada
852TG,852.0,TG,G,10,1,0.0007639419404125,mat,nonsyn,False,nonada,nonada,nonada
852TG,852.0,TG,H,10,1,0.0007639419404125,mat,nonsyn,False,nonada,nonada,nonada
853GT,853.0,GT,H,10,1,0.0007639419404125,mat,nonsyn,False,nonada,nonada,nonada
857GA,857.0,GA,E,10,1,0.0007639419404125,mat,nonsyn,False,nonada,nonada,nonada
857GT,857.0,GT,G,10,1,0.0007639419404125,mat,nonsyn,False,nonada,nonada,nonada
858TC,858.0,TC,E,10,1,0.0007639419404125,mat,syn,False,nonada,nonada,nonada
858TC,858.0,TC,G,10,1,0.0007639419404125,mat,syn,False,nonada,nonada,nonada
858TC,858.0,TC,H,10,2,0.001527883880825,mat,syn,False,nonada,nonada,nonada
859CT,859.0,CT,E,10,1,0.0007639419404125,mat,syn,False,nonada,nonada,nonada
860TG,860.0,TG,H,10,3,0.0022918258212375,mat,nonsyn,False,nonada,nonada,nonada
861GA,861.0,GA,E,10,2,0.001527883880825,mat,syn,False,nonada,nonada,nonada
861GA,861.0,GA,H,10,1,0.0007639419404125,mat,syn,False,nonada,nonada,nonada
862TC,862.0,TC,E,10,2,0.001527883880825,mat,nonsyn,False,nonada,nonada,nonada
862TC,862.0,TC,G,10,2,0.001527883880825,mat,nonsyn,False,nonada,nonada,nonada
862TC,862.0,TC,H,10,2,0.001527883880825,mat,nonsyn,False,nonada,nonada,nonada
863CT,863.0,CT,E,10,1,0.0007639419404125,mat,nonsyn,False,nonada,nonada,nonada
863CT,863.0,CT,G,10,12,0.0091673032849503,mat,nonsyn,False,nonada,nonada,nonada
863CT,863.0,CT,H,10,1,0.0007639419404125,mat,nonsyn,False,nonada,nonada,nonada
864GA,864.0,GA,E,10,4,0.0030557677616501,mat,syn,False,nonada,nonada,nonada
864GA,864.0,GA,G,10,1,0.0007639419404125,mat,syn,False,nonada,nonada,nonada
866AG,866.0,AG,E,10,2,0.001527883880825,mat,nonsyn,False,nonada,nonada,nonada
866AG,866.0,AG,G,10,1,0.0007639419404125,mat,nonsyn,False,nonada,nonada,nonada
867TC,867.0,TC,E,10,1,0.0007639419404125,mat,syn,False,nonada,nonada,nonada
867TC,867.0,TC,G,10,2,0.001527883880825,mat,syn,False,nonada,nonada,nonada
871GA,871.0,GA,G,10,2,0.001527883880825,mat,nonsyn,False,nonada,nonada,nonada
871GT,871.0,GT,G,10,1,0.0007639419404125,mat,nonsyn,False,nonada,nonada,nonada
872CT,872.0,CT,E,10,1,0.0007639419404125,mat,nonsyn,False,nonada,nonada,nonada
874GA,874.0,GA,G,10,1,0.0007639419404125,mat,nonsyn,False,nonada,nonada,nonada
875CT,875.0,CT,G,10,1,0.0007639419404125,mat,nonsyn,False,nonada,nonada,nonada
879CT,879.0,CT,E,10,1,0.0007639419404125,mat,syn,False,nonada,nonada,nonada
885GA,885.0,GA,G,10,1,0.0007639419404125,mat,syn,False,nonada,nonada,nonada
885GT,885.0,GT,G,10,3,0.0022918258212375,mat,nonsyn,False,nonada,nonada,nonada
886AG,886.0,AG,G,10,2,0.001527883880825,mat,nonsyn,False,nonada,nonada,nonada
888AG,888.0,AG,E,10,3,0.0022918258212375,mat,syn,False,nonada,nonada,nonada
888AG,888.0,AG,H,10,1,0.0007639419404125,mat,syn,False,nonada,nonada,nonada
891GA,891.0,GA,E,10,1,0.0007639419404125,mat,syn,False,nonada,nonada,nonada
892TC,892.0,TC,E,10,1,0.0007639419404125,mat,nonsyn,False,nonada,nonada,nonada
892TC,892.0,TC,G,10,1,0.0007639419404125,mat,nonsyn,False,nonada,nonada,nonada
894CT,894.0,CT,G,10,1,0.0007639419404125,mat,syn,False,nonada,nonada,nonada
894CT,894.0,CT,H,10,1,0.0007639419404125,mat,syn,False,nonada,nonada,nonada
895AG,895.0,AG,H,10,2,0.001527883880825,mat,nonsyn,False,nonada,nonada,nonada
896AG,896.0,AG,G,10,1,0.0007639419404125,mat,nonsyn,False,nonada,nonada,nonada
896AG,896.0,AG,H,10,1,0.0007639419404125,mat,nonsyn,False,nonada,nonada,nonada
903GA,903.0,GA,E,10,2,0.001527883880825,mat,syn,False,nonada,nonada,nonada
903GA,903.0,GA,H,10,1,0.0007639419404125,mat,syn,False,nonada,nonada,nonada
904CT,904.0,CT,G,10,1,0.0007639419404125,mat,nonsyn,True,nonada,nonada,nonada
905GA,905.0,GA,E,10,1,0.0007639419404125,mat,nonsyn,False,nonada,nonada,nonada
906AT,906.0,AT,E,10,1,0.0007639419404125,mat,syn,False,nonada,nonada,nonada
906AT,906.0,AT,H,10,1,0.0007639419404125,mat,syn,False,nonada,nonada,nonada
907CA,907.0,CA,E,10,1,0.0007639419404125,mat,nonsyn,False,nonada,nonada,nonada
907CT,907.0,CT,E,10,1,0.0007639419404125,mat,nonsyn,False,nonada,nonada,nonada
909TC,909.0,TC,E,10,1,0.0007639419404125,mat,syn,False,nonada,nonada,nonada
909TC,909.0,TC,G,10,1,0.0007639419404125,mat,syn,False,nonada,nonada,nonada
911TC,911.0,TC,G,10,1,0.0007639419404125,mat,nonsyn,False,nonada,nonada,nonada
914TC,914.0,TC,E,10,1,0.0007639419404125,mat,nonsyn,False,nonada,nonada,nonada
914TC,914.0,TC,G,10,1,0.0007639419404125,mat,nonsyn,False,nonada,nonada,nonada
918AG,918.0,AG,H,10,1,0.0007639419404125,mat,nonsyn,False,nonada,nonada,nonada
920GT,920.0,GT,E,10,1,0.0007639419404125,mat,nonsyn,False,nonada,nonada,nonada
921GA,921.0,GA,G,10,1,0.0007639419404125,mat,nonsyn,True,nonada,nonada,nonada
921GT,921.0,GT,G,10,1,0.0007639419404125,mat,nonsyn,False,nonada,nonada,nonada
922TC,922.0,TC,G,10,1,0.0007639419404125,mat,nonsyn,False,nonada,nonada,nonada
923TC,923.0,TC,E,10,1,0.0007639419404125,mat,nonsyn,False,nonada,nonada,nonada
924TC,924.0,TC,E,10,1,0.0007639419404125,mat,syn,False,nonada,nonada,nonada
924TC,924.0,TC,H,10,1,0.0007639419404125,mat,syn,False,nonada,nonada,nonada
925TC,925.0,TC,H,10,1,0.0007639419404125,mat,nonsyn,False,nonada,nonada,nonada
926AC,926.0,AC,E,10,1,0.0007639419404125,mat,nonsyn,False,nonada,nonada,nonada
926AG,926.0,AG,G,10,1,0.0007639419404125,mat,nonsyn,False,nonada,nonada,nonada
926AG,926.0,AG,H,10,1,0.0007639419404125,mat,nonsyn,False,nonada,nonada,nonada
927CT,927.0,CT,E,10,1,0.0007639419404125,mat,syn,False,nonada,nonada,nonada
927CT,927.0,CT,G,10,4,0.0030557677616501,mat,syn,False,nonada,nonada,nonada
928AG,928.0,AG,G,10,1,0.0007639419404125,mat,nonsyn,False,nonada,nonada,nonada
928AG,928.0,AG,H,10,1,0.0007639419404125,mat,nonsyn,False,nonada,nonada,nonada
929TA,929.0,TA,G,10,1,0.0007639419404125,mat,nonsyn,False,nonada,nonada,nonada
931AG,931.0,AG,E,10,1,0.0007639419404125,mat,nonsyn,False,nonada,nonada,nonada
931AG,931.0,AG,G,10,1,0.0007639419404125,mat,nonsyn,False,nonada,nonada,nonada
931AT,931.0,AT,G,10,2,0.001527883880825,mat,nonsyn,False,nonada,nonada,nonada
932AG,932.0,AG,H,10,1,0.0007639419404125,mat,nonsyn,False,nonada,nonada,nonada
933CT,933.0,CT,E,10,2,0.001527883880825,mat,syn,False,nonada,nonada,nonada
933CT,933.0,CT,G,10,2,0.001527883880825,mat,syn,False,nonada,nonada,nonada
934GT,934.0,GT,H,10,1,0.0007639419404125,mat,nonsyn,False,nonada,nonada,nonada
936TC,936.0,TC,E,10,1,0.0007639419404125,mat,syn,False,nonada,nonada,nonada
936TC,936.0,TC,G,10,2,0.001527883880825,mat,syn,False,nonada,nonada,nonada
936TC,936.0,TC,H,10,1,0.0007639419404125,mat,syn,False,nonada,nonada,nonada
937GA,937.0,GA,E,10,1,0.0007639419404125,mat,nonsyn,False,nonada,nonada,nonada
938CT,938.0,CT,G,10,2,0.001527883880825,mat,nonsyn,False,nonada,nonada,nonada
939AG,939.0,AG,G,10,1,0.0007639419404125,mat,syn,False,nonada,nonada,nonada
939AG,939.0,AG,H,10,1,0.0007639419404125,mat,syn,False,nonada,nonada,nonada
939AT,939.0,AT,G,10,1,0.0007639419404125,mat,syn,False,nonada,nonada,nonada
940CT,940.0,CT,E,10,1,0.0007639419404125,mat,nonsyn,False,nonada,nonada,nonada
940CT,940.0,CT,H,10,1,0.0007639419404125,mat,nonsyn,False,nonada,nonada,nonada
942TC,942.0,TC,G,10,1,0.0007639419404125,mat,syn,False,nonada,nonada,nonada
942TC,942.0,TC,H,10,1,0.0007639419404125,mat,syn,False,nonada,nonada,nonada
944TG,944.0,TG,H,10,1,0.0007639419404125,mat,nonsyn,False,nonada,nonada,nonada
945GA,945.0,GA,E,10,4,0.0030557677616501,mat,syn,False,nonada,nonada,nonada
945GA,945.0,GA,G,10,1,0.0007639419404125,mat,syn,False,nonada,nonada,nonada
945GA,945.0,GA,H,10,1,0.0007639419404125,mat,syn,False,nonada,nonada,nonada
945GT,945.0,GT,G,10,1,0.0007639419404125,mat,nonsyn,False,nonada,nonada,nonada
945GT,945.0,GT,H,10,1,0.0007639419404125,mat,nonsyn,False,nonada,nonada,nonada
946GA,946.0,GA,E,10,1,0.0007639419404125,mat,nonsyn,False,nonada,nonada,nonada
946GA,946.0,GA,G,10,1,0.0007639419404125,mat,nonsyn,False,nonada,nonada,nonada
946GA,946.0,GA,H,10,1,0.0007639419404125,mat,nonsyn,False,nonada,nonada,nonada
946GT,946.0,GT,G,10,1,0.0007639419404125,mat,nonsyn,False,nonada,nonada,nonada
946GT,946.0,GT,H,10,1,0.0007639419404125,mat,nonsyn,False,nonada,nonada,nonada
947CG,947.0,CG,H,10,1,0.0007639419404125,mat,nonsyn,False,nonada,nonada,nonada
947CT,947.0,CT,G,10,2,0.001527883880825,mat,nonsyn,False,nonada,nonada,nonada
948AG,948.0,AG,E,10,2,0.001527883880825,mat,syn,False,nonada,nonada,nonada
948AG,948.0,AG,G,10,1,0.0007639419404125,mat,syn,False,nonada,nonada,nonada
950GA,950.0,GA,E,10,1,0.0007639419404125,mat,nonsyn,True,nonada,nonada,nonada
952TA,952.0,TA,H,10,1,0.0007639419404125,mat,nonsyn,False,nonada,nonada,nonada
953TC,953.0,TC,E,10,1,0.0007639419404125,mat,nonsyn,False,nonada,nonada,nonada
953TC,953.0,TC,G,10,1,0.0007639419404125,mat,nonsyn,False,nonada,nonada,nonada
953TG,953.0,TG,E,10,1,0.0007639419404125,mat,nonsyn,False,nonada,nonada,nonada
954GA,954.0,GA,G,10,1,0.0007639419404125,mat,syn,False,nonada,nonada,nonada
954GA,954.0,GA,H,10,1,0.0007639419404125,mat,syn,False,nonada,nonada,nonada
954GC,954.0,GC,H,10,1,0.0007639419404125,mat,nonsyn,False,nonada,nonada,nonada
955TC,955.0,TC,E,10,1,0.0007639419404125,mat,nonsyn,False,nonada,nonada,nonada
955TG,955.0,TG,E,10,2,0.001527883880825,mat,nonsyn,False,nonada,nonada,nonada
958TC,958.0,TC,G,10,1,0.0007639419404125,mat,nonsyn,False,nonada,nonada,nonada
958TG,958.0,TG,G,10,1,0.0007639419404125,mat,nonsyn,False,nonada,nonada,nonada
959CT,959.0,CT,H,10,1,0.0007639419404125,mat,nonsyn,False,nonada,nonada,nonada
960TA,960.0,TA,G,10,1,0.0007639419404125,mat,syn,False,nonada,nonada,nonada
960TC,960.0,TC,E,10,3,0.0022918258212375,mat,syn,False,nonada,nonada,nonada
960TC,960.0,TC,G,10,1,0.0007639419404125,mat,syn,False,nonada,nonada,nonada
960TC,960.0,TC,H,10,1,0.0007639419404125,mat,syn,False,nonada,nonada,nonada
961CT,961.0,CT,E,10,1,0.0007639419404125,mat,syn,False,nonada,nonada,nonada
961CT,961.0,CT,G,10,3,0.0022918258212375,mat,syn,False,nonada,nonada,nonada
961CT,961.0,CT,H,10,1,0.0007639419404125,mat,syn,False,nonada,nonada,nonada
962TC,962.0,TC,E,10,1,0.0007639419404125,mat,nonsyn,False,nonada,nonada,nonada
967AG,967.0,AG,G,10,1,0.0007639419404125,mat,nonsyn,False,nonada,nonada,nonada
970TC,970.0,TC,E,10,1,0.0007639419404125,mat,syn,False,nonada,nonada,nonada
970TC,970.0,TC,G,10,2,0.001527883880825,mat,syn,False,nonada,nonada,nonada
971TC,971.0,TC,E,10,1,0.0007639419404125,mat,nonsyn,False,nonada,nonada,nonada
971TC,971.0,TC,G,10,1,0.0007639419404125,mat,nonsyn,False,nonada,nonada,nonada
972GA,972.0,GA,H,10,1,0.0007639419404125,mat,syn,False,nonada,nonada,nonada
973AC,973.0,AC,G,10,1,0.0007639419404125,mat,nonsyn,False,nonada,nonada,nonada
973AG,973.0,AG,E,10,2,0.001527883880825,mat,nonsyn,False,nonada,nonada,nonada
974AG,974.0,AG,E,10,1,0.0007639419404125,mat,nonsyn,False,nonada,nonada,nonada
974AG,974.0,AG,G,10,1,0.0007639419404125,mat,nonsyn,False,nonada,nonada,nonada
975CT,975.0,CT,H,10,1,0.0007639419404125,mat,syn,False,nonada,nonada,nonada
978AG,978.0,AG,E,10,1,0.0007639419404125,mat,syn,False,nonada,nonada,nonada
981AG,981.0,AG,E,10,1,0.0007639419404125,mat,syn,False,nonada,nonada,nonada
981AG,981.0,AG,G,10,1,0.0007639419404125,mat,syn,False,nonada,nonada,nonada
981AT,981.0,AT,E,10,1,0.0007639419404125,mat,syn,False,nonada,nonada,nonada
982GA,982.0,GA,E,10,1,0.0007639419404125,mat,nonsyn,False,nonada,nonada,nonada
982GT,982.0,GT,G,10,1,0.0007639419404125,mat,nonsyn,False,nonada,nonada,nonada
984TC,984.0,TC,E,10,1,0.0007639419404125,mat,syn,False,nonada,nonada,nonada
984TC,984.0,TC,G,10,2,0.001527883880825,mat,syn,False,nonada,nonada,nonada
984TC,984.0,TC,H,10,2,0.001527883880825,mat,syn,False,nonada,nonada,nonada
984TG,984.0,TG,E,10,1,0.0007639419404125,mat,syn,False,nonada,nonada,nonada
985AG,985.0,AG,E,10,1,0.0007639419404125,mat,nonsyn,False,nonada,nonada,nonada
985AG,985.0,AG,G,10,1,0.0007639419404125,mat,nonsyn,False,nonada,nonada,nonada
989TC,989.0,TC,G,10,3,0.0022918258212375,mat,nonsyn,False,nonada,nonada,nonada
989TG,989.0,TG,E,10,1,0.0007639419404125,mat,nonsyn,False,nonada,nonada,nonada
990GT,990.0,GT,G,10,1,0.0007639419404125,mat,syn,False,nonada,nonada,nonada
991TC,991.0,TC,G,10,1,0.0007639419404125,mat,nonsyn,False,nonada,nonada,nonada
991TG,991.0,TG,H,10,1,0.0007639419404125,mat,nonsyn,False,nonada,nonada,nonada
994GA,994.0,GA,E,10,4,0.0030557677616501,mat,nonsyn,False,nonada,nonada,nonada
994GA,994.0,GA,G,10,6,0.0045836516424751,mat,nonsyn,False,nonada,nonada,nonada
994GA,994.0,GA,H,10,4,0.0030557677616501,mat,nonsyn,False,nonada,nonada,nonada
994GT,994.0,GT,E,10,1,0.0007639419404125,mat,nonsyn,True,nonada,nonada,nonada
997AC,997.0,AC,G,10,1,0.0007639419404125,mat,nonsyn,False,nonada,nonada,nonada
997AG,997.0,AG,E,10,1,0.0007639419404125,mat,nonsyn,False,nonada,nonada,nonada
999GT,999.0,GT,E,10,1,0.0007639419404125,mat,nonsyn,False,nonada,nonada,nonada
